scope_order,scope_name,canonical_name,repository_id_graphql,is_private,current_default_branch,current_default_sha,snapshot_kind,snapshot_ref,snapshot_sha,api_sha_equals_scanned_sha,exact_needle_set,exact_needle_count,owned_source_ref_hit_lines,reviewed_or_excluded_sha_hit_lines,owned_source_prefix_hit_lines,tailrocks_velnor_new_at_hit_lines,generic_path_regex_hit_lines,all_uses_line_count,generic_reference_targets,generic_evidence_json,prior_snapshot_disposition,owner_checkpoint_utc,default_head_commit_timestamp_utc,open_pr_record_updated_at_utc
1,jackin-project/jackin,jackin-project/jackin,R_kgDOR2N26Q,false,main,0aa821a088e1bacf3d4d85a4c9faaa67faa85132,default,main,0aa821a088e1bacf3d4d85a4c9faaa67faa85132,true,R1,31,0,0,0,0,97,197,https://github.com/jdx/mise-action ; https://github.com/jdx/mise/releases/download/v${MISE_VERSION} ; https://github.com/jdx/mise/releases/download/v${MISE_VERSION}/mise-v${MISE_VERSION}-linux-${arch}.tar.gz ; https://github.com/mozilla/sccache ; https://github.com/tailrocks/velnor-new ; https://github.com/tailrocks/velnor-new/releases/download/v0.1.0/velnor-actions-0.1.0-aarch64-apple-darwin ; https://github.com/tailrocks/velnor-new/releases/download/v0.1.0/velnor-actions-0.1.0-x86_64-unknown-linux-gnu ; jdx/mise-action@ ; jdx/mise-action@9149ea85001c7435d5a66bb127d6a1b6227cb0a5 ; jdx/mr-boxington-action@9df1d4b18b2147788a7ee7a2c7b84ecf62fd89d3,"{""velnor_new_paths"":[{""path"":"".github/AGENTS.md"",""target"":""https://github.com/tailrocks/velnor-new"",""class"":""documentation"",""lines"":[4,19,25]},{""path"":"".github/workflows/ci.yml"",""target"":""https://github.com/tailrocks/velnor-new/releases/download/v0.1.0/velnor-actions-0.1.0-x86_64-unknown-linux-gnu"",""class"":""staged executable Velnor artifact acquisition"",""lines"":[130,212,299,387,659,931,1203,1475,1747,2019,2262,2534,2806,3078,3350,3622,3894,4166,4438,4710,4982,5254,5526,5798,6070,6342,6614,6886,7158,7430]},{""path"":"".velnor/release-manifest.json"",""target"":""https://github.com/tailrocks/velnor-new/releases/download/v0.1.0/velnor-actions-0.1.0-aarch64-apple-darwin"",""class"":""declarative release-manifest/config"",""lines"":[14]},{""path"":"".velnor/release-manifest.json"",""target"":""https://github.com/tailrocks/velnor-new/releases/download/v0.1.0/velnor-actions-0.1.0-x86_64-unknown-linux-gnu"",""class"":""declarative release-manifest/config"",""lines"":[9]}],""generic_use_or_repo_paths"":[{""path"":"".github/AGENTS.md"",""target"":""https://github.com/tailrocks/velnor-new"",""class"":""documentation"",""lines"":[4,19,25]},{""path"":"".github/workflows/ci.yml"",""target"":""https://github.com/tailrocks/velnor-new/releases/download/v0.1.0/velnor-actions-0.1.0-x86_64-unknown-linux-gnu"",""class"":""staged executable Velnor artifact acquisition"",""lines"":[130,212,299,387,659,931,1203,1475,1747,2019,2262,2534,2806,3078,3350,3622,3894,4166,4438,4710,4982,5254,5526,5798,6070,6342,6614,6886,7158,7430]},{""path"":"".github/workflows/ci.yml"",""target"":""jdx/mise-action@9149ea85001c7435d5a66bb127d6a1b6227cb0a5"",""class"":""staged executable stock tool-setup action"",""lines"":[31,61,276,364,636,908,1180,1452,1724,1996,2239,2511,2783,3055,3327,3599,3871,4143,4415,4687,4959,5231,5503,5775,6047,6319,6591,6863,7135,7407]},{""path"":"".github/workflows/ci.yml"",""target"":""jdx/mr-boxington-action@9df1d4b18b2147788a7ee7a2c7b84ecf62fd89d3"",""class"":""staged executable stock MBX action"",""lines"":[424,696,968,1240,1512,1784,2056,2299,2571,2843,3115,3387,3659,3931,4203,4475,4747,5019,5291,5563,5835,6107,6379,6651,6923,7195,7467]},{""path"":"".velnor/release-manifest.json"",""target"":""https://github.com/tailrocks/velnor-new/releases/download/v0.1.0/velnor-actions-0.1.0-aarch64-apple-darwin"",""class"":""declarative release-manifest/config"",""lines"":[14]},{""path"":"".velnor/release-manifest.json"",""target"":""https://github.com/tailrocks/velnor-new/releases/download/v0.1.0/velnor-actions-0.1.0-x86_64-unknown-linux-gnu"",""class"":""declarative release-manifest/config"",""lines"":[9]},{""path"":""docker/construct/Dockerfile"",""target"":""https://github.com/jdx/mise/releases/download/v${MISE_VERSION}"",""class"":""static repository text"",""lines"":[113]},{""path"":""docs/content/research/engineering/ci/performance/ci-speed-roadmap.mdx"",""target"":""https://github.com/jdx/mise-action"",""class"":""source/template reference; no execution inferred"",""lines"":[161]},{""path"":""docs/content/research/engineering/ci/performance/ci-speed-roadmap.mdx"",""target"":""https://github.com/mozilla/sccache"",""class"":""documentation"",""lines"":[159]},{""path"":""docs/content/research/engineering/ci/rust-tooling/index.mdx"",""target"":""jdx/mise-action@"",""class"":""source/template reference; no execution inferred"",""lines"":[181]},{""path"":""mise.toml"",""target"":""https://github.com/jdx/mise/releases/download/v${MISE_VERSION}/mise-v${MISE_VERSION}-linux-${arch}.tar.gz"",""class"":""static repository text"",""lines"":[805]}]}",NO-CHANGE for retired refs,Jackin owner; migrate #1108 validator before adoption.,2026-10-03T12:25:30Z,
1,jackin-project/jackin,jackin-project/jackin,R_kgDOR2N26Q,false,main,0aa821a088e1bacf3d4d85a4c9faaa67faa85132,pr,#1108 codex/ci-evidence-ledger-20260929,2990df17e25f30afca84804d9c402abc1ce00231,true,R1,31,0,0,0,0,17,179,https://github.com/jdx/mise-action ; https://github.com/jdx/mise/releases/download/v${MISE_VERSION} ; https://github.com/jdx/mise/releases/download/v${MISE_VERSION}/mise-v${MISE_VERSION}-linux-${arch}.tar.gz ; https://github.com/mozilla/sccache ; jdx/mise-action@ ; jdx/mise-action@c2a87611a18de5b3828c5652fe268e992400cb5c ; jdx/mr-boxington-action@867fc530102eec5b756075d70d850dc8330d2272,"{""velnor_new_paths"":[],""generic_use_or_repo_paths"":[{""path"":"".github/workflows/ci-evidence.yml"",""target"":""jdx/mise-action@c2a87611a18de5b3828c5652fe268e992400cb5c"",""class"":""staged executable stock tool-setup action"",""lines"":[31]},{""path"":"".github/workflows/ci-main.yml"",""target"":""jdx/mise-action@c2a87611a18de5b3828c5652fe268e992400cb5c"",""class"":""staged executable stock tool-setup action"",""lines"":[219]},{""path"":"".github/workflows/ci-policy.yml"",""target"":""jdx/mise-action@c2a87611a18de5b3828c5652fe268e992400cb5c"",""class"":""staged executable stock tool-setup action"",""lines"":[118]},{""path"":"".github/workflows/ci-push-head-ledger.yml"",""target"":""jdx/mise-action@c2a87611a18de5b3828c5652fe268e992400cb5c"",""class"":""staged executable stock tool-setup action"",""lines"":[32]},{""path"":"".github/workflows/ci-unit-rust.yml"",""target"":""jdx/mise-action@c2a87611a18de5b3828c5652fe268e992400cb5c"",""class"":""staged executable stock tool-setup action"",""lines"":[281]},{""path"":"".github/workflows/ci-unit-rust.yml"",""target"":""jdx/mr-boxington-action@867fc530102eec5b756075d70d850dc8330d2272"",""class"":""staged executable stock MBX action"",""lines"":[291]},{""path"":"".github/workflows/ci-unit-swift.yml"",""target"":""jdx/mise-action@c2a87611a18de5b3828c5652fe268e992400cb5c"",""class"":""staged executable stock tool-setup action"",""lines"":[235]},{""path"":"".github/workflows/desktop-merge.yml"",""target"":""jdx/mise-action@c2a87611a18de5b3828c5652fe268e992400cb5c"",""class"":""staged executable stock tool-setup action"",""lines"":[34]},{""path"":"".github/workflows/desktop-scheduled.yml"",""target"":""jdx/mise-action@c2a87611a18de5b3828c5652fe268e992400cb5c"",""class"":""staged executable stock tool-setup action"",""lines"":[34]},{""path"":"".github/workflows/release.yml"",""target"":""jdx/mise-action@c2a87611a18de5b3828c5652fe268e992400cb5c"",""class"":""staged executable stock tool-setup action"",""lines"":[42,84]},{""path"":"".github/workflows/renovate-upstream-sources.yml"",""target"":""jdx/mise-action@c2a87611a18de5b3828c5652fe268e992400cb5c"",""class"":""staged executable stock tool-setup action"",""lines"":[31]},{""path"":""docker/construct/Dockerfile"",""target"":""https://github.com/jdx/mise/releases/download/v${MISE_VERSION}"",""class"":""static repository text"",""lines"":[113]},{""path"":""docs/content/research/engineering/ci/performance/ci-speed-roadmap.mdx"",""target"":""https://github.com/jdx/mise-action"",""class"":""source/template reference; no execution inferred"",""lines"":[161]},{""path"":""docs/content/research/engineering/ci/performance/ci-speed-roadmap.mdx"",""target"":""https://github.com/mozilla/sccache"",""class"":""documentation"",""lines"":[159]},{""path"":""docs/content/research/engineering/ci/rust-tooling/index.mdx"",""target"":""jdx/mise-action@"",""class"":""source/template reference; no execution inferred"",""lines"":[181]},{""path"":""mise.toml"",""target"":""https://github.com/jdx/mise/releases/download/v${MISE_VERSION}/mise-v${MISE_VERSION}-linux-${arch}.tar.gz"",""class"":""static repository text"",""lines"":[815]}]}",NO-CHANGE for retired refs,Jackin owner; migrate #1108 validator before adoption.,2026-10-03T12:25:30Z,2026-09-30T10:21:33Z
1,jackin-project/jackin,jackin-project/jackin,R_kgDOR2N26Q,false,main,0aa821a088e1bacf3d4d85a4c9faaa67faa85132,pr,#1111 codex/credential-routing-recovery-20260930,3a28c199f17da335ecd9abd8dd67ebf1aecc0421,true,R1,31,0,0,0,0,97,197,https://github.com/jdx/mise-action ; https://github.com/jdx/mise/releases/download/v${MISE_VERSION} ; https://github.com/jdx/mise/releases/download/v${MISE_VERSION}/mise-v${MISE_VERSION}-linux-${arch}.tar.gz ; https://github.com/mozilla/sccache ; https://github.com/tailrocks/velnor-new ; https://github.com/tailrocks/velnor-new/releases/download/v0.1.0/velnor-actions-0.1.0-aarch64-apple-darwin ; https://github.com/tailrocks/velnor-new/releases/download/v0.1.0/velnor-actions-0.1.0-x86_64-unknown-linux-gnu ; jdx/mise-action@ ; jdx/mise-action@9149ea85001c7435d5a66bb127d6a1b6227cb0a5 ; jdx/mr-boxington-action@9df1d4b18b2147788a7ee7a2c7b84ecf62fd89d3,"{""velnor_new_paths"":[{""path"":"".github/AGENTS.md"",""target"":""https://github.com/tailrocks/velnor-new"",""class"":""documentation"",""lines"":[4,19,25]},{""path"":"".github/workflows/ci.yml"",""target"":""https://github.com/tailrocks/velnor-new/releases/download/v0.1.0/velnor-actions-0.1.0-x86_64-unknown-linux-gnu"",""class"":""staged executable Velnor artifact acquisition"",""lines"":[130,212,299,387,659,931,1203,1475,1747,2019,2262,2534,2806,3078,3350,3622,3894,4166,4438,4710,4982,5254,5526,5798,6070,6342,6614,6886,7158,7430]},{""path"":"".velnor/release-manifest.json"",""target"":""https://github.com/tailrocks/velnor-new/releases/download/v0.1.0/velnor-actions-0.1.0-aarch64-apple-darwin"",""class"":""declarative release-manifest/config"",""lines"":[14]},{""path"":"".velnor/release-manifest.json"",""target"":""https://github.com/tailrocks/velnor-new/releases/download/v0.1.0/velnor-actions-0.1.0-x86_64-unknown-linux-gnu"",""class"":""declarative release-manifest/config"",""lines"":[9]}],""generic_use_or_repo_paths"":[{""path"":"".github/AGENTS.md"",""target"":""https://github.com/tailrocks/velnor-new"",""class"":""documentation"",""lines"":[4,19,25]},{""path"":"".github/workflows/ci.yml"",""target"":""https://github.com/tailrocks/velnor-new/releases/download/v0.1.0/velnor-actions-0.1.0-x86_64-unknown-linux-gnu"",""class"":""staged executable Velnor artifact acquisition"",""lines"":[130,212,299,387,659,931,1203,1475,1747,2019,2262,2534,2806,3078,3350,3622,3894,4166,4438,4710,4982,5254,5526,5798,6070,6342,6614,6886,7158,7430]},{""path"":"".github/workflows/ci.yml"",""target"":""jdx/mise-action@9149ea85001c7435d5a66bb127d6a1b6227cb0a5"",""class"":""staged executable stock tool-setup action"",""lines"":[31,61,276,364,636,908,1180,1452,1724,1996,2239,2511,2783,3055,3327,3599,3871,4143,4415,4687,4959,5231,5503,5775,6047,6319,6591,6863,7135,7407]},{""path"":"".github/workflows/ci.yml"",""target"":""jdx/mr-boxington-action@9df1d4b18b2147788a7ee7a2c7b84ecf62fd89d3"",""class"":""staged executable stock MBX action"",""lines"":[424,696,968,1240,1512,1784,2056,2299,2571,2843,3115,3387,3659,3931,4203,4475,4747,5019,5291,5563,5835,6107,6379,6651,6923,7195,7467]},{""path"":"".velnor/release-manifest.json"",""target"":""https://github.com/tailrocks/velnor-new/releases/download/v0.1.0/velnor-actions-0.1.0-aarch64-apple-darwin"",""class"":""declarative release-manifest/config"",""lines"":[14]},{""path"":"".velnor/release-manifest.json"",""target"":""https://github.com/tailrocks/velnor-new/releases/download/v0.1.0/velnor-actions-0.1.0-x86_64-unknown-linux-gnu"",""class"":""declarative release-manifest/config"",""lines"":[9]},{""path"":""docker/construct/Dockerfile"",""target"":""https://github.com/jdx/mise/releases/download/v${MISE_VERSION}"",""class"":""static repository text"",""lines"":[113]},{""path"":""docs/content/research/engineering/ci/performance/ci-speed-roadmap.mdx"",""target"":""https://github.com/jdx/mise-action"",""class"":""source/template reference; no execution inferred"",""lines"":[164]},{""path"":""docs/content/research/engineering/ci/performance/ci-speed-roadmap.mdx"",""target"":""https://github.com/mozilla/sccache"",""class"":""documentation"",""lines"":[162]},{""path"":""docs/content/research/engineering/ci/rust-tooling/index.mdx"",""target"":""jdx/mise-action@"",""class"":""source/template reference; no execution inferred"",""lines"":[183]},{""path"":""mise.toml"",""target"":""https://github.com/jdx/mise/releases/download/v${MISE_VERSION}/mise-v${MISE_VERSION}-linux-${arch}.tar.gz"",""class"":""static repository text"",""lines"":[805]}]}",NO-CHANGE for retired refs,Jackin owner; migrate #1108 validator before adoption.,2026-10-03T12:25:30Z,2026-10-04T04:14:24Z
2,jackin-project/jackin-agent-smith,jackin-project/jackin-agent-smith,R_kgDOR2amtA,false,main,2e7119b9c668ca7a9c55218b20049885299d198f,default,main,2e7119b9c668ca7a9c55218b20049885299d198f,true,R1,31,0,0,0,0,11,13,https://github.com/tailrocks/velnor-new ; https://github.com/tailrocks/velnor-new/releases/download/v0.1.0/velnor-actions-0.1.0-aarch64-apple-darwin ; https://github.com/tailrocks/velnor-new/releases/download/v0.1.0/velnor-actions-0.1.0-x86_64-unknown-linux-gnu ; jdx/mise-action@9149ea85001c7435d5a66bb127d6a1b6227cb0a5,"{""velnor_new_paths"":[{""path"":"".github/AGENTS.md"",""target"":""https://github.com/tailrocks/velnor-new"",""class"":""documentation"",""lines"":[4,19,25]},{""path"":"".github/workflows/ci.yml"",""target"":""https://github.com/tailrocks/velnor-new/releases/download/v0.1.0/velnor-actions-0.1.0-x86_64-unknown-linux-gnu"",""class"":""staged executable Velnor artifact acquisition"",""lines"":[106,188,248]},{""path"":"".velnor/release-manifest.json"",""target"":""https://github.com/tailrocks/velnor-new/releases/download/v0.1.0/velnor-actions-0.1.0-aarch64-apple-darwin"",""class"":""declarative release-manifest/config"",""lines"":[14]},{""path"":"".velnor/release-manifest.json"",""target"":""https://github.com/tailrocks/velnor-new/releases/download/v0.1.0/velnor-actions-0.1.0-x86_64-unknown-linux-gnu"",""class"":""declarative release-manifest/config"",""lines"":[9]}],""generic_use_or_repo_paths"":[{""path"":"".github/AGENTS.md"",""target"":""https://github.com/tailrocks/velnor-new"",""class"":""documentation"",""lines"":[4,19,25]},{""path"":"".github/workflows/ci.yml"",""target"":""https://github.com/tailrocks/velnor-new/releases/download/v0.1.0/velnor-actions-0.1.0-x86_64-unknown-linux-gnu"",""class"":""staged executable Velnor artifact acquisition"",""lines"":[106,188,248]},{""path"":"".github/workflows/ci.yml"",""target"":""jdx/mise-action@9149ea85001c7435d5a66bb127d6a1b6227cb0a5"",""class"":""staged executable stock tool-setup action"",""lines"":[31,61,225]},{""path"":"".velnor/release-manifest.json"",""target"":""https://github.com/tailrocks/velnor-new/releases/download/v0.1.0/velnor-actions-0.1.0-aarch64-apple-darwin"",""class"":""declarative release-manifest/config"",""lines"":[14]},{""path"":"".velnor/release-manifest.json"",""target"":""https://github.com/tailrocks/velnor-new/releases/download/v0.1.0/velnor-actions-0.1.0-x86_64-unknown-linux-gnu"",""class"":""declarative release-manifest/config"",""lines"":[9]}]}",NO-CHANGE for retired refs,Repo owner; exact-artifact regeneration and deterministic parity.,2026-10-02T13:50:53Z,
3,jackin-project/homebrew-tap,jackin-project/homebrew-tap,R_kgDOR4mQPg,false,main,cd05a0ea2cf68fd6c2753ee938247b2dcd4c7551,default,main,cd05a0ea2cf68fd6c2753ee938247b2dcd4c7551,true,R1,31,0,0,0,0,11,13,https://github.com/tailrocks/velnor-new ; https://github.com/tailrocks/velnor-new/releases/download/v0.1.0/velnor-actions-0.1.0-aarch64-apple-darwin ; https://github.com/tailrocks/velnor-new/releases/download/v0.1.0/velnor-actions-0.1.0-x86_64-unknown-linux-gnu ; jdx/mise-action@9149ea85001c7435d5a66bb127d6a1b6227cb0a5,"{""velnor_new_paths"":[{""path"":"".github/AGENTS.md"",""target"":""https://github.com/tailrocks/velnor-new"",""class"":""documentation"",""lines"":[4,19,25]},{""path"":"".github/workflows/ci.yml"",""target"":""https://github.com/tailrocks/velnor-new/releases/download/v0.1.0/velnor-actions-0.1.0-x86_64-unknown-linux-gnu"",""class"":""staged executable Velnor artifact acquisition"",""lines"":[106,188,248]},{""path"":"".velnor/release-manifest.json"",""target"":""https://github.com/tailrocks/velnor-new/releases/download/v0.1.0/velnor-actions-0.1.0-aarch64-apple-darwin"",""class"":""declarative release-manifest/config"",""lines"":[14]},{""path"":"".velnor/release-manifest.json"",""target"":""https://github.com/tailrocks/velnor-new/releases/download/v0.1.0/velnor-actions-0.1.0-x86_64-unknown-linux-gnu"",""class"":""declarative release-manifest/config"",""lines"":[9]}],""generic_use_or_repo_paths"":[{""path"":"".github/AGENTS.md"",""target"":""https://github.com/tailrocks/velnor-new"",""class"":""documentation"",""lines"":[4,19,25]},{""path"":"".github/workflows/ci.yml"",""target"":""https://github.com/tailrocks/velnor-new/releases/download/v0.1.0/velnor-actions-0.1.0-x86_64-unknown-linux-gnu"",""class"":""staged executable Velnor artifact acquisition"",""lines"":[106,188,248]},{""path"":"".github/workflows/ci.yml"",""target"":""jdx/mise-action@9149ea85001c7435d5a66bb127d6a1b6227cb0a5"",""class"":""staged executable stock tool-setup action"",""lines"":[31,61,225]},{""path"":"".velnor/release-manifest.json"",""target"":""https://github.com/tailrocks/velnor-new/releases/download/v0.1.0/velnor-actions-0.1.0-aarch64-apple-darwin"",""class"":""declarative release-manifest/config"",""lines"":[14]},{""path"":"".velnor/release-manifest.json"",""target"":""https://github.com/tailrocks/velnor-new/releases/download/v0.1.0/velnor-actions-0.1.0-x86_64-unknown-linux-gnu"",""class"":""declarative release-manifest/config"",""lines"":[9]}]}",NO-CHANGE for retired refs,Repo owner; exact-artifact regeneration and deterministic parity.,2026-10-02T13:51:06Z,
4,jackin-project/jackin-role-action,jackin-project/jackin-role-action,R_kgDOR9RlWw,false,main,59e538704b8c119f3b6668cea0154909a6158ff6,default,main,59e538704b8c119f3b6668cea0154909a6158ff6,true,R1,31,0,0,0,0,11,20,https://github.com/tailrocks/velnor-new ; https://github.com/tailrocks/velnor-new/releases/download/v0.1.0/velnor-actions-0.1.0-aarch64-apple-darwin ; https://github.com/tailrocks/velnor-new/releases/download/v0.1.0/velnor-actions-0.1.0-x86_64-unknown-linux-gnu ; jdx/mise-action@9149ea85001c7435d5a66bb127d6a1b6227cb0a5,"{""velnor_new_paths"":[{""path"":"".github/AGENTS.md"",""target"":""https://github.com/tailrocks/velnor-new"",""class"":""documentation"",""lines"":[4,19,25]},{""path"":"".github/workflows/ci.yml"",""target"":""https://github.com/tailrocks/velnor-new/releases/download/v0.1.0/velnor-actions-0.1.0-x86_64-unknown-linux-gnu"",""class"":""staged executable Velnor artifact acquisition"",""lines"":[106,188,248]},{""path"":"".velnor/release-manifest.json"",""target"":""https://github.com/tailrocks/velnor-new/releases/download/v0.1.0/velnor-actions-0.1.0-aarch64-apple-darwin"",""class"":""declarative release-manifest/config"",""lines"":[14]},{""path"":"".velnor/release-manifest.json"",""target"":""https://github.com/tailrocks/velnor-new/releases/download/v0.1.0/velnor-actions-0.1.0-x86_64-unknown-linux-gnu"",""class"":""declarative release-manifest/config"",""lines"":[9]}],""generic_use_or_repo_paths"":[{""path"":"".github/AGENTS.md"",""target"":""https://github.com/tailrocks/velnor-new"",""class"":""documentation"",""lines"":[4,19,25]},{""path"":"".github/workflows/ci.yml"",""target"":""https://github.com/tailrocks/velnor-new/releases/download/v0.1.0/velnor-actions-0.1.0-x86_64-unknown-linux-gnu"",""class"":""staged executable Velnor artifact acquisition"",""lines"":[106,188,248]},{""path"":"".github/workflows/ci.yml"",""target"":""jdx/mise-action@9149ea85001c7435d5a66bb127d6a1b6227cb0a5"",""class"":""staged executable stock tool-setup action"",""lines"":[31,61,225]},{""path"":"".velnor/release-manifest.json"",""target"":""https://github.com/tailrocks/velnor-new/releases/download/v0.1.0/velnor-actions-0.1.0-aarch64-apple-darwin"",""class"":""declarative release-manifest/config"",""lines"":[14]},{""path"":"".velnor/release-manifest.json"",""target"":""https://github.com/tailrocks/velnor-new/releases/download/v0.1.0/velnor-actions-0.1.0-x86_64-unknown-linux-gnu"",""class"":""declarative release-manifest/config"",""lines"":[9]}]}",NO-CHANGE for retired refs,Repo owner; exact-artifact regeneration and deterministic parity.,2026-10-02T13:51:18Z,
5,jackin-project/jackin-sentinel,jackin-project/jackin-sentinel,R_kgDOSqkBpg,false,main,587a0d1a8eef96108c9d9d530bdaa13df91edd2b,default,main,587a0d1a8eef96108c9d9d530bdaa13df91edd2b,true,R1,31,0,0,0,0,11,13,https://github.com/tailrocks/velnor-new ; https://github.com/tailrocks/velnor-new/releases/download/v0.1.0/velnor-actions-0.1.0-aarch64-apple-darwin ; https://github.com/tailrocks/velnor-new/releases/download/v0.1.0/velnor-actions-0.1.0-x86_64-unknown-linux-gnu ; jdx/mise-action@9149ea85001c7435d5a66bb127d6a1b6227cb0a5,"{""velnor_new_paths"":[{""path"":"".github/AGENTS.md"",""target"":""https://github.com/tailrocks/velnor-new"",""class"":""documentation"",""lines"":[4,19,25]},{""path"":"".github/workflows/ci.yml"",""target"":""https://github.com/tailrocks/velnor-new/releases/download/v0.1.0/velnor-actions-0.1.0-x86_64-unknown-linux-gnu"",""class"":""staged executable Velnor artifact acquisition"",""lines"":[106,188,248]},{""path"":"".velnor/release-manifest.json"",""target"":""https://github.com/tailrocks/velnor-new/releases/download/v0.1.0/velnor-actions-0.1.0-aarch64-apple-darwin"",""class"":""declarative release-manifest/config"",""lines"":[14]},{""path"":"".velnor/release-manifest.json"",""target"":""https://github.com/tailrocks/velnor-new/releases/download/v0.1.0/velnor-actions-0.1.0-x86_64-unknown-linux-gnu"",""class"":""declarative release-manifest/config"",""lines"":[9]}],""generic_use_or_repo_paths"":[{""path"":"".github/AGENTS.md"",""target"":""https://github.com/tailrocks/velnor-new"",""class"":""documentation"",""lines"":[4,19,25]},{""path"":"".github/workflows/ci.yml"",""target"":""https://github.com/tailrocks/velnor-new/releases/download/v0.1.0/velnor-actions-0.1.0-x86_64-unknown-linux-gnu"",""class"":""staged executable Velnor artifact acquisition"",""lines"":[106,188,248]},{""path"":"".github/workflows/ci.yml"",""target"":""jdx/mise-action@9149ea85001c7435d5a66bb127d6a1b6227cb0a5"",""class"":""staged executable stock tool-setup action"",""lines"":[31,61,225]},{""path"":"".velnor/release-manifest.json"",""target"":""https://github.com/tailrocks/velnor-new/releases/download/v0.1.0/velnor-actions-0.1.0-aarch64-apple-darwin"",""class"":""declarative release-manifest/config"",""lines"":[14]},{""path"":"".velnor/release-manifest.json"",""target"":""https://github.com/tailrocks/velnor-new/releases/download/v0.1.0/velnor-actions-0.1.0-x86_64-unknown-linux-gnu"",""class"":""declarative release-manifest/config"",""lines"":[9]}]}",NO-CHANGE for retired refs,Repo owner; exact-artifact regeneration and deterministic parity.,2026-10-02T13:51:34Z,
6,jackin-project/jackin-dev,jackin-project/jackin-dev,R_kgDOR5diuQ,false,main,a01b342162bc56cdf1e8bbaab793e73d31c1d621,default,main,a01b342162bc56cdf1e8bbaab793e73d31c1d621,true,R1,31,0,0,0,0,11,13,https://github.com/tailrocks/velnor-new ; https://github.com/tailrocks/velnor-new/releases/download/v0.1.0/velnor-actions-0.1.0-aarch64-apple-darwin ; https://github.com/tailrocks/velnor-new/releases/download/v0.1.0/velnor-actions-0.1.0-x86_64-unknown-linux-gnu ; jdx/mise-action@9149ea85001c7435d5a66bb127d6a1b6227cb0a5,"{""velnor_new_paths"":[{""path"":"".github/AGENTS.md"",""target"":""https://github.com/tailrocks/velnor-new"",""class"":""documentation"",""lines"":[4,19,25]},{""path"":"".github/workflows/ci.yml"",""target"":""https://github.com/tailrocks/velnor-new/releases/download/v0.1.0/velnor-actions-0.1.0-x86_64-unknown-linux-gnu"",""class"":""staged executable Velnor artifact acquisition"",""lines"":[106,188,248]},{""path"":"".velnor/release-manifest.json"",""target"":""https://github.com/tailrocks/velnor-new/releases/download/v0.1.0/velnor-actions-0.1.0-aarch64-apple-darwin"",""class"":""declarative release-manifest/config"",""lines"":[14]},{""path"":"".velnor/release-manifest.json"",""target"":""https://github.com/tailrocks/velnor-new/releases/download/v0.1.0/velnor-actions-0.1.0-x86_64-unknown-linux-gnu"",""class"":""declarative release-manifest/config"",""lines"":[9]}],""generic_use_or_repo_paths"":[{""path"":"".github/AGENTS.md"",""target"":""https://github.com/tailrocks/velnor-new"",""class"":""documentation"",""lines"":[4,19,25]},{""path"":"".github/workflows/ci.yml"",""target"":""https://github.com/tailrocks/velnor-new/releases/download/v0.1.0/velnor-actions-0.1.0-x86_64-unknown-linux-gnu"",""class"":""staged executable Velnor artifact acquisition"",""lines"":[106,188,248]},{""path"":"".github/workflows/ci.yml"",""target"":""jdx/mise-action@9149ea85001c7435d5a66bb127d6a1b6227cb0a5"",""class"":""staged executable stock tool-setup action"",""lines"":[31,61,225]},{""path"":"".velnor/release-manifest.json"",""target"":""https://github.com/tailrocks/velnor-new/releases/download/v0.1.0/velnor-actions-0.1.0-aarch64-apple-darwin"",""class"":""declarative release-manifest/config"",""lines"":[14]},{""path"":"".velnor/release-manifest.json"",""target"":""https://github.com/tailrocks/velnor-new/releases/download/v0.1.0/velnor-actions-0.1.0-x86_64-unknown-linux-gnu"",""class"":""declarative release-manifest/config"",""lines"":[9]}]}",NO-CHANGE for retired refs,Repo owner; exact-artifact regeneration and deterministic parity.,2026-10-02T13:51:48Z,
7,jackin-project/jackin-github-terraform,jackin-project/jackin-github-terraform,R_kgDOR7Mqow,false,main,b43a2314c6b58906d52828115d3b3973026f6a2a,default,main,b43a2314c6b58906d52828115d3b3973026f6a2a,true,R1,31,0,0,0,0,13,19,https://github.com/tailrocks/velnor-new ; https://github.com/tailrocks/velnor-new/releases/download/v0.1.0/velnor-actions-0.1.0-aarch64-apple-darwin ; https://github.com/tailrocks/velnor-new/releases/download/v0.1.0/velnor-actions-0.1.0-x86_64-unknown-linux-gnu ; jdx/mise-action@9149ea85001c7435d5a66bb127d6a1b6227cb0a5,"{""velnor_new_paths"":[{""path"":"".github/AGENTS.md"",""target"":""https://github.com/tailrocks/velnor-new"",""class"":""documentation"",""lines"":[4,19,25]},{""path"":"".github/workflows/ci.yml"",""target"":""https://github.com/tailrocks/velnor-new/releases/download/v0.1.0/velnor-actions-0.1.0-x86_64-unknown-linux-gnu"",""class"":""staged executable Velnor artifact acquisition"",""lines"":[91,167,228,318]},{""path"":"".velnor/release-manifest.json"",""target"":""https://github.com/tailrocks/velnor-new/releases/download/v0.1.0/velnor-actions-0.1.0-aarch64-apple-darwin"",""class"":""declarative release-manifest/config"",""lines"":[14]},{""path"":"".velnor/release-manifest.json"",""target"":""https://github.com/tailrocks/velnor-new/releases/download/v0.1.0/velnor-actions-0.1.0-x86_64-unknown-linux-gnu"",""class"":""declarative release-manifest/config"",""lines"":[9]}],""generic_use_or_repo_paths"":[{""path"":"".github/AGENTS.md"",""target"":""https://github.com/tailrocks/velnor-new"",""class"":""documentation"",""lines"":[4,19,25]},{""path"":"".github/workflows/ci.yml"",""target"":""https://github.com/tailrocks/velnor-new/releases/download/v0.1.0/velnor-actions-0.1.0-x86_64-unknown-linux-gnu"",""class"":""staged executable Velnor artifact acquisition"",""lines"":[91,167,228,318]},{""path"":"".github/workflows/ci.yml"",""target"":""jdx/mise-action@9149ea85001c7435d5a66bb127d6a1b6227cb0a5"",""class"":""staged executable stock tool-setup action"",""lines"":[31,61,205,295]},{""path"":"".velnor/release-manifest.json"",""target"":""https://github.com/tailrocks/velnor-new/releases/download/v0.1.0/velnor-actions-0.1.0-aarch64-apple-darwin"",""class"":""declarative release-manifest/config"",""lines"":[14]},{""path"":"".velnor/release-manifest.json"",""target"":""https://github.com/tailrocks/velnor-new/releases/download/v0.1.0/velnor-actions-0.1.0-x86_64-unknown-linux-gnu"",""class"":""declarative release-manifest/config"",""lines"":[9]}]}",NO-CHANGE for retired refs,Repo owner; exact-artifact regeneration and deterministic parity.,2026-10-02T13:51:59Z,
8,jackin-project/jackin-the-architect,jackin-project/jackin-the-architect,R_kgDOR4S05w,false,main,2cf461e2fed1b95d9fd1e7ba74c10d4d8b1c685d,default,main,2cf461e2fed1b95d9fd1e7ba74c10d4d8b1c685d,true,R1,31,0,0,0,0,11,13,https://github.com/tailrocks/velnor-new ; https://github.com/tailrocks/velnor-new/releases/download/v0.1.0/velnor-actions-0.1.0-aarch64-apple-darwin ; https://github.com/tailrocks/velnor-new/releases/download/v0.1.0/velnor-actions-0.1.0-x86_64-unknown-linux-gnu ; jdx/mise-action@9149ea85001c7435d5a66bb127d6a1b6227cb0a5,"{""velnor_new_paths"":[{""path"":"".github/AGENTS.md"",""target"":""https://github.com/tailrocks/velnor-new"",""class"":""documentation"",""lines"":[4,19,25]},{""path"":"".github/workflows/ci.yml"",""target"":""https://github.com/tailrocks/velnor-new/releases/download/v0.1.0/velnor-actions-0.1.0-x86_64-unknown-linux-gnu"",""class"":""staged executable Velnor artifact acquisition"",""lines"":[106,188,248]},{""path"":"".velnor/release-manifest.json"",""target"":""https://github.com/tailrocks/velnor-new/releases/download/v0.1.0/velnor-actions-0.1.0-aarch64-apple-darwin"",""class"":""declarative release-manifest/config"",""lines"":[14]},{""path"":"".velnor/release-manifest.json"",""target"":""https://github.com/tailrocks/velnor-new/releases/download/v0.1.0/velnor-actions-0.1.0-x86_64-unknown-linux-gnu"",""class"":""declarative release-manifest/config"",""lines"":[9]}],""generic_use_or_repo_paths"":[{""path"":"".github/AGENTS.md"",""target"":""https://github.com/tailrocks/velnor-new"",""class"":""documentation"",""lines"":[4,19,25]},{""path"":"".github/workflows/ci.yml"",""target"":""https://github.com/tailrocks/velnor-new/releases/download/v0.1.0/velnor-actions-0.1.0-x86_64-unknown-linux-gnu"",""class"":""staged executable Velnor artifact acquisition"",""lines"":[106,188,248]},{""path"":"".github/workflows/ci.yml"",""target"":""jdx/mise-action@9149ea85001c7435d5a66bb127d6a1b6227cb0a5"",""class"":""staged executable stock tool-setup action"",""lines"":[31,61,225]},{""path"":"".velnor/release-manifest.json"",""target"":""https://github.com/tailrocks/velnor-new/releases/download/v0.1.0/velnor-actions-0.1.0-aarch64-apple-darwin"",""class"":""declarative release-manifest/config"",""lines"":[14]},{""path"":"".velnor/release-manifest.json"",""target"":""https://github.com/tailrocks/velnor-new/releases/download/v0.1.0/velnor-actions-0.1.0-x86_64-unknown-linux-gnu"",""class"":""declarative release-manifest/config"",""lines"":[9]}]}",NO-CHANGE for retired refs,Repo owner; exact-artifact regeneration and deterministic parity.,2026-10-02T13:52:14Z,
9,tailrocks/github-terraform,tailrocks/github-terraform,R_kgDOS66S8Q,false,main,667eae4d8ecedde5153eb486fefe07a9d00cc3ad,default,main,667eae4d8ecedde5153eb486fefe07a9d00cc3ad,true,R1,31,0,0,0,0,13,19,https://github.com/tailrocks/velnor-new ; https://github.com/tailrocks/velnor-new/releases/download/v0.1.0/velnor-actions-0.1.0-aarch64-apple-darwin ; https://github.com/tailrocks/velnor-new/releases/download/v0.1.0/velnor-actions-0.1.0-x86_64-unknown-linux-gnu ; jdx/mise-action@9149ea85001c7435d5a66bb127d6a1b6227cb0a5,"{""velnor_new_paths"":[{""path"":"".github/AGENTS.md"",""target"":""https://github.com/tailrocks/velnor-new"",""class"":""documentation"",""lines"":[4,19,25]},{""path"":"".github/workflows/ci.yml"",""target"":""https://github.com/tailrocks/velnor-new/releases/download/v0.1.0/velnor-actions-0.1.0-x86_64-unknown-linux-gnu"",""class"":""staged executable Velnor artifact acquisition"",""lines"":[91,167,228,318]},{""path"":"".velnor/release-manifest.json"",""target"":""https://github.com/tailrocks/velnor-new/releases/download/v0.1.0/velnor-actions-0.1.0-aarch64-apple-darwin"",""class"":""declarative release-manifest/config"",""lines"":[14]},{""path"":"".velnor/release-manifest.json"",""target"":""https://github.com/tailrocks/velnor-new/releases/download/v0.1.0/velnor-actions-0.1.0-x86_64-unknown-linux-gnu"",""class"":""declarative release-manifest/config"",""lines"":[9]}],""generic_use_or_repo_paths"":[{""path"":"".github/AGENTS.md"",""target"":""https://github.com/tailrocks/velnor-new"",""class"":""documentation"",""lines"":[4,19,25]},{""path"":"".github/workflows/ci.yml"",""target"":""https://github.com/tailrocks/velnor-new/releases/download/v0.1.0/velnor-actions-0.1.0-x86_64-unknown-linux-gnu"",""class"":""staged executable Velnor artifact acquisition"",""lines"":[91,167,228,318]},{""path"":"".github/workflows/ci.yml"",""target"":""jdx/mise-action@9149ea85001c7435d5a66bb127d6a1b6227cb0a5"",""class"":""staged executable stock tool-setup action"",""lines"":[31,61,205,295]},{""path"":"".velnor/release-manifest.json"",""target"":""https://github.com/tailrocks/velnor-new/releases/download/v0.1.0/velnor-actions-0.1.0-aarch64-apple-darwin"",""class"":""declarative release-manifest/config"",""lines"":[14]},{""path"":"".velnor/release-manifest.json"",""target"":""https://github.com/tailrocks/velnor-new/releases/download/v0.1.0/velnor-actions-0.1.0-x86_64-unknown-linux-gnu"",""class"":""declarative release-manifest/config"",""lines"":[9]}]}",NO-CHANGE for retired refs,Repo owner; resolve unrelated Tofu pin drift separately.,2026-10-02T23:46:19Z,
10,tailrocks/termpane,tailrocks/termpane,R_kgDOUW0YkA,false,main,7cf2f9981ef9a3f7c8fc295a7501a261fba955a8,default,main,7cf2f9981ef9a3f7c8fc295a7501a261fba955a8,true,R1,31,0,0,0,0,28,52,https://github.com/tailrocks/velnor-new ; https://github.com/tailrocks/velnor-new/releases/download/v0.1.0/velnor-actions-0.1.0-aarch64-apple-darwin ; https://github.com/tailrocks/velnor-new/releases/download/v0.1.0/velnor-actions-0.1.0-x86_64-unknown-linux-gnu ; jdx/mise-action@9149ea85001c7435d5a66bb127d6a1b6227cb0a5 ; jdx/mr-boxington-action@9df1d4b18b2147788a7ee7a2c7b84ecf62fd89d3,"{""velnor_new_paths"":[{""path"":"".github/AGENTS.md"",""target"":""https://github.com/tailrocks/velnor-new"",""class"":""documentation"",""lines"":[4,19,25]},{""path"":"".github/workflows/ci.yml"",""target"":""https://github.com/tailrocks/velnor-new/releases/download/v0.1.0/velnor-actions-0.1.0-x86_64-unknown-linux-gnu"",""class"":""staged executable Velnor artifact acquisition"",""lines"":[142,224,288,376,660,944,1170]},{""path"":"".velnor/release-manifest.json"",""target"":""https://github.com/tailrocks/velnor-new/releases/download/v0.1.0/velnor-actions-0.1.0-aarch64-apple-darwin"",""class"":""declarative release-manifest/config"",""lines"":[14]},{""path"":"".velnor/release-manifest.json"",""target"":""https://github.com/tailrocks/velnor-new/releases/download/v0.1.0/velnor-actions-0.1.0-x86_64-unknown-linux-gnu"",""class"":""declarative release-manifest/config"",""lines"":[9]}],""generic_use_or_repo_paths"":[{""path"":"".github/AGENTS.md"",""target"":""https://github.com/tailrocks/velnor-new"",""class"":""documentation"",""lines"":[4,19,25]},{""path"":"".github/workflows/ci.yml"",""target"":""https://github.com/tailrocks/velnor-new/releases/download/v0.1.0/velnor-actions-0.1.0-x86_64-unknown-linux-gnu"",""class"":""staged executable Velnor artifact acquisition"",""lines"":[142,224,288,376,660,944,1170]},{""path"":"".github/workflows/ci.yml"",""target"":""jdx/mise-action@9149ea85001c7435d5a66bb127d6a1b6227cb0a5"",""class"":""staged executable stock tool-setup action"",""lines"":[31,61,265,353,637,921,1147]},{""path"":"".github/workflows/ci.yml"",""target"":""jdx/mr-boxington-action@9df1d4b18b2147788a7ee7a2c7b84ecf62fd89d3"",""class"":""staged executable stock MBX action"",""lines"":[413,697,981,1207]},{""path"":"".github/workflows/release.yml"",""target"":""jdx/mise-action@9149ea85001c7435d5a66bb127d6a1b6227cb0a5"",""class"":""staged executable stock tool-setup action"",""lines"":[51,78,116,154,186]},{""path"":"".velnor/release-manifest.json"",""target"":""https://github.com/tailrocks/velnor-new/releases/download/v0.1.0/velnor-actions-0.1.0-aarch64-apple-darwin"",""class"":""declarative release-manifest/config"",""lines"":[14]},{""path"":"".velnor/release-manifest.json"",""target"":""https://github.com/tailrocks/velnor-new/releases/download/v0.1.0/velnor-actions-0.1.0-x86_64-unknown-linux-gnu"",""class"":""declarative release-manifest/config"",""lines"":[9]}]}",NO-CHANGE for retired refs,Termpane owner; preserve release and stock MBX paths.,2026-10-02T14:03:50Z,
10,tailrocks/termpane,tailrocks/termpane,R_kgDOUW0YkA,false,main,7cf2f9981ef9a3f7c8fc295a7501a261fba955a8,pr,#29 release-plz-2026-10-01T13-43-26Z,5b54efc2bf799f66ca22842d104e02205c5f7677,true,R1,31,0,0,0,0,28,52,https://github.com/tailrocks/velnor-new ; https://github.com/tailrocks/velnor-new/releases/download/v0.1.0/velnor-actions-0.1.0-aarch64-apple-darwin ; https://github.com/tailrocks/velnor-new/releases/download/v0.1.0/velnor-actions-0.1.0-x86_64-unknown-linux-gnu ; jdx/mise-action@9149ea85001c7435d5a66bb127d6a1b6227cb0a5 ; jdx/mr-boxington-action@9df1d4b18b2147788a7ee7a2c7b84ecf62fd89d3,"{""velnor_new_paths"":[{""path"":"".github/AGENTS.md"",""target"":""https://github.com/tailrocks/velnor-new"",""class"":""documentation"",""lines"":[4,19,25]},{""path"":"".github/workflows/ci.yml"",""target"":""https://github.com/tailrocks/velnor-new/releases/download/v0.1.0/velnor-actions-0.1.0-x86_64-unknown-linux-gnu"",""class"":""staged executable Velnor artifact acquisition"",""lines"":[142,224,288,376,660,944,1170]},{""path"":"".velnor/release-manifest.json"",""target"":""https://github.com/tailrocks/velnor-new/releases/download/v0.1.0/velnor-actions-0.1.0-aarch64-apple-darwin"",""class"":""declarative release-manifest/config"",""lines"":[14]},{""path"":"".velnor/release-manifest.json"",""target"":""https://github.com/tailrocks/velnor-new/releases/download/v0.1.0/velnor-actions-0.1.0-x86_64-unknown-linux-gnu"",""class"":""declarative release-manifest/config"",""lines"":[9]}],""generic_use_or_repo_paths"":[{""path"":"".github/AGENTS.md"",""target"":""https://github.com/tailrocks/velnor-new"",""class"":""documentation"",""lines"":[4,19,25]},{""path"":"".github/workflows/ci.yml"",""target"":""https://github.com/tailrocks/velnor-new/releases/download/v0.1.0/velnor-actions-0.1.0-x86_64-unknown-linux-gnu"",""class"":""staged executable Velnor artifact acquisition"",""lines"":[142,224,288,376,660,944,1170]},{""path"":"".github/workflows/ci.yml"",""target"":""jdx/mise-action@9149ea85001c7435d5a66bb127d6a1b6227cb0a5"",""class"":""staged executable stock tool-setup action"",""lines"":[31,61,265,353,637,921,1147]},{""path"":"".github/workflows/ci.yml"",""target"":""jdx/mr-boxington-action@9df1d4b18b2147788a7ee7a2c7b84ecf62fd89d3"",""class"":""staged executable stock MBX action"",""lines"":[413,697,981,1207]},{""path"":"".github/workflows/release.yml"",""target"":""jdx/mise-action@9149ea85001c7435d5a66bb127d6a1b6227cb0a5"",""class"":""staged executable stock tool-setup action"",""lines"":[51,78,116,154,186]},{""path"":"".velnor/release-manifest.json"",""target"":""https://github.com/tailrocks/velnor-new/releases/download/v0.1.0/velnor-actions-0.1.0-aarch64-apple-darwin"",""class"":""declarative release-manifest/config"",""lines"":[14]},{""path"":"".velnor/release-manifest.json"",""target"":""https://github.com/tailrocks/velnor-new/releases/download/v0.1.0/velnor-actions-0.1.0-x86_64-unknown-linux-gnu"",""class"":""declarative release-manifest/config"",""lines"":[9]}]}",NO-CHANGE for retired refs,Termpane owner; preserve release and stock MBX paths.,2026-10-02T14:03:50Z,2026-10-02T14:04:18Z
11,tailrocks/tui-snap,tailrocks/tuiscotti,R_kgDOUP0ZpA,false,main,a47c9aaefb34e4c00026f99d8a8dd7ee5916b274,default,main,a47c9aaefb34e4c00026f99d8a8dd7ee5916b274,true,R1,31,0,0,0,0,64,108,https://github.com/jdx/mr-boxington ; https://github.com/jdx/mr-boxington/.github/workflows/release.yml ; https://github.com/jdx/mr-boxington/releases/download/v1.20.0/mbx-aarch64-apple-darwin.tar.gz ; https://github.com/jdx/mr-boxington/releases/download/v1.20.0/mbx-aarch64-unknown-linux-gnu.tar.gz ; https://github.com/jdx/mr-boxington/releases/download/v1.20.0/mbx-aarch64-unknown-linux-musl.tar.gz ; https://github.com/jdx/mr-boxington/releases/download/v1.20.0/mbx-x86_64-pc-windows-msvc.zip ; https://github.com/jdx/mr-boxington/releases/download/v1.20.0/mbx-x86_64-unknown-linux-gnu.tar.gz ; https://github.com/jdx/mr-boxington/releases/download/v1.20.0/mbx-x86_64-unknown-linux-musl.tar.gz ; https://github.com/jdx/mr-boxington/releases/tag/v1.20.0 ; https://github.com/tailrocks/velnor-new ; https://github.com/tailrocks/velnor-new/pull/1 ; https://github.com/tailrocks/velnor-new/releases/download/v0.1.0/velnor-actions-0.1.0-aarch64-apple-darwin ; https://github.com/tailrocks/velnor-new/releases/download/v0.1.0/velnor-actions-0.1.0-x86_64-unknown-linux-gnu ; jdx/mise-action@9149ea85001c7435d5a66bb127d6a1b6227cb0a5,"{""velnor_new_paths"":[{""path"":"".github/AGENTS.md"",""target"":""https://github.com/tailrocks/velnor-new"",""class"":""documentation"",""lines"":[4,19,25]},{""path"":"".github/workflows/ci.yml"",""target"":""https://github.com/tailrocks/velnor-new/releases/download/v0.1.0/velnor-actions-0.1.0-x86_64-unknown-linux-gnu"",""class"":""staged executable Velnor artifact acquisition"",""lines"":[127,209,287,375,643,911,1179,1418,1657,1925,2193,2461,2729,2997,3265,3533,3801,4069,4337,4605,4873]},{""path"":"".velnor/release-manifest.json"",""target"":""https://github.com/tailrocks/velnor-new/releases/download/v0.1.0/velnor-actions-0.1.0-aarch64-apple-darwin"",""class"":""declarative release-manifest/config"",""lines"":[14]},{""path"":"".velnor/release-manifest.json"",""target"":""https://github.com/tailrocks/velnor-new/releases/download/v0.1.0/velnor-actions-0.1.0-x86_64-unknown-linux-gnu"",""class"":""declarative release-manifest/config"",""lines"":[9]},{""path"":""docs/CLOSURE-LEDGER.md"",""target"":""https://github.com/tailrocks/velnor-new/pull/1"",""class"":""documentation"",""lines"":[161,164,173]}],""generic_use_or_repo_paths"":[{""path"":"".github/AGENTS.md"",""target"":""https://github.com/tailrocks/velnor-new"",""class"":""documentation"",""lines"":[4,19,25]},{""path"":"".github/workflows/ci.yml"",""target"":""https://github.com/tailrocks/velnor-new/releases/download/v0.1.0/velnor-actions-0.1.0-x86_64-unknown-linux-gnu"",""class"":""staged executable Velnor artifact acquisition"",""lines"":[127,209,287,375,643,911,1179,1418,1657,1925,2193,2461,2729,2997,3265,3533,3801,4069,4337,4605,4873]},{""path"":"".github/workflows/ci.yml"",""target"":""jdx/mise-action@9149ea85001c7435d5a66bb127d6a1b6227cb0a5"",""class"":""staged executable stock tool-setup action"",""lines"":[31,61,264,352,620,888,1156,1395,1634,1902,2170,2438,2706,2974,3242,3510,3778,4046,4314,4582,4850]},{""path"":"".velnor/release-manifest.json"",""target"":""https://github.com/tailrocks/velnor-new/releases/download/v0.1.0/velnor-actions-0.1.0-aarch64-apple-darwin"",""class"":""declarative release-manifest/config"",""lines"":[14]},{""path"":"".velnor/release-manifest.json"",""target"":""https://github.com/tailrocks/velnor-new/releases/download/v0.1.0/velnor-actions-0.1.0-x86_64-unknown-linux-gnu"",""class"":""declarative release-manifest/config"",""lines"":[9]},{""path"":""docs/CLOSURE-LEDGER.md"",""target"":""https://github.com/tailrocks/velnor-new/pull/1"",""class"":""documentation"",""lines"":[161,164,173]},{""path"":""docs/packets/REFERENCE-SPEC.md"",""target"":""https://github.com/jdx/mr-boxington"",""class"":""documentation"",""lines"":[473]},{""path"":""docs/packets/REFERENCE-SPEC.md"",""target"":""https://github.com/jdx/mr-boxington/releases/tag/v1.20.0"",""class"":""documentation"",""lines"":[472]},{""path"":""mise.lock"",""target"":""https://github.com/jdx/mr-boxington/.github/workflows/release.yml"",""class"":""static repository text"",""lines"":[124,129,134,139,144,149]},{""path"":""mise.lock"",""target"":""https://github.com/jdx/mr-boxington/releases/download/v1.20.0/mbx-aarch64-apple-darwin.tar.gz"",""class"":""static repository text"",""lines"":[143]},{""path"":""mise.lock"",""target"":""https://github.com/jdx/mr-boxington/releases/download/v1.20.0/mbx-aarch64-unknown-linux-gnu.tar.gz"",""class"":""static repository text"",""lines"":[123]},{""path"":""mise.lock"",""target"":""https://github.com/jdx/mr-boxington/releases/download/v1.20.0/mbx-aarch64-unknown-linux-musl.tar.gz"",""class"":""static repository text"",""lines"":[128]},{""path"":""mise.lock"",""target"":""https://github.com/jdx/mr-boxington/releases/download/v1.20.0/mbx-x86_64-pc-windows-msvc.zip"",""class"":""static repository text"",""lines"":[148]},{""path"":""mise.lock"",""target"":""https://github.com/jdx/mr-boxington/releases/download/v1.20.0/mbx-x86_64-unknown-linux-gnu.tar.gz"",""class"":""static repository text"",""lines"":[133]},{""path"":""mise.lock"",""target"":""https://github.com/jdx/mr-boxington/releases/download/v1.20.0/mbx-x86_64-unknown-linux-musl.tar.gz"",""class"":""static repository text"",""lines"":[138]}]}",NO-CHANGE for retired refs,Repo owner; exact-artifact regeneration and deterministic parity.,2026-10-02T14:04:30Z,
12,tailrocks/velnor,tailrocks/velnor,R_kgDOStNhZQ,false,main,72f0fb14ec8f477fce8a505a624b92837acab85d,default,main,72f0fb14ec8f477fce8a505a624b92837acab85d,true,R1,31,0,0,0,0,91,751,"&[""mozilla-actions/sccache-action""] ; https://github.com/jdx/mise-action/blob/c2a87611a18de5b3828c5652fe268e992400cb5c/action.yml ; https://github.com/jdx/mise-action/tree/c2a87611a18de5b3828c5652fe268e992400cb5c ; https://github.com/jdx/mr-boxington/.github/workflows/release.yml ; https://github.com/jdx/mr-boxington/releases/download/v1.12.0/mbx-aarch64-unknown-linux-gnu.tar.gz ; https://github.com/jdx/mr-boxington/releases/download/v1.12.0/mbx-x86_64-unknown-linux-gnu.tar.gz ; https://github.com/jdx/mr-boxington/releases/tag/v1.12.0 ; https://github.com/tailrocks/velnor-new ; https://github.com/tailrocks/velnor-new/releases/download/v0.1.0/velnor-actions-0.1.0-aarch64-apple-darwin ; https://github.com/tailrocks/velnor-new/releases/download/v0.1.0/velnor-actions-0.1.0-x86_64-unknown-linux-gnu ; jdx/mise-action/sub/action@c2a87611a18de5b3828c5652fe268e992400cb5c ; jdx/mise-action@0123456789012345678901234567890123456789\n ; jdx/mise-action@9149ea85001c7435d5a66bb127d6a1b6227cb0a5 ; jdx/mise-action@c2a87611a18de5b3828c5652fe268e992400cb5c ; jdx/mise-action@v4 ; jdx/mr-boxington-action@9df1d4b18b2147788a7ee7a2c7b84ecf62fd89d3 ; jdx/mr-boxington-action@a20e1ffcd962370fb2b6045c13b7b349f7b03386 ; jdx/mr-boxington-action@{old_revision} ; mozilla-actions/sccache-action@0000000000000000000000000000000000000000 ; mozilla-actions/sccache-action@0123456789012345678901234567890123456789 ; mozilla-actions/sccache-action@v0.0.10 ; {checkout}\n ; {mise}\n","{""velnor_new_paths"":[{""path"":"".github/AGENTS.md"",""target"":""https://github.com/tailrocks/velnor-new"",""class"":""documentation"",""lines"":[4,19,25]},{""path"":"".github/workflows/ci.yml"",""target"":""https://github.com/tailrocks/velnor-new/releases/download/v0.1.0/velnor-actions-0.1.0-x86_64-unknown-linux-gnu"",""class"":""staged executable Velnor artifact acquisition"",""lines"":[142,224,295,383,667,951,1235,1519,1803,2087,2371,2626,2910,3165]},{""path"":"".velnor/release-manifest.json"",""target"":""https://github.com/tailrocks/velnor-new/releases/download/v0.1.0/velnor-actions-0.1.0-aarch64-apple-darwin"",""class"":""declarative release-manifest/config"",""lines"":[14]},{""path"":"".velnor/release-manifest.json"",""target"":""https://github.com/tailrocks/velnor-new/releases/download/v0.1.0/velnor-actions-0.1.0-x86_64-unknown-linux-gnu"",""class"":""declarative release-manifest/config"",""lines"":[9]}],""generic_use_or_repo_paths"":[{""path"":"".github/AGENTS.md"",""target"":""https://github.com/tailrocks/velnor-new"",""class"":""documentation"",""lines"":[4,19,25]},{""path"":"".github/workflows/ci.yml"",""target"":""https://github.com/tailrocks/velnor-new/releases/download/v0.1.0/velnor-actions-0.1.0-x86_64-unknown-linux-gnu"",""class"":""staged executable Velnor artifact acquisition"",""lines"":[142,224,295,383,667,951,1235,1519,1803,2087,2371,2626,2910,3165]},{""path"":"".github/workflows/ci.yml"",""target"":""jdx/mise-action@9149ea85001c7435d5a66bb127d6a1b6227cb0a5"",""class"":""staged executable stock tool-setup action"",""lines"":[31,61,272,360,644,928,1212,1496,1780,2064,2348,2603,2887,3142]},{""path"":"".github/workflows/ci.yml"",""target"":""jdx/mr-boxington-action@9df1d4b18b2147788a7ee7a2c7b84ecf62fd89d3"",""class"":""staged executable stock MBX action"",""lines"":[420,704,988,1272,1556,1840,2124,2408,2663,2947,3202]},{""path"":"".velnor/release-manifest.json"",""target"":""https://github.com/tailrocks/velnor-new/releases/download/v0.1.0/velnor-actions-0.1.0-aarch64-apple-darwin"",""class"":""declarative release-manifest/config"",""lines"":[14]},{""path"":"".velnor/release-manifest.json"",""target"":""https://github.com/tailrocks/velnor-new/releases/download/v0.1.0/velnor-actions-0.1.0-x86_64-unknown-linux-gnu"",""class"":""declarative release-manifest/config"",""lines"":[9]},{""path"":""crates/velnor-runner/src/action.rs"",""target"":""jdx/mise-action/sub/action@c2a87611a18de5b3828c5652fe268e992400cb5c"",""class"":""source/template reference; no execution inferred"",""lines"":[5273]},{""path"":""crates/velnor-runner/src/manifest.rs"",""target"":null,""class"":""product/source text; runtime not inferred"",""lines"":[529]},{""path"":""crates/velnor-runner/src/runner.rs"",""target"":null,""class"":""product/source text; runtime not inferred"",""lines"":[25657]},{""path"":""crates/velnor-runner/src/runner.rs"",""target"":""jdx/mise-action@c2a87611a18de5b3828c5652fe268e992400cb5c"",""class"":""source/template reference; no execution inferred"",""lines"":[25647]},{""path"":""crates/velnor-runner/src/runner.rs"",""target"":""jdx/mise-action@v4"",""class"":""source/template reference; no execution inferred"",""lines"":[19642]},{""path"":""crates/velnor-tools/src/audit_ci.rs"",""target"":""jdx/mise-action@0123456789012345678901234567890123456789\\n"",""class"":""source/template reference; no execution inferred"",""lines"":[4367]},{""path"":""crates/velnor-tools/src/audit_ci.rs"",""target"":""mozilla-actions/sccache-action@0123456789012345678901234567890123456789"",""class"":""source/template reference; no execution inferred"",""lines"":[4179]},{""path"":""crates/velnor-tools/src/main.rs"",""target"":""&[\""mozilla-actions/sccache-action\""]"",""class"":""source/template reference; no execution inferred"",""lines"":[932]},{""path"":""crates/velnor-tools/src/main.rs"",""target"":""mozilla-actions/sccache-action@0000000000000000000000000000000000000000"",""class"":""source/template reference; no execution inferred"",""lines"":[4884]},{""path"":""crates/velnor-workflow/src/lib.rs"",""target"":""jdx/mr-boxington-action@a20e1ffcd962370fb2b6045c13b7b349f7b03386"",""class"":""source/template reference; no execution inferred"",""lines"":[17947,17956,17962,17968,17979,17989,17997,18161,18162]},{""path"":""crates/velnor-workflow/src/lib.rs"",""target"":""jdx/mr-boxington-action@{old_revision}"",""class"":""source/template reference; no execution inferred"",""lines"":[13609]},{""path"":""crates/velnor-workflow/src/primitives/check_profiles.rs"",""target"":""{mise}\\n"",""class"":""product/source text; runtime not inferred"",""lines"":[863,869]},{""path"":""crates/velnor-workflow/src/s2/mod.rs"",""target"":""jdx/mr-boxington-action@a20e1ffcd962370fb2b6045c13b7b349f7b03386"",""class"":""source/template reference; no execution inferred"",""lines"":[17382,17391,17397,17403,17414,17424,17432,17638,17639]},{""path"":""crates/velnor-workflow/src/s2/mod.rs"",""target"":""jdx/mr-boxington-action@{old_revision}"",""class"":""source/template reference; no execution inferred"",""lines"":[12000]},{""path"":""crates/velnor-workflow/src/s2/primitives/check_profiles.rs"",""target"":""{mise}\\n"",""class"":""product/source text; runtime not inferred"",""lines"":[779,785]},{""path"":""crates/velnor-workflow/src/s2/primitives/package_release.rs"",""target"":""{checkout}\\n"",""class"":""product/source text; runtime not inferred"",""lines"":[956]},{""path"":""docker/build-mise.lock"",""target"":""https://github.com/jdx/mr-boxington/.github/workflows/release.yml"",""class"":""static repository text"",""lines"":[13,18]},{""path"":""docker/build-mise.lock"",""target"":""https://github.com/jdx/mr-boxington/releases/download/v1.12.0/mbx-aarch64-unknown-linux-gnu.tar.gz"",""class"":""static repository text"",""lines"":[12]},{""path"":""docker/build-mise.lock"",""target"":""https://github.com/jdx/mr-boxington/releases/download/v1.12.0/mbx-x86_64-unknown-linux-gnu.tar.gz"",""class"":""static repository text"",""lines"":[17]},{""path"":""docker/job-mise.lock"",""target"":""https://github.com/jdx/mr-boxington/.github/workflows/release.yml"",""class"":""static repository text"",""lines"":[142,147]},{""path"":""docker/job-mise.lock"",""target"":""https://github.com/jdx/mr-boxington/releases/download/v1.12.0/mbx-aarch64-unknown-linux-gnu.tar.gz"",""class"":""static repository text"",""lines"":[141]},{""path"":""docker/job-mise.lock"",""target"":""https://github.com/jdx/mr-boxington/releases/download/v1.12.0/mbx-x86_64-unknown-linux-gnu.tar.gz"",""class"":""static repository text"",""lines"":[146]},{""path"":""plans/ci-performance/experiments/V-MISE-LOCK-001.md"",""target"":""https://github.com/jdx/mise-action/tree/c2a87611a18de5b3828c5652fe268e992400cb5c"",""class"":""source/template reference; no execution inferred"",""lines"":[20]},{""path"":""plans/ci-performance/reviews/check-profiles-review.md"",""target"":""https://github.com/jdx/mise-action/blob/c2a87611a18de5b3828c5652fe268e992400cb5c/action.yml"",""class"":""source/template reference; no execution inferred"",""lines"":[47]},{""path"":""plans/ci-performance/reviews/mbx-integration.md"",""target"":""https://github.com/jdx/mr-boxington/releases/tag/v1.12.0"",""class"":""static repository text"",""lines"":[54]},{""path"":""scripts/fixture_audit_test.sh"",""target"":""jdx/mise-action@v4"",""class"":""test/mock or fixture definition"",""lines"":[76]},{""path"":""scripts/fixture_audit_test.sh"",""target"":""mozilla-actions/sccache-action@v0.0.10"",""class"":""test/mock or fixture definition"",""lines"":[79]}]}",NO-CHANGE for retired refs,Velnor owner; reconcile stale API active workflow records.,2026-10-03T20:29:52Z,
12,tailrocks/velnor,tailrocks/velnor,R_kgDOStNhZQ,false,main,72f0fb14ec8f477fce8a505a624b92837acab85d,pr,#1133 codex/consolidate-local-copies-20260929,ef5f10a2b21036de95703c7279e848974ed2dc81,true,R1,31,0,0,0,0,91,746,"&[""mozilla-actions/sccache-action""] ; https://github.com/jdx/mise-action/blob/c2a87611a18de5b3828c5652fe268e992400cb5c/action.yml ; https://github.com/jdx/mise-action/tree/c2a87611a18de5b3828c5652fe268e992400cb5c ; https://github.com/jdx/mr-boxington/.github/workflows/release.yml ; https://github.com/jdx/mr-boxington/releases/download/v1.12.0/mbx-aarch64-unknown-linux-gnu.tar.gz ; https://github.com/jdx/mr-boxington/releases/download/v1.12.0/mbx-x86_64-unknown-linux-gnu.tar.gz ; https://github.com/jdx/mr-boxington/releases/tag/v1.12.0 ; https://github.com/tailrocks/velnor-new ; https://github.com/tailrocks/velnor-new/releases/download/v0.1.0/velnor-actions-0.1.0-aarch64-apple-darwin ; https://github.com/tailrocks/velnor-new/releases/download/v0.1.0/velnor-actions-0.1.0-x86_64-unknown-linux-gnu ; jdx/mise-action/sub/action@c2a87611a18de5b3828c5652fe268e992400cb5c ; jdx/mise-action@0123456789012345678901234567890123456789\n ; jdx/mise-action@9149ea85001c7435d5a66bb127d6a1b6227cb0a5 ; jdx/mise-action@c2a87611a18de5b3828c5652fe268e992400cb5c ; jdx/mise-action@v4 ; jdx/mr-boxington-action@9df1d4b18b2147788a7ee7a2c7b84ecf62fd89d3 ; jdx/mr-boxington-action@a20e1ffcd962370fb2b6045c13b7b349f7b03386 ; jdx/mr-boxington-action@{old_revision} ; mozilla-actions/sccache-action@0000000000000000000000000000000000000000 ; mozilla-actions/sccache-action@0123456789012345678901234567890123456789 ; mozilla-actions/sccache-action@v0.0.10 ; {checkout}\n ; {mise}\n","{""velnor_new_paths"":[{""path"":"".github/AGENTS.md"",""target"":""https://github.com/tailrocks/velnor-new"",""class"":""documentation"",""lines"":[4,19,25]},{""path"":"".github/workflows/ci.yml"",""target"":""https://github.com/tailrocks/velnor-new/releases/download/v0.1.0/velnor-actions-0.1.0-x86_64-unknown-linux-gnu"",""class"":""staged executable Velnor artifact acquisition"",""lines"":[142,224,295,383,667,951,1235,1519,1803,2087,2371,2626,2910,3165]},{""path"":"".velnor/release-manifest.json"",""target"":""https://github.com/tailrocks/velnor-new/releases/download/v0.1.0/velnor-actions-0.1.0-aarch64-apple-darwin"",""class"":""declarative release-manifest/config"",""lines"":[14]},{""path"":"".velnor/release-manifest.json"",""target"":""https://github.com/tailrocks/velnor-new/releases/download/v0.1.0/velnor-actions-0.1.0-x86_64-unknown-linux-gnu"",""class"":""declarative release-manifest/config"",""lines"":[9]}],""generic_use_or_repo_paths"":[{""path"":"".github/AGENTS.md"",""target"":""https://github.com/tailrocks/velnor-new"",""class"":""documentation"",""lines"":[4,19,25]},{""path"":"".github/workflows/ci.yml"",""target"":""https://github.com/tailrocks/velnor-new/releases/download/v0.1.0/velnor-actions-0.1.0-x86_64-unknown-linux-gnu"",""class"":""staged executable Velnor artifact acquisition"",""lines"":[142,224,295,383,667,951,1235,1519,1803,2087,2371,2626,2910,3165]},{""path"":"".github/workflows/ci.yml"",""target"":""jdx/mise-action@9149ea85001c7435d5a66bb127d6a1b6227cb0a5"",""class"":""staged executable stock tool-setup action"",""lines"":[31,61,272,360,644,928,1212,1496,1780,2064,2348,2603,2887,3142]},{""path"":"".github/workflows/ci.yml"",""target"":""jdx/mr-boxington-action@9df1d4b18b2147788a7ee7a2c7b84ecf62fd89d3"",""class"":""staged executable stock MBX action"",""lines"":[420,704,988,1272,1556,1840,2124,2408,2663,2947,3202]},{""path"":"".velnor/release-manifest.json"",""target"":""https://github.com/tailrocks/velnor-new/releases/download/v0.1.0/velnor-actions-0.1.0-aarch64-apple-darwin"",""class"":""declarative release-manifest/config"",""lines"":[14]},{""path"":"".velnor/release-manifest.json"",""target"":""https://github.com/tailrocks/velnor-new/releases/download/v0.1.0/velnor-actions-0.1.0-x86_64-unknown-linux-gnu"",""class"":""declarative release-manifest/config"",""lines"":[9]},{""path"":""crates/velnor-runner/src/action.rs"",""target"":""jdx/mise-action/sub/action@c2a87611a18de5b3828c5652fe268e992400cb5c"",""class"":""source/template reference; no execution inferred"",""lines"":[5273]},{""path"":""crates/velnor-runner/src/manifest.rs"",""target"":null,""class"":""product/source text; runtime not inferred"",""lines"":[529]},{""path"":""crates/velnor-runner/src/runner.rs"",""target"":null,""class"":""product/source text; runtime not inferred"",""lines"":[25829]},{""path"":""crates/velnor-runner/src/runner.rs"",""target"":""jdx/mise-action@c2a87611a18de5b3828c5652fe268e992400cb5c"",""class"":""source/template reference; no execution inferred"",""lines"":[25819]},{""path"":""crates/velnor-runner/src/runner.rs"",""target"":""jdx/mise-action@v4"",""class"":""source/template reference; no execution inferred"",""lines"":[19743]},{""path"":""crates/velnor-tools/src/audit_ci.rs"",""target"":""jdx/mise-action@0123456789012345678901234567890123456789\\n"",""class"":""source/template reference; no execution inferred"",""lines"":[4367]},{""path"":""crates/velnor-tools/src/audit_ci.rs"",""target"":""mozilla-actions/sccache-action@0123456789012345678901234567890123456789"",""class"":""source/template reference; no execution inferred"",""lines"":[4179]},{""path"":""crates/velnor-tools/src/main.rs"",""target"":""&[\""mozilla-actions/sccache-action\""]"",""class"":""source/template reference; no execution inferred"",""lines"":[932]},{""path"":""crates/velnor-tools/src/main.rs"",""target"":""mozilla-actions/sccache-action@0000000000000000000000000000000000000000"",""class"":""source/template reference; no execution inferred"",""lines"":[4884]},{""path"":""crates/velnor-workflow/src/lib.rs"",""target"":""jdx/mr-boxington-action@a20e1ffcd962370fb2b6045c13b7b349f7b03386"",""class"":""source/template reference; no execution inferred"",""lines"":[20163,20172,20178,20184,20195,20205,20213,20377,20378]},{""path"":""crates/velnor-workflow/src/lib.rs"",""target"":""jdx/mr-boxington-action@{old_revision}"",""class"":""source/template reference; no execution inferred"",""lines"":[15823]},{""path"":""crates/velnor-workflow/src/primitives/check_profiles.rs"",""target"":""{mise}\\n"",""class"":""product/source text; runtime not inferred"",""lines"":[667,673]},{""path"":""crates/velnor-workflow/src/s2/mod.rs"",""target"":""jdx/mr-boxington-action@a20e1ffcd962370fb2b6045c13b7b349f7b03386"",""class"":""source/template reference; no execution inferred"",""lines"":[19170,19179,19185,19191,19202,19212,19220,19426,19427]},{""path"":""crates/velnor-workflow/src/s2/mod.rs"",""target"":""jdx/mr-boxington-action@{old_revision}"",""class"":""source/template reference; no execution inferred"",""lines"":[13949]},{""path"":""crates/velnor-workflow/src/s2/primitives/check_profiles.rs"",""target"":""{mise}\\n"",""class"":""product/source text; runtime not inferred"",""lines"":[653,659]},{""path"":""crates/velnor-workflow/src/s2/primitives/package_release.rs"",""target"":""{checkout}\\n"",""class"":""product/source text; runtime not inferred"",""lines"":[963]},{""path"":""docker/build-mise.lock"",""target"":""https://github.com/jdx/mr-boxington/.github/workflows/release.yml"",""class"":""static repository text"",""lines"":[13,18]},{""path"":""docker/build-mise.lock"",""target"":""https://github.com/jdx/mr-boxington/releases/download/v1.12.0/mbx-aarch64-unknown-linux-gnu.tar.gz"",""class"":""static repository text"",""lines"":[12]},{""path"":""docker/build-mise.lock"",""target"":""https://github.com/jdx/mr-boxington/releases/download/v1.12.0/mbx-x86_64-unknown-linux-gnu.tar.gz"",""class"":""static repository text"",""lines"":[17]},{""path"":""docker/job-mise.lock"",""target"":""https://github.com/jdx/mr-boxington/.github/workflows/release.yml"",""class"":""static repository text"",""lines"":[142,147]},{""path"":""docker/job-mise.lock"",""target"":""https://github.com/jdx/mr-boxington/releases/download/v1.12.0/mbx-aarch64-unknown-linux-gnu.tar.gz"",""class"":""static repository text"",""lines"":[141]},{""path"":""docker/job-mise.lock"",""target"":""https://github.com/jdx/mr-boxington/releases/download/v1.12.0/mbx-x86_64-unknown-linux-gnu.tar.gz"",""class"":""static repository text"",""lines"":[146]},{""path"":""plans/ci-performance/experiments/V-MISE-LOCK-001.md"",""target"":""https://github.com/jdx/mise-action/tree/c2a87611a18de5b3828c5652fe268e992400cb5c"",""class"":""source/template reference; no execution inferred"",""lines"":[20]},{""path"":""plans/ci-performance/reviews/check-profiles-review.md"",""target"":""https://github.com/jdx/mise-action/blob/c2a87611a18de5b3828c5652fe268e992400cb5c/action.yml"",""class"":""source/template reference; no execution inferred"",""lines"":[47]},{""path"":""plans/ci-performance/reviews/mbx-integration.md"",""target"":""https://github.com/jdx/mr-boxington/releases/tag/v1.12.0"",""class"":""static repository text"",""lines"":[54]},{""path"":""scripts/fixture_audit_test.sh"",""target"":""jdx/mise-action@v4"",""class"":""test/mock or fixture definition"",""lines"":[76]},{""path"":""scripts/fixture_audit_test.sh"",""target"":""mozilla-actions/sccache-action@v0.0.10"",""class"":""test/mock or fixture definition"",""lines"":[79]}]}",NO-CHANGE for retired refs,Velnor owner; reconcile stale API active workflow records.,2026-10-03T20:29:52Z,2026-10-03T20:22:35Z
13,tailrocks/termrock,tailrocks/termrock,R_kgDOTZuh3w,false,main,e2515bac765f440b11843a25d36ed8f720ae6435,default,main,e2515bac765f440b11843a25d36ed8f720ae6435,true,R1,31,0,0,0,0,25,87,https://github.com/tailrocks/velnor-new ; https://github.com/tailrocks/velnor-new/releases/download/v0.1.0/velnor-actions-0.1.0-aarch64-apple-darwin ; https://github.com/tailrocks/velnor-new/releases/download/v0.1.0/velnor-actions-0.1.0-x86_64-unknown-linux-gnu ; jdx/mise-action@9149ea85001c7435d5a66bb127d6a1b6227cb0a5,"{""velnor_new_paths"":[{""path"":"".github/AGENTS.md"",""target"":""https://github.com/tailrocks/velnor-new"",""class"":""documentation"",""lines"":[4,19,25]},{""path"":"".github/workflows/ci.yml"",""target"":""https://github.com/tailrocks/velnor-new/releases/download/v0.1.0/velnor-actions-0.1.0-x86_64-unknown-linux-gnu"",""class"":""staged executable Velnor artifact acquisition"",""lines"":[151,233,300,388,622,885,1148,1382,1645,1850]},{""path"":"".velnor/release-manifest.json"",""target"":""https://github.com/tailrocks/velnor-new/releases/download/v0.1.0/velnor-actions-0.1.0-aarch64-apple-darwin"",""class"":""declarative release-manifest/config"",""lines"":[14]},{""path"":"".velnor/release-manifest.json"",""target"":""https://github.com/tailrocks/velnor-new/releases/download/v0.1.0/velnor-actions-0.1.0-x86_64-unknown-linux-gnu"",""class"":""declarative release-manifest/config"",""lines"":[9]}],""generic_use_or_repo_paths"":[{""path"":"".github/AGENTS.md"",""target"":""https://github.com/tailrocks/velnor-new"",""class"":""documentation"",""lines"":[4,19,25]},{""path"":"".github/workflows/ci.yml"",""target"":""https://github.com/tailrocks/velnor-new/releases/download/v0.1.0/velnor-actions-0.1.0-x86_64-unknown-linux-gnu"",""class"":""staged executable Velnor artifact acquisition"",""lines"":[151,233,300,388,622,885,1148,1382,1645,1850]},{""path"":"".github/workflows/ci.yml"",""target"":""jdx/mise-action@9149ea85001c7435d5a66bb127d6a1b6227cb0a5"",""class"":""staged executable stock tool-setup action"",""lines"":[31,61,277,365,599,862,1125,1359,1622,1827]},{""path"":"".velnor/release-manifest.json"",""target"":""https://github.com/tailrocks/velnor-new/releases/download/v0.1.0/velnor-actions-0.1.0-aarch64-apple-darwin"",""class"":""declarative release-manifest/config"",""lines"":[14]},{""path"":"".velnor/release-manifest.json"",""target"":""https://github.com/tailrocks/velnor-new/releases/download/v0.1.0/velnor-actions-0.1.0-x86_64-unknown-linux-gnu"",""class"":""declarative release-manifest/config"",""lines"":[9]}]}",NO-CHANGE for retired refs,Repo owner; exact-artifact regeneration and deterministic parity.,2026-10-02T15:48:55Z,
14,tailrocks/parallax,tailrocks/parallax,R_kgDOSag7IQ,false,main,90d901c9d12477e93a56a9e021077ced7c78f9df,default,main,90d901c9d12477e93a56a9e021077ced7c78f9df,true,R1,31,0,0,0,0,65,294,https://github.com/tailrocks/velnor-new ; https://github.com/tailrocks/velnor-new/releases/download/v0.1.0/velnor-actions-0.1.0-aarch64-apple-darwin ; https://github.com/tailrocks/velnor-new/releases/download/v0.1.0/velnor-actions-0.1.0-x86_64-unknown-linux-gnu ; jdx/mise-action@9149ea85001c7435d5a66bb127d6a1b6227cb0a5 ; jdx/mr-boxington-action@9df1d4b18b2147788a7ee7a2c7b84ecf62fd89d3,"{""velnor_new_paths"":[{""path"":"".github/AGENTS.md"",""target"":""https://github.com/tailrocks/velnor-new"",""class"":""documentation"",""lines"":[4,19,25]},{""path"":"".github/workflows/ci.yml"",""target"":""https://github.com/tailrocks/velnor-new/releases/download/v0.1.0/velnor-actions-0.1.0-x86_64-unknown-linux-gnu"",""class"":""staged executable Velnor artifact acquisition"",""lines"":[130,212,290,378,650,922,1165,1437,1709,1981,2224,2496,2768,3040,3312,3584,3856,4128,4400,4672,4944]},{""path"":"".velnor/release-manifest.json"",""target"":""https://github.com/tailrocks/velnor-new/releases/download/v0.1.0/velnor-actions-0.1.0-aarch64-apple-darwin"",""class"":""declarative release-manifest/config"",""lines"":[14]},{""path"":"".velnor/release-manifest.json"",""target"":""https://github.com/tailrocks/velnor-new/releases/download/v0.1.0/velnor-actions-0.1.0-x86_64-unknown-linux-gnu"",""class"":""declarative release-manifest/config"",""lines"":[9]}],""generic_use_or_repo_paths"":[{""path"":"".github/AGENTS.md"",""target"":""https://github.com/tailrocks/velnor-new"",""class"":""documentation"",""lines"":[4,19,25]},{""path"":"".github/workflows/ci.yml"",""target"":""https://github.com/tailrocks/velnor-new/releases/download/v0.1.0/velnor-actions-0.1.0-x86_64-unknown-linux-gnu"",""class"":""staged executable Velnor artifact acquisition"",""lines"":[130,212,290,378,650,922,1165,1437,1709,1981,2224,2496,2768,3040,3312,3584,3856,4128,4400,4672,4944]},{""path"":"".github/workflows/ci.yml"",""target"":""jdx/mise-action@9149ea85001c7435d5a66bb127d6a1b6227cb0a5"",""class"":""staged executable stock tool-setup action"",""lines"":[31,61,267,355,627,899,1142,1414,1686,1958,2201,2473,2745,3017,3289,3561,3833,4105,4377,4649,4921]},{""path"":"".github/workflows/ci.yml"",""target"":""jdx/mr-boxington-action@9df1d4b18b2147788a7ee7a2c7b84ecf62fd89d3"",""class"":""staged executable stock MBX action"",""lines"":[415,687,959,1202,1474,1746,2018,2261,2533,2805,3077,3349,3621,3893,4165,4437,4709,4981]},{""path"":"".velnor/release-manifest.json"",""target"":""https://github.com/tailrocks/velnor-new/releases/download/v0.1.0/velnor-actions-0.1.0-aarch64-apple-darwin"",""class"":""declarative release-manifest/config"",""lines"":[14]},{""path"":"".velnor/release-manifest.json"",""target"":""https://github.com/tailrocks/velnor-new/releases/download/v0.1.0/velnor-actions-0.1.0-x86_64-unknown-linux-gnu"",""class"":""declarative release-manifest/config"",""lines"":[9]}]}",NO-CHANGE for retired refs,Parallax/cache owner; qualify stock MBX lifecycle.,2026-10-02T14:34:35Z,
15,tailrocks/terminal-components-claude,tailrocks/terminal-components-claude,R_kgDOULaOVg,false,main,84482d066c5f0bc531f875f7f9d7716929c1b9c6,default,main,84482d066c5f0bc531f875f7f9d7716929c1b9c6,true,R1,31,0,0,0,0,25,59,https://github.com/tailrocks/velnor-new ; https://github.com/tailrocks/velnor-new/releases/download/v0.1.0/velnor-actions-0.1.0-aarch64-apple-darwin ; https://github.com/tailrocks/velnor-new/releases/download/v0.1.0/velnor-actions-0.1.0-x86_64-unknown-linux-gnu ; jdx/mise-action@9149ea85001c7435d5a66bb127d6a1b6227cb0a5,"{""velnor_new_paths"":[{""path"":"".github/AGENTS.md"",""target"":""https://github.com/tailrocks/velnor-new"",""class"":""documentation"",""lines"":[4,19,25]},{""path"":"".github/workflows/ci.yml"",""target"":""https://github.com/tailrocks/velnor-new/releases/download/v0.1.0/velnor-actions-0.1.0-x86_64-unknown-linux-gnu"",""class"":""staged executable Velnor artifact acquisition"",""lines"":[127,209,276,364,603,842,1081,1320,1559,1798]},{""path"":"".velnor/release-manifest.json"",""target"":""https://github.com/tailrocks/velnor-new/releases/download/v0.1.0/velnor-actions-0.1.0-aarch64-apple-darwin"",""class"":""declarative release-manifest/config"",""lines"":[14]},{""path"":"".velnor/release-manifest.json"",""target"":""https://github.com/tailrocks/velnor-new/releases/download/v0.1.0/velnor-actions-0.1.0-x86_64-unknown-linux-gnu"",""class"":""declarative release-manifest/config"",""lines"":[9]}],""generic_use_or_repo_paths"":[{""path"":"".github/AGENTS.md"",""target"":""https://github.com/tailrocks/velnor-new"",""class"":""documentation"",""lines"":[4,19,25]},{""path"":"".github/workflows/ci.yml"",""target"":""https://github.com/tailrocks/velnor-new/releases/download/v0.1.0/velnor-actions-0.1.0-x86_64-unknown-linux-gnu"",""class"":""staged executable Velnor artifact acquisition"",""lines"":[127,209,276,364,603,842,1081,1320,1559,1798]},{""path"":"".github/workflows/ci.yml"",""target"":""jdx/mise-action@9149ea85001c7435d5a66bb127d6a1b6227cb0a5"",""class"":""staged executable stock tool-setup action"",""lines"":[31,61,253,341,580,819,1058,1297,1536,1775]},{""path"":"".velnor/release-manifest.json"",""target"":""https://github.com/tailrocks/velnor-new/releases/download/v0.1.0/velnor-actions-0.1.0-aarch64-apple-darwin"",""class"":""declarative release-manifest/config"",""lines"":[14]},{""path"":"".velnor/release-manifest.json"",""target"":""https://github.com/tailrocks/velnor-new/releases/download/v0.1.0/velnor-actions-0.1.0-x86_64-unknown-linux-gnu"",""class"":""declarative release-manifest/config"",""lines"":[9]}]}",NO-CHANGE for retired refs,Repo owner; exact-artifact regeneration and deterministic parity.,2026-10-02T17:58:55Z,
16,tailrocks/tailrocks-repository-skills,tailrocks/tailrocks-repository-skills,R_kgDOUmsGhQ,false,main,036063edc58d88cd88f57e4e3a9721ebadf3ad62,default,main,036063edc58d88cd88f57e4e3a9721ebadf3ad62,true,R1,31,0,0,0,0,11,14,https://github.com/tailrocks/velnor-new ; https://github.com/tailrocks/velnor-new/releases/download/v0.1.0/velnor-actions-0.1.0-aarch64-apple-darwin ; https://github.com/tailrocks/velnor-new/releases/download/v0.1.0/velnor-actions-0.1.0-x86_64-unknown-linux-gnu ; jdx/mise-action@9149ea85001c7435d5a66bb127d6a1b6227cb0a5,"{""velnor_new_paths"":[{""path"":"".github/AGENTS.md"",""target"":""https://github.com/tailrocks/velnor-new"",""class"":""documentation"",""lines"":[4,19,25]},{""path"":"".github/workflows/ci.yml"",""target"":""https://github.com/tailrocks/velnor-new/releases/download/v0.1.0/velnor-actions-0.1.0-x86_64-unknown-linux-gnu"",""class"":""staged executable Velnor artifact acquisition"",""lines"":[106,188,248]},{""path"":"".velnor/release-manifest.json"",""target"":""https://github.com/tailrocks/velnor-new/releases/download/v0.1.0/velnor-actions-0.1.0-aarch64-apple-darwin"",""class"":""declarative release-manifest/config"",""lines"":[14]},{""path"":"".velnor/release-manifest.json"",""target"":""https://github.com/tailrocks/velnor-new/releases/download/v0.1.0/velnor-actions-0.1.0-x86_64-unknown-linux-gnu"",""class"":""declarative release-manifest/config"",""lines"":[9]}],""generic_use_or_repo_paths"":[{""path"":"".github/AGENTS.md"",""target"":""https://github.com/tailrocks/velnor-new"",""class"":""documentation"",""lines"":[4,19,25]},{""path"":"".github/workflows/ci.yml"",""target"":""https://github.com/tailrocks/velnor-new/releases/download/v0.1.0/velnor-actions-0.1.0-x86_64-unknown-linux-gnu"",""class"":""staged executable Velnor artifact acquisition"",""lines"":[106,188,248]},{""path"":"".github/workflows/ci.yml"",""target"":""jdx/mise-action@9149ea85001c7435d5a66bb127d6a1b6227cb0a5"",""class"":""staged executable stock tool-setup action"",""lines"":[31,61,225]},{""path"":"".velnor/release-manifest.json"",""target"":""https://github.com/tailrocks/velnor-new/releases/download/v0.1.0/velnor-actions-0.1.0-aarch64-apple-darwin"",""class"":""declarative release-manifest/config"",""lines"":[14]},{""path"":"".velnor/release-manifest.json"",""target"":""https://github.com/tailrocks/velnor-new/releases/download/v0.1.0/velnor-actions-0.1.0-x86_64-unknown-linux-gnu"",""class"":""declarative release-manifest/config"",""lines"":[9]}]}",NO-CHANGE for retired refs,Repo owner; exact-artifact regeneration and deterministic parity.,2026-10-02T14:04:05Z,
17,tailrocks/tailrocks-skills,tailrocks/tailrocks-skills,R_kgDOTL8yqA,false,main,1e9a23a63e0a44abf6a5ef17b69711011316cd9f,default,main,1e9a23a63e0a44abf6a5ef17b69711011316cd9f,true,R1,31,0,0,0,0,11,13,https://github.com/tailrocks/velnor-new ; https://github.com/tailrocks/velnor-new/releases/download/v0.1.0/velnor-actions-0.1.0-aarch64-apple-darwin ; https://github.com/tailrocks/velnor-new/releases/download/v0.1.0/velnor-actions-0.1.0-x86_64-unknown-linux-gnu ; jdx/mise-action@9149ea85001c7435d5a66bb127d6a1b6227cb0a5,"{""velnor_new_paths"":[{""path"":"".github/AGENTS.md"",""target"":""https://github.com/tailrocks/velnor-new"",""class"":""documentation"",""lines"":[4,19,25]},{""path"":"".github/workflows/ci.yml"",""target"":""https://github.com/tailrocks/velnor-new/releases/download/v0.1.0/velnor-actions-0.1.0-x86_64-unknown-linux-gnu"",""class"":""staged executable Velnor artifact acquisition"",""lines"":[106,188,248]},{""path"":"".velnor/release-manifest.json"",""target"":""https://github.com/tailrocks/velnor-new/releases/download/v0.1.0/velnor-actions-0.1.0-aarch64-apple-darwin"",""class"":""declarative release-manifest/config"",""lines"":[14]},{""path"":"".velnor/release-manifest.json"",""target"":""https://github.com/tailrocks/velnor-new/releases/download/v0.1.0/velnor-actions-0.1.0-x86_64-unknown-linux-gnu"",""class"":""declarative release-manifest/config"",""lines"":[9]}],""generic_use_or_repo_paths"":[{""path"":"".github/AGENTS.md"",""target"":""https://github.com/tailrocks/velnor-new"",""class"":""documentation"",""lines"":[4,19,25]},{""path"":"".github/workflows/ci.yml"",""target"":""https://github.com/tailrocks/velnor-new/releases/download/v0.1.0/velnor-actions-0.1.0-x86_64-unknown-linux-gnu"",""class"":""staged executable Velnor artifact acquisition"",""lines"":[106,188,248]},{""path"":"".github/workflows/ci.yml"",""target"":""jdx/mise-action@9149ea85001c7435d5a66bb127d6a1b6227cb0a5"",""class"":""staged executable stock tool-setup action"",""lines"":[31,61,225]},{""path"":"".velnor/release-manifest.json"",""target"":""https://github.com/tailrocks/velnor-new/releases/download/v0.1.0/velnor-actions-0.1.0-aarch64-apple-darwin"",""class"":""declarative release-manifest/config"",""lines"":[14]},{""path"":"".velnor/release-manifest.json"",""target"":""https://github.com/tailrocks/velnor-new/releases/download/v0.1.0/velnor-actions-0.1.0-x86_64-unknown-linux-gnu"",""class"":""declarative release-manifest/config"",""lines"":[9]}]}",NO-CHANGE for retired refs,Repo owner; exact-artifact regeneration and deterministic parity.,2026-10-02T14:04:26Z,
18,tailrocks/tailrocks-pull-request-skills,tailrocks/tailrocks-pull-request-skills,R_kgDOULC0dw,false,main,1b260bab1e356b1123fbbbdcdb17bb7bbf8ae83a,default,main,1b260bab1e356b1123fbbbdcdb17bb7bbf8ae83a,true,R1,31,0,0,0,0,11,15,https://github.com/tailrocks/velnor-new ; https://github.com/tailrocks/velnor-new/releases/download/v0.1.0/velnor-actions-0.1.0-aarch64-apple-darwin ; https://github.com/tailrocks/velnor-new/releases/download/v0.1.0/velnor-actions-0.1.0-x86_64-unknown-linux-gnu ; jdx/mise-action@9149ea85001c7435d5a66bb127d6a1b6227cb0a5,"{""velnor_new_paths"":[{""path"":"".github/AGENTS.md"",""target"":""https://github.com/tailrocks/velnor-new"",""class"":""documentation"",""lines"":[4,19,25]},{""path"":"".github/workflows/ci.yml"",""target"":""https://github.com/tailrocks/velnor-new/releases/download/v0.1.0/velnor-actions-0.1.0-x86_64-unknown-linux-gnu"",""class"":""staged executable Velnor artifact acquisition"",""lines"":[106,188,248]},{""path"":"".velnor/release-manifest.json"",""target"":""https://github.com/tailrocks/velnor-new/releases/download/v0.1.0/velnor-actions-0.1.0-aarch64-apple-darwin"",""class"":""declarative release-manifest/config"",""lines"":[14]},{""path"":"".velnor/release-manifest.json"",""target"":""https://github.com/tailrocks/velnor-new/releases/download/v0.1.0/velnor-actions-0.1.0-x86_64-unknown-linux-gnu"",""class"":""declarative release-manifest/config"",""lines"":[9]}],""generic_use_or_repo_paths"":[{""path"":"".github/AGENTS.md"",""target"":""https://github.com/tailrocks/velnor-new"",""class"":""documentation"",""lines"":[4,19,25]},{""path"":"".github/workflows/ci.yml"",""target"":""https://github.com/tailrocks/velnor-new/releases/download/v0.1.0/velnor-actions-0.1.0-x86_64-unknown-linux-gnu"",""class"":""staged executable Velnor artifact acquisition"",""lines"":[106,188,248]},{""path"":"".github/workflows/ci.yml"",""target"":""jdx/mise-action@9149ea85001c7435d5a66bb127d6a1b6227cb0a5"",""class"":""staged executable stock tool-setup action"",""lines"":[31,61,225]},{""path"":"".velnor/release-manifest.json"",""target"":""https://github.com/tailrocks/velnor-new/releases/download/v0.1.0/velnor-actions-0.1.0-aarch64-apple-darwin"",""class"":""declarative release-manifest/config"",""lines"":[14]},{""path"":"".velnor/release-manifest.json"",""target"":""https://github.com/tailrocks/velnor-new/releases/download/v0.1.0/velnor-actions-0.1.0-x86_64-unknown-linux-gnu"",""class"":""declarative release-manifest/config"",""lines"":[9]}]}",NO-CHANGE for retired refs,Repo owner; exact-artifact regeneration and deterministic parity.,2026-10-02T14:04:48Z,
19,tailrocks/homebrew-velnor,tailrocks/homebrew-velnor,R_kgDOUcFJjA,false,main,a0db8c185b76e1bfab3508124504d0f6361e83b6,default,main,a0db8c185b76e1bfab3508124504d0f6361e83b6,true,R1,31,0,0,0,0,11,13,https://github.com/tailrocks/velnor-new ; https://github.com/tailrocks/velnor-new/releases/download/v0.1.0/velnor-actions-0.1.0-aarch64-apple-darwin ; https://github.com/tailrocks/velnor-new/releases/download/v0.1.0/velnor-actions-0.1.0-x86_64-unknown-linux-gnu ; jdx/mise-action@9149ea85001c7435d5a66bb127d6a1b6227cb0a5,"{""velnor_new_paths"":[{""path"":"".github/AGENTS.md"",""target"":""https://github.com/tailrocks/velnor-new"",""class"":""documentation"",""lines"":[4,19,25]},{""path"":"".github/workflows/ci.yml"",""target"":""https://github.com/tailrocks/velnor-new/releases/download/v0.1.0/velnor-actions-0.1.0-x86_64-unknown-linux-gnu"",""class"":""staged executable Velnor artifact acquisition"",""lines"":[106,188,248]},{""path"":"".velnor/release-manifest.json"",""target"":""https://github.com/tailrocks/velnor-new/releases/download/v0.1.0/velnor-actions-0.1.0-aarch64-apple-darwin"",""class"":""declarative release-manifest/config"",""lines"":[14]},{""path"":"".velnor/release-manifest.json"",""target"":""https://github.com/tailrocks/velnor-new/releases/download/v0.1.0/velnor-actions-0.1.0-x86_64-unknown-linux-gnu"",""class"":""declarative release-manifest/config"",""lines"":[9]}],""generic_use_or_repo_paths"":[{""path"":"".github/AGENTS.md"",""target"":""https://github.com/tailrocks/velnor-new"",""class"":""documentation"",""lines"":[4,19,25]},{""path"":"".github/workflows/ci.yml"",""target"":""https://github.com/tailrocks/velnor-new/releases/download/v0.1.0/velnor-actions-0.1.0-x86_64-unknown-linux-gnu"",""class"":""staged executable Velnor artifact acquisition"",""lines"":[106,188,248]},{""path"":"".github/workflows/ci.yml"",""target"":""jdx/mise-action@9149ea85001c7435d5a66bb127d6a1b6227cb0a5"",""class"":""staged executable stock tool-setup action"",""lines"":[31,61,225]},{""path"":"".velnor/release-manifest.json"",""target"":""https://github.com/tailrocks/velnor-new/releases/download/v0.1.0/velnor-actions-0.1.0-aarch64-apple-darwin"",""class"":""declarative release-manifest/config"",""lines"":[14]},{""path"":"".velnor/release-manifest.json"",""target"":""https://github.com/tailrocks/velnor-new/releases/download/v0.1.0/velnor-actions-0.1.0-x86_64-unknown-linux-gnu"",""class"":""declarative release-manifest/config"",""lines"":[9]}]}",NO-CHANGE for retired refs,Repo owner; exact-artifact regeneration and deterministic parity.,2026-10-02T15:38:57Z,
19,tailrocks/homebrew-velnor,tailrocks/homebrew-velnor,R_kgDOUcFJjA,false,main,a0db8c185b76e1bfab3508124504d0f6361e83b6,pr,#7 codex/homebrew-product-20260923,c75dd2fd2a7f6ecb15f94e7b077eb3c98c475fd1,true,R1,31,0,0,0,0,3,33,jdx/mise-action@c2a87611a18de5b3828c5652fe268e992400cb5c,"{""velnor_new_paths"":[],""generic_use_or_repo_paths"":[{""path"":"".github/workflows/ci-main.yml"",""target"":""jdx/mise-action@c2a87611a18de5b3828c5652fe268e992400cb5c"",""class"":""staged executable stock tool-setup action"",""lines"":[216]},{""path"":"".github/workflows/ci-policy.yml"",""target"":""jdx/mise-action@c2a87611a18de5b3828c5652fe268e992400cb5c"",""class"":""staged executable stock tool-setup action"",""lines"":[118]},{""path"":"".github/workflows/ci-unit-homebrew.yml"",""target"":""jdx/mise-action@c2a87611a18de5b3828c5652fe268e992400cb5c"",""class"":""staged executable stock tool-setup action"",""lines"":[260]}]}",NO-CHANGE for retired refs,Repo owner; exact-artifact regeneration and deterministic parity.,2026-10-02T15:38:57Z,2026-09-23T10:09:36Z
20,tailrocks/velnor-apt,tailrocks/velnor-apt,R_kgDOSxc3og,false,main,115b5c42d7ad5659c8496600fabf6cd8061b64b1,default,main,115b5c42d7ad5659c8496600fabf6cd8061b64b1,true,R1,31,0,0,0,0,11,13,https://github.com/tailrocks/velnor-new ; https://github.com/tailrocks/velnor-new/releases/download/v0.1.0/velnor-actions-0.1.0-aarch64-apple-darwin ; https://github.com/tailrocks/velnor-new/releases/download/v0.1.0/velnor-actions-0.1.0-x86_64-unknown-linux-gnu ; jdx/mise-action@9149ea85001c7435d5a66bb127d6a1b6227cb0a5,"{""velnor_new_paths"":[{""path"":"".github/AGENTS.md"",""target"":""https://github.com/tailrocks/velnor-new"",""class"":""documentation"",""lines"":[4,19,25]},{""path"":"".github/workflows/ci.yml"",""target"":""https://github.com/tailrocks/velnor-new/releases/download/v0.1.0/velnor-actions-0.1.0-x86_64-unknown-linux-gnu"",""class"":""staged executable Velnor artifact acquisition"",""lines"":[106,188,248]},{""path"":"".velnor/release-manifest.json"",""target"":""https://github.com/tailrocks/velnor-new/releases/download/v0.1.0/velnor-actions-0.1.0-aarch64-apple-darwin"",""class"":""declarative release-manifest/config"",""lines"":[14]},{""path"":"".velnor/release-manifest.json"",""target"":""https://github.com/tailrocks/velnor-new/releases/download/v0.1.0/velnor-actions-0.1.0-x86_64-unknown-linux-gnu"",""class"":""declarative release-manifest/config"",""lines"":[9]}],""generic_use_or_repo_paths"":[{""path"":"".github/AGENTS.md"",""target"":""https://github.com/tailrocks/velnor-new"",""class"":""documentation"",""lines"":[4,19,25]},{""path"":"".github/workflows/ci.yml"",""target"":""https://github.com/tailrocks/velnor-new/releases/download/v0.1.0/velnor-actions-0.1.0-x86_64-unknown-linux-gnu"",""class"":""staged executable Velnor artifact acquisition"",""lines"":[106,188,248]},{""path"":"".github/workflows/ci.yml"",""target"":""jdx/mise-action@9149ea85001c7435d5a66bb127d6a1b6227cb0a5"",""class"":""staged executable stock tool-setup action"",""lines"":[31,61,225]},{""path"":"".velnor/release-manifest.json"",""target"":""https://github.com/tailrocks/velnor-new/releases/download/v0.1.0/velnor-actions-0.1.0-aarch64-apple-darwin"",""class"":""declarative release-manifest/config"",""lines"":[14]},{""path"":"".velnor/release-manifest.json"",""target"":""https://github.com/tailrocks/velnor-new/releases/download/v0.1.0/velnor-actions-0.1.0-x86_64-unknown-linux-gnu"",""class"":""declarative release-manifest/config"",""lines"":[9]}]}",NO-CHANGE for retired refs,Repo owner; exact-artifact regeneration and deterministic parity.,2026-10-02T15:40:06Z,
20,tailrocks/velnor-apt,tailrocks/velnor-apt,R_kgDOSxc3og,false,main,115b5c42d7ad5659c8496600fabf6cd8061b64b1,pr,#248 codex/apt-release-discovery-quota-20260923,22101b6a5ee4cc77ee25bbe39fde4b9740f90865,true,R1,31,0,0,0,0,3,44,jdx/mise-action@c2a87611a18de5b3828c5652fe268e992400cb5c,"{""velnor_new_paths"":[],""generic_use_or_repo_paths"":[{""path"":"".github/workflows/ci-main.yml"",""target"":""jdx/mise-action@c2a87611a18de5b3828c5652fe268e992400cb5c"",""class"":""staged executable stock tool-setup action"",""lines"":[216]},{""path"":"".github/workflows/ci-policy.yml"",""target"":""jdx/mise-action@c2a87611a18de5b3828c5652fe268e992400cb5c"",""class"":""staged executable stock tool-setup action"",""lines"":[118]},{""path"":"".github/workflows/ci-unit-docs.yml"",""target"":""jdx/mise-action@c2a87611a18de5b3828c5652fe268e992400cb5c"",""class"":""staged executable stock tool-setup action"",""lines"":[256]}]}",NO-CHANGE for retired refs,Repo owner; exact-artifact regeneration and deterministic parity.,2026-10-02T15:40:06Z,2026-09-23T10:09:36Z
21,tailrocks/parallax-telemetry-playground,tailrocks/parallax-telemetry-playground,R_kgDOTCIThg,false,main,763518791d60d4197d36119a47311e008ae3f5bf,default,main,763518791d60d4197d36119a47311e008ae3f5bf,true,R1,31,0,0,0,0,41,75,https://github.com/tailrocks/velnor-new ; https://github.com/tailrocks/velnor-new/releases/download/v0.1.0/velnor-actions-0.1.0-aarch64-apple-darwin ; https://github.com/tailrocks/velnor-new/releases/download/v0.1.0/velnor-actions-0.1.0-x86_64-unknown-linux-gnu ; jdx/mise-action@9149ea85001c7435d5a66bb127d6a1b6227cb0a5 ; jdx/mr-boxington-action@9df1d4b18b2147788a7ee7a2c7b84ecf62fd89d3,"{""velnor_new_paths"":[{""path"":"".github/AGENTS.md"",""target"":""https://github.com/tailrocks/velnor-new"",""class"":""documentation"",""lines"":[4,19,25]},{""path"":"".github/workflows/ci.yml"",""target"":""https://github.com/tailrocks/velnor-new/releases/download/v0.1.0/velnor-actions-0.1.0-x86_64-unknown-linux-gnu"",""class"":""staged executable Velnor artifact acquisition"",""lines"":[130,212,282,370,584,827,1041,1255,1469,1712,1955,2198,2412]},{""path"":"".velnor/release-manifest.json"",""target"":""https://github.com/tailrocks/velnor-new/releases/download/v0.1.0/velnor-actions-0.1.0-aarch64-apple-darwin"",""class"":""declarative release-manifest/config"",""lines"":[14]},{""path"":"".velnor/release-manifest.json"",""target"":""https://github.com/tailrocks/velnor-new/releases/download/v0.1.0/velnor-actions-0.1.0-x86_64-unknown-linux-gnu"",""class"":""declarative release-manifest/config"",""lines"":[9]}],""generic_use_or_repo_paths"":[{""path"":"".github/AGENTS.md"",""target"":""https://github.com/tailrocks/velnor-new"",""class"":""documentation"",""lines"":[4,19,25]},{""path"":"".github/workflows/ci.yml"",""target"":""https://github.com/tailrocks/velnor-new/releases/download/v0.1.0/velnor-actions-0.1.0-x86_64-unknown-linux-gnu"",""class"":""staged executable Velnor artifact acquisition"",""lines"":[130,212,282,370,584,827,1041,1255,1469,1712,1955,2198,2412]},{""path"":"".github/workflows/ci.yml"",""target"":""jdx/mise-action@9149ea85001c7435d5a66bb127d6a1b6227cb0a5"",""class"":""staged executable stock tool-setup action"",""lines"":[31,61,259,347,561,804,1018,1232,1446,1689,1932,2175,2389]},{""path"":"".github/workflows/ci.yml"",""target"":""jdx/mr-boxington-action@9df1d4b18b2147788a7ee7a2c7b84ecf62fd89d3"",""class"":""staged executable stock MBX action"",""lines"":[407,621,864,1078,1292,1506,1749,1992,2235,2449]},{""path"":"".velnor/release-manifest.json"",""target"":""https://github.com/tailrocks/velnor-new/releases/download/v0.1.0/velnor-actions-0.1.0-aarch64-apple-darwin"",""class"":""declarative release-manifest/config"",""lines"":[14]},{""path"":"".velnor/release-manifest.json"",""target"":""https://github.com/tailrocks/velnor-new/releases/download/v0.1.0/velnor-actions-0.1.0-x86_64-unknown-linux-gnu"",""class"":""declarative release-manifest/config"",""lines"":[9]}]}",NO-CHANGE for retired refs,Repo owner; exact-artifact regeneration and deterministic parity.,2026-10-02T14:56:25Z,
21,tailrocks/parallax-telemetry-playground,tailrocks/parallax-telemetry-playground,R_kgDOTCIThg,false,main,763518791d60d4197d36119a47311e008ae3f5bf,pr,#50 rollout/agent-policy,f334191c02b27a7ecf2ca19c1443439710922611,true,R1,31,0,0,0,0,7,122,jdx/mise-action@c2a87611a18de5b3828c5652fe268e992400cb5c ; jdx/mr-boxington-action@7234d3dd1a6ca8f6c381eea8e4dfb03f18fcf777,"{""velnor_new_paths"":[],""generic_use_or_repo_paths"":[{""path"":"".github/workflows/ci-main.yml"",""target"":""jdx/mise-action@c2a87611a18de5b3828c5652fe268e992400cb5c"",""class"":""staged executable stock tool-setup action"",""lines"":[216]},{""path"":"".github/workflows/ci-main.yml"",""target"":""jdx/mr-boxington-action@7234d3dd1a6ca8f6c381eea8e4dfb03f18fcf777"",""class"":""staged executable stock MBX action"",""lines"":[150]},{""path"":"".github/workflows/ci-policy.yml"",""target"":""jdx/mise-action@c2a87611a18de5b3828c5652fe268e992400cb5c"",""class"":""staged executable stock tool-setup action"",""lines"":[116]},{""path"":"".github/workflows/ci-policy.yml"",""target"":""jdx/mr-boxington-action@7234d3dd1a6ca8f6c381eea8e4dfb03f18fcf777"",""class"":""staged executable stock MBX action"",""lines"":[50]},{""path"":"".github/workflows/ci-unit-rust.yml"",""target"":""jdx/mise-action@c2a87611a18de5b3828c5652fe268e992400cb5c"",""class"":""staged executable stock tool-setup action"",""lines"":[261]},{""path"":"".github/workflows/ci-unit-rust.yml"",""target"":""jdx/mr-boxington-action@7234d3dd1a6ca8f6c381eea8e4dfb03f18fcf777"",""class"":""staged executable stock MBX action"",""lines"":[271,543]}]}",NO-CHANGE for retired refs,Repo owner; exact-artifact regeneration and deterministic parity.,2026-10-02T14:56:25Z,2026-09-21T21:34:50Z
22,tailrocks/velnor-actions-fixture,tailrocks/velnor-actions-fixture,R_kgDOSuAdmA,false,main,1c076c5b5828fb6ba04887885c567da26fe01a69,default,main,1c076c5b5828fb6ba04887885c567da26fe01a69,true,R1,31,0,0,0,0,29,66,https://github.com/tailrocks/velnor-new ; https://github.com/tailrocks/velnor-new/releases/download/v0.1.0/velnor-actions-0.1.0-aarch64-apple-darwin ; https://github.com/tailrocks/velnor-new/releases/download/v0.1.0/velnor-actions-0.1.0-x86_64-unknown-linux-gnu ; jdx/mise-action@9149ea85001c7435d5a66bb127d6a1b6227cb0a5 ; jdx/mr-boxington-action@9df1d4b18b2147788a7ee7a2c7b84ecf62fd89d3,"{""velnor_new_paths"":[{""path"":"".github/AGENTS.md"",""target"":""https://github.com/tailrocks/velnor-new"",""class"":""documentation"",""lines"":[4,19,25]},{""path"":"".github/workflows/ci.yml"",""target"":""https://github.com/tailrocks/velnor-new/releases/download/v0.1.0/velnor-actions-0.1.0-x86_64-unknown-linux-gnu"",""class"":""staged executable Velnor artifact acquisition"",""lines"":[130,212,278,366,551,736,950,1164,1378]},{""path"":"".velnor/release-manifest.json"",""target"":""https://github.com/tailrocks/velnor-new/releases/download/v0.1.0/velnor-actions-0.1.0-aarch64-apple-darwin"",""class"":""declarative release-manifest/config"",""lines"":[14]},{""path"":"".velnor/release-manifest.json"",""target"":""https://github.com/tailrocks/velnor-new/releases/download/v0.1.0/velnor-actions-0.1.0-x86_64-unknown-linux-gnu"",""class"":""declarative release-manifest/config"",""lines"":[9]}],""generic_use_or_repo_paths"":[{""path"":"".github/AGENTS.md"",""target"":""https://github.com/tailrocks/velnor-new"",""class"":""documentation"",""lines"":[4,19,25]},{""path"":"".github/workflows/ci.yml"",""target"":""https://github.com/tailrocks/velnor-new/releases/download/v0.1.0/velnor-actions-0.1.0-x86_64-unknown-linux-gnu"",""class"":""staged executable Velnor artifact acquisition"",""lines"":[130,212,278,366,551,736,950,1164,1378]},{""path"":"".github/workflows/ci.yml"",""target"":""jdx/mise-action@9149ea85001c7435d5a66bb127d6a1b6227cb0a5"",""class"":""staged executable stock tool-setup action"",""lines"":[31,61,255,343,528,713,927,1141,1355]},{""path"":"".github/workflows/ci.yml"",""target"":""jdx/mr-boxington-action@9df1d4b18b2147788a7ee7a2c7b84ecf62fd89d3"",""class"":""staged executable stock MBX action"",""lines"":[403,588,773,987,1201,1415]},{""path"":"".velnor/release-manifest.json"",""target"":""https://github.com/tailrocks/velnor-new/releases/download/v0.1.0/velnor-actions-0.1.0-aarch64-apple-darwin"",""class"":""declarative release-manifest/config"",""lines"":[14]},{""path"":"".velnor/release-manifest.json"",""target"":""https://github.com/tailrocks/velnor-new/releases/download/v0.1.0/velnor-actions-0.1.0-x86_64-unknown-linux-gnu"",""class"":""declarative release-manifest/config"",""lines"":[9]}]}",HOLD / NO-CHANGE for retired refs,Fixture + Velnor owners; disposition docs and retired hosted triggers.,2026-10-02T14:10:58Z,
23,tailrocks/holla,tailrocks/holla,R_kgDOSzvI3A,false,main,c756189538c776eaa563ff83a5488e1ac96600c9,default,main,c756189538c776eaa563ff83a5488e1ac96600c9,true,R1,31,0,0,0,0,14,26,https://github.com/tailrocks/velnor-new ; https://github.com/tailrocks/velnor-new/releases/download/v0.1.0/velnor-actions-0.1.0-aarch64-apple-darwin ; https://github.com/tailrocks/velnor-new/releases/download/v0.1.0/velnor-actions-0.1.0-x86_64-unknown-linux-gnu ; jdx/mise-action@9149ea85001c7435d5a66bb127d6a1b6227cb0a5 ; jdx/mr-boxington-action@9df1d4b18b2147788a7ee7a2c7b84ecf62fd89d3,"{""velnor_new_paths"":[{""path"":"".github/AGENTS.md"",""target"":""https://github.com/tailrocks/velnor-new"",""class"":""documentation"",""lines"":[4,19,25]},{""path"":"".github/workflows/ci.yml"",""target"":""https://github.com/tailrocks/velnor-new/releases/download/v0.1.0/velnor-actions-0.1.0-x86_64-unknown-linux-gnu"",""class"":""staged executable Velnor artifact acquisition"",""lines"":[130,212,273,361]},{""path"":"".velnor/release-manifest.json"",""target"":""https://github.com/tailrocks/velnor-new/releases/download/v0.1.0/velnor-actions-0.1.0-aarch64-apple-darwin"",""class"":""declarative release-manifest/config"",""lines"":[14]},{""path"":"".velnor/release-manifest.json"",""target"":""https://github.com/tailrocks/velnor-new/releases/download/v0.1.0/velnor-actions-0.1.0-x86_64-unknown-linux-gnu"",""class"":""declarative release-manifest/config"",""lines"":[9]}],""generic_use_or_repo_paths"":[{""path"":"".github/AGENTS.md"",""target"":""https://github.com/tailrocks/velnor-new"",""class"":""documentation"",""lines"":[4,19,25]},{""path"":"".github/workflows/ci.yml"",""target"":""https://github.com/tailrocks/velnor-new/releases/download/v0.1.0/velnor-actions-0.1.0-x86_64-unknown-linux-gnu"",""class"":""staged executable Velnor artifact acquisition"",""lines"":[130,212,273,361]},{""path"":"".github/workflows/ci.yml"",""target"":""jdx/mise-action@9149ea85001c7435d5a66bb127d6a1b6227cb0a5"",""class"":""staged executable stock tool-setup action"",""lines"":[31,61,250,338]},{""path"":"".github/workflows/ci.yml"",""target"":""jdx/mr-boxington-action@9df1d4b18b2147788a7ee7a2c7b84ecf62fd89d3"",""class"":""staged executable stock MBX action"",""lines"":[398]},{""path"":"".velnor/release-manifest.json"",""target"":""https://github.com/tailrocks/velnor-new/releases/download/v0.1.0/velnor-actions-0.1.0-aarch64-apple-darwin"",""class"":""declarative release-manifest/config"",""lines"":[14]},{""path"":"".velnor/release-manifest.json"",""target"":""https://github.com/tailrocks/velnor-new/releases/download/v0.1.0/velnor-actions-0.1.0-x86_64-unknown-linux-gnu"",""class"":""declarative release-manifest/config"",""lines"":[9]}]}",NO-CHANGE for retired refs,Repo owner; exact-artifact regeneration and deterministic parity.,2026-10-02T14:22:49Z,
23,tailrocks/holla,tailrocks/holla,R_kgDOSzvI3A,false,main,c756189538c776eaa563ff83a5488e1ac96600c9,pr,#197 renovate/fff-search-digest,ff0380b60f0d421d613415058e31f38a04d093e7,true,R1,31,0,0,0,0,12,68,jdx/mise-action@c2a87611a18de5b3828c5652fe268e992400cb5c ; mozilla-actions/sccache-action@fc920bf0ec8de6ee65d409111f7ec508035751ba,"{""velnor_new_paths"":[],""generic_use_or_repo_paths"":[{""path"":"".github/workflows/preview.yml"",""target"":""jdx/mise-action@c2a87611a18de5b3828c5652fe268e992400cb5c"",""class"":""staged executable stock tool-setup action"",""lines"":[161,241]},{""path"":"".github/workflows/preview.yml"",""target"":""mozilla-actions/sccache-action@fc920bf0ec8de6ee65d409111f7ec508035751ba"",""class"":""staged executable stock cache action"",""lines"":[156,236]},{""path"":"".github/workflows/release-deb.yml"",""target"":""jdx/mise-action@c2a87611a18de5b3828c5652fe268e992400cb5c"",""class"":""staged executable stock tool-setup action"",""lines"":[76]},{""path"":"".github/workflows/release-deb.yml"",""target"":""mozilla-actions/sccache-action@fc920bf0ec8de6ee65d409111f7ec508035751ba"",""class"":""staged executable stock cache action"",""lines"":[71]},{""path"":"".github/workflows/release.yml"",""target"":""jdx/mise-action@c2a87611a18de5b3828c5652fe268e992400cb5c"",""class"":""staged executable stock tool-setup action"",""lines"":[116,171,249]},{""path"":"".github/workflows/release.yml"",""target"":""mozilla-actions/sccache-action@fc920bf0ec8de6ee65d409111f7ec508035751ba"",""class"":""staged executable stock cache action"",""lines"":[111,166,244]}]}",NO-CHANGE for retired refs,Repo owner; exact-artifact regeneration and deterministic parity.,2026-10-02T14:22:49Z,2026-09-14T11:56:48Z
23,tailrocks/holla,tailrocks/holla,R_kgDOSzvI3A,false,main,c756189538c776eaa563ff83a5488e1ac96600c9,pr,#198 renovate/termrock-digest,78bef1342e78be846b2f6a671575f0862e863b1e,true,R1,31,0,0,0,0,12,68,jdx/mise-action@c2a87611a18de5b3828c5652fe268e992400cb5c ; mozilla-actions/sccache-action@fc920bf0ec8de6ee65d409111f7ec508035751ba,"{""velnor_new_paths"":[],""generic_use_or_repo_paths"":[{""path"":"".github/workflows/preview.yml"",""target"":""jdx/mise-action@c2a87611a18de5b3828c5652fe268e992400cb5c"",""class"":""staged executable stock tool-setup action"",""lines"":[161,241]},{""path"":"".github/workflows/preview.yml"",""target"":""mozilla-actions/sccache-action@fc920bf0ec8de6ee65d409111f7ec508035751ba"",""class"":""staged executable stock cache action"",""lines"":[156,236]},{""path"":"".github/workflows/release-deb.yml"",""target"":""jdx/mise-action@c2a87611a18de5b3828c5652fe268e992400cb5c"",""class"":""staged executable stock tool-setup action"",""lines"":[76]},{""path"":"".github/workflows/release-deb.yml"",""target"":""mozilla-actions/sccache-action@fc920bf0ec8de6ee65d409111f7ec508035751ba"",""class"":""staged executable stock cache action"",""lines"":[71]},{""path"":"".github/workflows/release.yml"",""target"":""jdx/mise-action@c2a87611a18de5b3828c5652fe268e992400cb5c"",""class"":""staged executable stock tool-setup action"",""lines"":[116,171,249]},{""path"":"".github/workflows/release.yml"",""target"":""mozilla-actions/sccache-action@fc920bf0ec8de6ee65d409111f7ec508035751ba"",""class"":""staged executable stock cache action"",""lines"":[111,166,244]}]}",NO-CHANGE for retired refs,Repo owner; exact-artifact regeneration and deterministic parity.,2026-10-02T14:22:49Z,2026-09-13T11:13:33Z
23,tailrocks/holla,tailrocks/holla,R_kgDOSzvI3A,false,main,c756189538c776eaa563ff83a5488e1ac96600c9,pr,#199 renovate/rust-1.x,302aa82b97ffc9a19c9f7754ab847fc85af7adf5,true,R1,31,0,0,0,0,12,68,jdx/mise-action@c2a87611a18de5b3828c5652fe268e992400cb5c ; mozilla-actions/sccache-action@fc920bf0ec8de6ee65d409111f7ec508035751ba,"{""velnor_new_paths"":[],""generic_use_or_repo_paths"":[{""path"":"".github/workflows/preview.yml"",""target"":""jdx/mise-action@c2a87611a18de5b3828c5652fe268e992400cb5c"",""class"":""staged executable stock tool-setup action"",""lines"":[161,241]},{""path"":"".github/workflows/preview.yml"",""target"":""mozilla-actions/sccache-action@fc920bf0ec8de6ee65d409111f7ec508035751ba"",""class"":""staged executable stock cache action"",""lines"":[156,236]},{""path"":"".github/workflows/release-deb.yml"",""target"":""jdx/mise-action@c2a87611a18de5b3828c5652fe268e992400cb5c"",""class"":""staged executable stock tool-setup action"",""lines"":[76]},{""path"":"".github/workflows/release-deb.yml"",""target"":""mozilla-actions/sccache-action@fc920bf0ec8de6ee65d409111f7ec508035751ba"",""class"":""staged executable stock cache action"",""lines"":[71]},{""path"":"".github/workflows/release.yml"",""target"":""jdx/mise-action@c2a87611a18de5b3828c5652fe268e992400cb5c"",""class"":""staged executable stock tool-setup action"",""lines"":[116,171,249]},{""path"":"".github/workflows/release.yml"",""target"":""mozilla-actions/sccache-action@fc920bf0ec8de6ee65d409111f7ec508035751ba"",""class"":""staged executable stock cache action"",""lines"":[111,166,244]}]}",NO-CHANGE for retired refs,Repo owner; exact-artifact regeneration and deterministic parity.,2026-10-02T14:22:49Z,2026-09-13T11:14:55Z
23,tailrocks/holla,tailrocks/holla,R_kgDOSzvI3A,false,main,c756189538c776eaa563ff83a5488e1ac96600c9,pr,#200 renovate/toml-1.x,7fa500bfed3a8a674f98e2e26748886ba463b3a0,true,R1,31,0,0,0,0,12,68,jdx/mise-action@c2a87611a18de5b3828c5652fe268e992400cb5c ; mozilla-actions/sccache-action@fc920bf0ec8de6ee65d409111f7ec508035751ba,"{""velnor_new_paths"":[],""generic_use_or_repo_paths"":[{""path"":"".github/workflows/preview.yml"",""target"":""jdx/mise-action@c2a87611a18de5b3828c5652fe268e992400cb5c"",""class"":""staged executable stock tool-setup action"",""lines"":[161,241]},{""path"":"".github/workflows/preview.yml"",""target"":""mozilla-actions/sccache-action@fc920bf0ec8de6ee65d409111f7ec508035751ba"",""class"":""staged executable stock cache action"",""lines"":[156,236]},{""path"":"".github/workflows/release-deb.yml"",""target"":""jdx/mise-action@c2a87611a18de5b3828c5652fe268e992400cb5c"",""class"":""staged executable stock tool-setup action"",""lines"":[76]},{""path"":"".github/workflows/release-deb.yml"",""target"":""mozilla-actions/sccache-action@fc920bf0ec8de6ee65d409111f7ec508035751ba"",""class"":""staged executable stock cache action"",""lines"":[71]},{""path"":"".github/workflows/release.yml"",""target"":""jdx/mise-action@c2a87611a18de5b3828c5652fe268e992400cb5c"",""class"":""staged executable stock tool-setup action"",""lines"":[116,171,249]},{""path"":"".github/workflows/release.yml"",""target"":""mozilla-actions/sccache-action@fc920bf0ec8de6ee65d409111f7ec508035751ba"",""class"":""staged executable stock cache action"",""lines"":[111,166,244]}]}",NO-CHANGE for retired refs,Repo owner; exact-artifact regeneration and deterministic parity.,2026-10-02T14:22:49Z,2026-09-13T11:13:27Z
23,tailrocks/holla,tailrocks/holla,R_kgDOSzvI3A,false,main,c756189538c776eaa563ff83a5488e1ac96600c9,pr,#201 renovate/trash-5.x,0ac85d5f48c9cee4777c4e9ffa5023ce747f543b,true,R1,31,0,0,0,0,12,68,jdx/mise-action@c2a87611a18de5b3828c5652fe268e992400cb5c ; mozilla-actions/sccache-action@fc920bf0ec8de6ee65d409111f7ec508035751ba,"{""velnor_new_paths"":[],""generic_use_or_repo_paths"":[{""path"":"".github/workflows/preview.yml"",""target"":""jdx/mise-action@c2a87611a18de5b3828c5652fe268e992400cb5c"",""class"":""staged executable stock tool-setup action"",""lines"":[161,241]},{""path"":"".github/workflows/preview.yml"",""target"":""mozilla-actions/sccache-action@fc920bf0ec8de6ee65d409111f7ec508035751ba"",""class"":""staged executable stock cache action"",""lines"":[156,236]},{""path"":"".github/workflows/release-deb.yml"",""target"":""jdx/mise-action@c2a87611a18de5b3828c5652fe268e992400cb5c"",""class"":""staged executable stock tool-setup action"",""lines"":[76]},{""path"":"".github/workflows/release-deb.yml"",""target"":""mozilla-actions/sccache-action@fc920bf0ec8de6ee65d409111f7ec508035751ba"",""class"":""staged executable stock cache action"",""lines"":[71]},{""path"":"".github/workflows/release.yml"",""target"":""jdx/mise-action@c2a87611a18de5b3828c5652fe268e992400cb5c"",""class"":""staged executable stock tool-setup action"",""lines"":[116,171,249]},{""path"":"".github/workflows/release.yml"",""target"":""mozilla-actions/sccache-action@fc920bf0ec8de6ee65d409111f7ec508035751ba"",""class"":""staged executable stock cache action"",""lines"":[111,166,244]}]}",NO-CHANGE for retired refs,Repo owner; exact-artifact regeneration and deterministic parity.,2026-10-02T14:22:49Z,2026-09-14T11:57:20Z
23,tailrocks/holla,tailrocks/holla,R_kgDOSzvI3A,false,main,c756189538c776eaa563ff83a5488e1ac96600c9,pr,#202 renovate/renovatebot-github-action-46.x,560b51105c76c7f90673989b06843b091a51a90a,true,R1,31,0,0,0,0,12,68,jdx/mise-action@c2a87611a18de5b3828c5652fe268e992400cb5c ; mozilla-actions/sccache-action@fc920bf0ec8de6ee65d409111f7ec508035751ba,"{""velnor_new_paths"":[],""generic_use_or_repo_paths"":[{""path"":"".github/workflows/preview.yml"",""target"":""jdx/mise-action@c2a87611a18de5b3828c5652fe268e992400cb5c"",""class"":""staged executable stock tool-setup action"",""lines"":[161,241]},{""path"":"".github/workflows/preview.yml"",""target"":""mozilla-actions/sccache-action@fc920bf0ec8de6ee65d409111f7ec508035751ba"",""class"":""staged executable stock cache action"",""lines"":[156,236]},{""path"":"".github/workflows/release-deb.yml"",""target"":""jdx/mise-action@c2a87611a18de5b3828c5652fe268e992400cb5c"",""class"":""staged executable stock tool-setup action"",""lines"":[76]},{""path"":"".github/workflows/release-deb.yml"",""target"":""mozilla-actions/sccache-action@fc920bf0ec8de6ee65d409111f7ec508035751ba"",""class"":""staged executable stock cache action"",""lines"":[71]},{""path"":"".github/workflows/release.yml"",""target"":""jdx/mise-action@c2a87611a18de5b3828c5652fe268e992400cb5c"",""class"":""staged executable stock tool-setup action"",""lines"":[116,171,249]},{""path"":"".github/workflows/release.yml"",""target"":""mozilla-actions/sccache-action@fc920bf0ec8de6ee65d409111f7ec508035751ba"",""class"":""staged executable stock cache action"",""lines"":[111,166,244]}]}",NO-CHANGE for retired refs,Repo owner; exact-artifact regeneration and deterministic parity.,2026-10-02T14:22:49Z,2026-09-14T11:57:27Z
23,tailrocks/holla,tailrocks/holla,R_kgDOSzvI3A,false,main,c756189538c776eaa563ff83a5488e1ac96600c9,pr,#203 renovate/dirs-7.x,da506eec7455a3ddf2559bea3aca1e223b4619f0,true,R1,31,0,0,0,0,12,68,jdx/mise-action@c2a87611a18de5b3828c5652fe268e992400cb5c ; mozilla-actions/sccache-action@fc920bf0ec8de6ee65d409111f7ec508035751ba,"{""velnor_new_paths"":[],""generic_use_or_repo_paths"":[{""path"":"".github/workflows/preview.yml"",""target"":""jdx/mise-action@c2a87611a18de5b3828c5652fe268e992400cb5c"",""class"":""staged executable stock tool-setup action"",""lines"":[161,241]},{""path"":"".github/workflows/preview.yml"",""target"":""mozilla-actions/sccache-action@fc920bf0ec8de6ee65d409111f7ec508035751ba"",""class"":""staged executable stock cache action"",""lines"":[156,236]},{""path"":"".github/workflows/release-deb.yml"",""target"":""jdx/mise-action@c2a87611a18de5b3828c5652fe268e992400cb5c"",""class"":""staged executable stock tool-setup action"",""lines"":[76]},{""path"":"".github/workflows/release-deb.yml"",""target"":""mozilla-actions/sccache-action@fc920bf0ec8de6ee65d409111f7ec508035751ba"",""class"":""staged executable stock cache action"",""lines"":[71]},{""path"":"".github/workflows/release.yml"",""target"":""jdx/mise-action@c2a87611a18de5b3828c5652fe268e992400cb5c"",""class"":""staged executable stock tool-setup action"",""lines"":[116,171,249]},{""path"":"".github/workflows/release.yml"",""target"":""mozilla-actions/sccache-action@fc920bf0ec8de6ee65d409111f7ec508035751ba"",""class"":""staged executable stock cache action"",""lines"":[111,166,244]}]}",NO-CHANGE for retired refs,Repo owner; exact-artifact regeneration and deterministic parity.,2026-10-02T14:22:49Z,2026-09-13T11:14:37Z
23,tailrocks/holla,tailrocks/holla,R_kgDOSzvI3A,false,main,c756189538c776eaa563ff83a5488e1ac96600c9,pr,#204 renovate/lock-file-maintenance,ffd1b8b396469fd3bbdaa1f9d19d40d1d81cab2f,true,R1,31,0,0,0,0,12,68,jdx/mise-action@c2a87611a18de5b3828c5652fe268e992400cb5c ; mozilla-actions/sccache-action@fc920bf0ec8de6ee65d409111f7ec508035751ba,"{""velnor_new_paths"":[],""generic_use_or_repo_paths"":[{""path"":"".github/workflows/preview.yml"",""target"":""jdx/mise-action@c2a87611a18de5b3828c5652fe268e992400cb5c"",""class"":""staged executable stock tool-setup action"",""lines"":[161,241]},{""path"":"".github/workflows/preview.yml"",""target"":""mozilla-actions/sccache-action@fc920bf0ec8de6ee65d409111f7ec508035751ba"",""class"":""staged executable stock cache action"",""lines"":[156,236]},{""path"":"".github/workflows/release-deb.yml"",""target"":""jdx/mise-action@c2a87611a18de5b3828c5652fe268e992400cb5c"",""class"":""staged executable stock tool-setup action"",""lines"":[76]},{""path"":"".github/workflows/release-deb.yml"",""target"":""mozilla-actions/sccache-action@fc920bf0ec8de6ee65d409111f7ec508035751ba"",""class"":""staged executable stock cache action"",""lines"":[71]},{""path"":"".github/workflows/release.yml"",""target"":""jdx/mise-action@c2a87611a18de5b3828c5652fe268e992400cb5c"",""class"":""staged executable stock tool-setup action"",""lines"":[116,171,249]},{""path"":"".github/workflows/release.yml"",""target"":""mozilla-actions/sccache-action@fc920bf0ec8de6ee65d409111f7ec508035751ba"",""class"":""staged executable stock cache action"",""lines"":[111,166,244]}]}",NO-CHANGE for retired refs,Repo owner; exact-artifact regeneration and deterministic parity.,2026-10-02T14:22:49Z,2026-09-13T11:14:18Z
23,tailrocks/holla,tailrocks/holla,R_kgDOSzvI3A,false,main,c756189538c776eaa563ff83a5488e1ac96600c9,pr,#205 renovate/clap-4.x,198b53881d1a51d3140a92c9c73f62c9fc2bdbd7,true,R1,31,0,0,0,0,12,68,jdx/mise-action@c2a87611a18de5b3828c5652fe268e992400cb5c ; mozilla-actions/sccache-action@fc920bf0ec8de6ee65d409111f7ec508035751ba,"{""velnor_new_paths"":[],""generic_use_or_repo_paths"":[{""path"":"".github/workflows/preview.yml"",""target"":""jdx/mise-action@c2a87611a18de5b3828c5652fe268e992400cb5c"",""class"":""staged executable stock tool-setup action"",""lines"":[161,241]},{""path"":"".github/workflows/preview.yml"",""target"":""mozilla-actions/sccache-action@fc920bf0ec8de6ee65d409111f7ec508035751ba"",""class"":""staged executable stock cache action"",""lines"":[156,236]},{""path"":"".github/workflows/release-deb.yml"",""target"":""jdx/mise-action@c2a87611a18de5b3828c5652fe268e992400cb5c"",""class"":""staged executable stock tool-setup action"",""lines"":[76]},{""path"":"".github/workflows/release-deb.yml"",""target"":""mozilla-actions/sccache-action@fc920bf0ec8de6ee65d409111f7ec508035751ba"",""class"":""staged executable stock cache action"",""lines"":[71]},{""path"":"".github/workflows/release.yml"",""target"":""jdx/mise-action@c2a87611a18de5b3828c5652fe268e992400cb5c"",""class"":""staged executable stock tool-setup action"",""lines"":[116,171,249]},{""path"":"".github/workflows/release.yml"",""target"":""mozilla-actions/sccache-action@fc920bf0ec8de6ee65d409111f7ec508035751ba"",""class"":""staged executable stock cache action"",""lines"":[111,166,244]}]}",NO-CHANGE for retired refs,Repo owner; exact-artifact regeneration and deterministic parity.,2026-10-02T14:22:49Z,2026-09-15T12:57:48Z
24,tailrocks/tracing-request-level,tailrocks/tracing-request-level,R_kgDOSlQdQA,false,main,2675c867fa2f8af78c2bf2543482add847eec713,default,main,2675c867fa2f8af78c2bf2543482add847eec713,true,R1,31,0,0,0,0,14,21,https://github.com/tailrocks/velnor-new ; https://github.com/tailrocks/velnor-new/releases/download/v0.1.0/velnor-actions-0.1.0-aarch64-apple-darwin ; https://github.com/tailrocks/velnor-new/releases/download/v0.1.0/velnor-actions-0.1.0-x86_64-unknown-linux-gnu ; jdx/mise-action@9149ea85001c7435d5a66bb127d6a1b6227cb0a5 ; jdx/mr-boxington-action@9df1d4b18b2147788a7ee7a2c7b84ecf62fd89d3,"{""velnor_new_paths"":[{""path"":"".github/AGENTS.md"",""target"":""https://github.com/tailrocks/velnor-new"",""class"":""documentation"",""lines"":[4,19,25]},{""path"":"".github/workflows/ci.yml"",""target"":""https://github.com/tailrocks/velnor-new/releases/download/v0.1.0/velnor-actions-0.1.0-x86_64-unknown-linux-gnu"",""class"":""staged executable Velnor artifact acquisition"",""lines"":[130,212,273,361]},{""path"":"".velnor/release-manifest.json"",""target"":""https://github.com/tailrocks/velnor-new/releases/download/v0.1.0/velnor-actions-0.1.0-aarch64-apple-darwin"",""class"":""declarative release-manifest/config"",""lines"":[14]},{""path"":"".velnor/release-manifest.json"",""target"":""https://github.com/tailrocks/velnor-new/releases/download/v0.1.0/velnor-actions-0.1.0-x86_64-unknown-linux-gnu"",""class"":""declarative release-manifest/config"",""lines"":[9]}],""generic_use_or_repo_paths"":[{""path"":"".github/AGENTS.md"",""target"":""https://github.com/tailrocks/velnor-new"",""class"":""documentation"",""lines"":[4,19,25]},{""path"":"".github/workflows/ci.yml"",""target"":""https://github.com/tailrocks/velnor-new/releases/download/v0.1.0/velnor-actions-0.1.0-x86_64-unknown-linux-gnu"",""class"":""staged executable Velnor artifact acquisition"",""lines"":[130,212,273,361]},{""path"":"".github/workflows/ci.yml"",""target"":""jdx/mise-action@9149ea85001c7435d5a66bb127d6a1b6227cb0a5"",""class"":""staged executable stock tool-setup action"",""lines"":[31,61,250,338]},{""path"":"".github/workflows/ci.yml"",""target"":""jdx/mr-boxington-action@9df1d4b18b2147788a7ee7a2c7b84ecf62fd89d3"",""class"":""staged executable stock MBX action"",""lines"":[398]},{""path"":"".velnor/release-manifest.json"",""target"":""https://github.com/tailrocks/velnor-new/releases/download/v0.1.0/velnor-actions-0.1.0-aarch64-apple-darwin"",""class"":""declarative release-manifest/config"",""lines"":[14]},{""path"":"".velnor/release-manifest.json"",""target"":""https://github.com/tailrocks/velnor-new/releases/download/v0.1.0/velnor-actions-0.1.0-x86_64-unknown-linux-gnu"",""class"":""declarative release-manifest/config"",""lines"":[9]}]}",NO-CHANGE for retired refs,Repo owner; exact-artifact regeneration and deterministic parity.,2026-10-02T15:41:58Z,
25,tailrocks/pg-bigdecimal,tailrocks/pg-bigdecimal,R_kgDOSlQdQg,false,main,0a06226df6ec5f4e1a70a853d14368ebf2e69a80,default,main,0a06226df6ec5f4e1a70a853d14368ebf2e69a80,true,R1,31,0,0,0,0,14,21,https://github.com/tailrocks/velnor-new ; https://github.com/tailrocks/velnor-new/releases/download/v0.1.0/velnor-actions-0.1.0-aarch64-apple-darwin ; https://github.com/tailrocks/velnor-new/releases/download/v0.1.0/velnor-actions-0.1.0-x86_64-unknown-linux-gnu ; jdx/mise-action@9149ea85001c7435d5a66bb127d6a1b6227cb0a5 ; jdx/mr-boxington-action@9df1d4b18b2147788a7ee7a2c7b84ecf62fd89d3,"{""velnor_new_paths"":[{""path"":"".github/AGENTS.md"",""target"":""https://github.com/tailrocks/velnor-new"",""class"":""documentation"",""lines"":[4,19,25]},{""path"":"".github/workflows/ci.yml"",""target"":""https://github.com/tailrocks/velnor-new/releases/download/v0.1.0/velnor-actions-0.1.0-x86_64-unknown-linux-gnu"",""class"":""staged executable Velnor artifact acquisition"",""lines"":[130,212,273,361]},{""path"":"".velnor/release-manifest.json"",""target"":""https://github.com/tailrocks/velnor-new/releases/download/v0.1.0/velnor-actions-0.1.0-aarch64-apple-darwin"",""class"":""declarative release-manifest/config"",""lines"":[14]},{""path"":"".velnor/release-manifest.json"",""target"":""https://github.com/tailrocks/velnor-new/releases/download/v0.1.0/velnor-actions-0.1.0-x86_64-unknown-linux-gnu"",""class"":""declarative release-manifest/config"",""lines"":[9]}],""generic_use_or_repo_paths"":[{""path"":"".github/AGENTS.md"",""target"":""https://github.com/tailrocks/velnor-new"",""class"":""documentation"",""lines"":[4,19,25]},{""path"":"".github/workflows/ci.yml"",""target"":""https://github.com/tailrocks/velnor-new/releases/download/v0.1.0/velnor-actions-0.1.0-x86_64-unknown-linux-gnu"",""class"":""staged executable Velnor artifact acquisition"",""lines"":[130,212,273,361]},{""path"":"".github/workflows/ci.yml"",""target"":""jdx/mise-action@9149ea85001c7435d5a66bb127d6a1b6227cb0a5"",""class"":""staged executable stock tool-setup action"",""lines"":[31,61,250,338]},{""path"":"".github/workflows/ci.yml"",""target"":""jdx/mr-boxington-action@9df1d4b18b2147788a7ee7a2c7b84ecf62fd89d3"",""class"":""staged executable stock MBX action"",""lines"":[398]},{""path"":"".velnor/release-manifest.json"",""target"":""https://github.com/tailrocks/velnor-new/releases/download/v0.1.0/velnor-actions-0.1.0-aarch64-apple-darwin"",""class"":""declarative release-manifest/config"",""lines"":[14]},{""path"":"".velnor/release-manifest.json"",""target"":""https://github.com/tailrocks/velnor-new/releases/download/v0.1.0/velnor-actions-0.1.0-x86_64-unknown-linux-gnu"",""class"":""declarative release-manifest/config"",""lines"":[9]}]}",NO-CHANGE for retired refs,Repo owner; exact-artifact regeneration and deterministic parity.,2026-10-02T15:42:05Z,
26,tailrocks/ruxel,tailrocks/ruxel,R_kgDOS3FimQ,false,main,304da9f21271be81964459f5c7e6f51f41e5fdcf,default,main,304da9f21271be81964459f5c7e6f51f41e5fdcf,true,R1,31,0,0,0,0,26,45,https://github.com/tailrocks/velnor-new ; https://github.com/tailrocks/velnor-new/releases/download/v0.1.0/velnor-actions-0.1.0-aarch64-apple-darwin ; https://github.com/tailrocks/velnor-new/releases/download/v0.1.0/velnor-actions-0.1.0-x86_64-unknown-linux-gnu ; jdx/mise-action@9149ea85001c7435d5a66bb127d6a1b6227cb0a5 ; jdx/mr-boxington-action@9df1d4b18b2147788a7ee7a2c7b84ecf62fd89d3,"{""velnor_new_paths"":[{""path"":"".github/AGENTS.md"",""target"":""https://github.com/tailrocks/velnor-new"",""class"":""documentation"",""lines"":[4,19,25]},{""path"":"".github/workflows/ci.yml"",""target"":""https://github.com/tailrocks/velnor-new/releases/download/v0.1.0/velnor-actions-0.1.0-x86_64-unknown-linux-gnu"",""class"":""staged executable Velnor artifact acquisition"",""lines"":[130,212,277,365,579,822,1065,1308]},{""path"":"".velnor/release-manifest.json"",""target"":""https://github.com/tailrocks/velnor-new/releases/download/v0.1.0/velnor-actions-0.1.0-aarch64-apple-darwin"",""class"":""declarative release-manifest/config"",""lines"":[14]},{""path"":"".velnor/release-manifest.json"",""target"":""https://github.com/tailrocks/velnor-new/releases/download/v0.1.0/velnor-actions-0.1.0-x86_64-unknown-linux-gnu"",""class"":""declarative release-manifest/config"",""lines"":[9]}],""generic_use_or_repo_paths"":[{""path"":"".github/AGENTS.md"",""target"":""https://github.com/tailrocks/velnor-new"",""class"":""documentation"",""lines"":[4,19,25]},{""path"":"".github/workflows/ci.yml"",""target"":""https://github.com/tailrocks/velnor-new/releases/download/v0.1.0/velnor-actions-0.1.0-x86_64-unknown-linux-gnu"",""class"":""staged executable Velnor artifact acquisition"",""lines"":[130,212,277,365,579,822,1065,1308]},{""path"":"".github/workflows/ci.yml"",""target"":""jdx/mise-action@9149ea85001c7435d5a66bb127d6a1b6227cb0a5"",""class"":""staged executable stock tool-setup action"",""lines"":[31,61,254,342,556,799,1042,1285]},{""path"":"".github/workflows/ci.yml"",""target"":""jdx/mr-boxington-action@9df1d4b18b2147788a7ee7a2c7b84ecf62fd89d3"",""class"":""staged executable stock MBX action"",""lines"":[402,616,859,1102,1345]},{""path"":"".velnor/release-manifest.json"",""target"":""https://github.com/tailrocks/velnor-new/releases/download/v0.1.0/velnor-actions-0.1.0-aarch64-apple-darwin"",""class"":""declarative release-manifest/config"",""lines"":[14]},{""path"":"".velnor/release-manifest.json"",""target"":""https://github.com/tailrocks/velnor-new/releases/download/v0.1.0/velnor-actions-0.1.0-x86_64-unknown-linux-gnu"",""class"":""declarative release-manifest/config"",""lines"":[9]}]}",NO-CHANGE for retired refs,Repo owner; exact-artifact regeneration and deterministic parity.,2026-10-02T14:36:09Z,
27,tailrocks/schemalane,tailrocks/schemalane,R_kgDORZ6hWw,false,main,94a58dad0fe6714312373fd5dac69f2ced75d194,default,main,94a58dad0fe6714312373fd5dac69f2ced75d194,true,R1,31,0,0,0,0,29,54,https://github.com/tailrocks/velnor-new ; https://github.com/tailrocks/velnor-new/releases/download/v0.1.0/velnor-actions-0.1.0-aarch64-apple-darwin ; https://github.com/tailrocks/velnor-new/releases/download/v0.1.0/velnor-actions-0.1.0-x86_64-unknown-linux-gnu ; jdx/mise-action@9149ea85001c7435d5a66bb127d6a1b6227cb0a5 ; jdx/mr-boxington-action@9df1d4b18b2147788a7ee7a2c7b84ecf62fd89d3,"{""velnor_new_paths"":[{""path"":"".github/AGENTS.md"",""target"":""https://github.com/tailrocks/velnor-new"",""class"":""documentation"",""lines"":[4,19,25]},{""path"":"".github/workflows/ci.yml"",""target"":""https://github.com/tailrocks/velnor-new/releases/download/v0.1.0/velnor-actions-0.1.0-x86_64-unknown-linux-gnu"",""class"":""staged executable Velnor artifact acquisition"",""lines"":[130,212,278,366,609,852,1095,1338,1581]},{""path"":"".velnor/release-manifest.json"",""target"":""https://github.com/tailrocks/velnor-new/releases/download/v0.1.0/velnor-actions-0.1.0-aarch64-apple-darwin"",""class"":""declarative release-manifest/config"",""lines"":[14]},{""path"":"".velnor/release-manifest.json"",""target"":""https://github.com/tailrocks/velnor-new/releases/download/v0.1.0/velnor-actions-0.1.0-x86_64-unknown-linux-gnu"",""class"":""declarative release-manifest/config"",""lines"":[9]}],""generic_use_or_repo_paths"":[{""path"":"".github/AGENTS.md"",""target"":""https://github.com/tailrocks/velnor-new"",""class"":""documentation"",""lines"":[4,19,25]},{""path"":"".github/workflows/ci.yml"",""target"":""https://github.com/tailrocks/velnor-new/releases/download/v0.1.0/velnor-actions-0.1.0-x86_64-unknown-linux-gnu"",""class"":""staged executable Velnor artifact acquisition"",""lines"":[130,212,278,366,609,852,1095,1338,1581]},{""path"":"".github/workflows/ci.yml"",""target"":""jdx/mise-action@9149ea85001c7435d5a66bb127d6a1b6227cb0a5"",""class"":""staged executable stock tool-setup action"",""lines"":[31,61,255,343,586,829,1072,1315,1558]},{""path"":"".github/workflows/ci.yml"",""target"":""jdx/mr-boxington-action@9df1d4b18b2147788a7ee7a2c7b84ecf62fd89d3"",""class"":""staged executable stock MBX action"",""lines"":[403,646,889,1132,1375,1618]},{""path"":"".velnor/release-manifest.json"",""target"":""https://github.com/tailrocks/velnor-new/releases/download/v0.1.0/velnor-actions-0.1.0-aarch64-apple-darwin"",""class"":""declarative release-manifest/config"",""lines"":[14]},{""path"":"".velnor/release-manifest.json"",""target"":""https://github.com/tailrocks/velnor-new/releases/download/v0.1.0/velnor-actions-0.1.0-x86_64-unknown-linux-gnu"",""class"":""declarative release-manifest/config"",""lines"":[9]}]}",NO-CHANGE for retired refs,Repo owner; exact-artifact regeneration and deterministic parity.,2026-10-02T15:44:52Z,
28,tailrocks/holla-apt,tailrocks/holla-apt,R_kgDOS0e-7A,false,main,405239a2ffec34bca5eb14d95915fb0cdaae0453,default,main,405239a2ffec34bca5eb14d95915fb0cdaae0453,true,R1,31,0,0,0,0,11,13,https://github.com/tailrocks/velnor-new ; https://github.com/tailrocks/velnor-new/releases/download/v0.1.0/velnor-actions-0.1.0-aarch64-apple-darwin ; https://github.com/tailrocks/velnor-new/releases/download/v0.1.0/velnor-actions-0.1.0-x86_64-unknown-linux-gnu ; jdx/mise-action@9149ea85001c7435d5a66bb127d6a1b6227cb0a5,"{""velnor_new_paths"":[{""path"":"".github/AGENTS.md"",""target"":""https://github.com/tailrocks/velnor-new"",""class"":""documentation"",""lines"":[4,19,25]},{""path"":"".github/workflows/ci.yml"",""target"":""https://github.com/tailrocks/velnor-new/releases/download/v0.1.0/velnor-actions-0.1.0-x86_64-unknown-linux-gnu"",""class"":""staged executable Velnor artifact acquisition"",""lines"":[106,188,248]},{""path"":"".velnor/release-manifest.json"",""target"":""https://github.com/tailrocks/velnor-new/releases/download/v0.1.0/velnor-actions-0.1.0-aarch64-apple-darwin"",""class"":""declarative release-manifest/config"",""lines"":[14]},{""path"":"".velnor/release-manifest.json"",""target"":""https://github.com/tailrocks/velnor-new/releases/download/v0.1.0/velnor-actions-0.1.0-x86_64-unknown-linux-gnu"",""class"":""declarative release-manifest/config"",""lines"":[9]}],""generic_use_or_repo_paths"":[{""path"":"".github/AGENTS.md"",""target"":""https://github.com/tailrocks/velnor-new"",""class"":""documentation"",""lines"":[4,19,25]},{""path"":"".github/workflows/ci.yml"",""target"":""https://github.com/tailrocks/velnor-new/releases/download/v0.1.0/velnor-actions-0.1.0-x86_64-unknown-linux-gnu"",""class"":""staged executable Velnor artifact acquisition"",""lines"":[106,188,248]},{""path"":"".github/workflows/ci.yml"",""target"":""jdx/mise-action@9149ea85001c7435d5a66bb127d6a1b6227cb0a5"",""class"":""staged executable stock tool-setup action"",""lines"":[31,61,225]},{""path"":"".velnor/release-manifest.json"",""target"":""https://github.com/tailrocks/velnor-new/releases/download/v0.1.0/velnor-actions-0.1.0-aarch64-apple-darwin"",""class"":""declarative release-manifest/config"",""lines"":[14]},{""path"":"".velnor/release-manifest.json"",""target"":""https://github.com/tailrocks/velnor-new/releases/download/v0.1.0/velnor-actions-0.1.0-x86_64-unknown-linux-gnu"",""class"":""declarative release-manifest/config"",""lines"":[9]}]}",NO-CHANGE for retired refs,Repo owner; exact-artifact regeneration and deterministic parity.,2026-10-02T15:40:13Z,
29,tailrocks/homebrew-parallax,tailrocks/homebrew-parallax,R_kgDOS606gA,false,main,70af3b38e051abfa5a14c08ed5cd5388219ffc40,default,main,70af3b38e051abfa5a14c08ed5cd5388219ffc40,true,R1,31,0,0,0,0,11,13,https://github.com/tailrocks/velnor-new ; https://github.com/tailrocks/velnor-new/releases/download/v0.1.0/velnor-actions-0.1.0-aarch64-apple-darwin ; https://github.com/tailrocks/velnor-new/releases/download/v0.1.0/velnor-actions-0.1.0-x86_64-unknown-linux-gnu ; jdx/mise-action@9149ea85001c7435d5a66bb127d6a1b6227cb0a5,"{""velnor_new_paths"":[{""path"":"".github/AGENTS.md"",""target"":""https://github.com/tailrocks/velnor-new"",""class"":""documentation"",""lines"":[4,19,25]},{""path"":"".github/workflows/ci.yml"",""target"":""https://github.com/tailrocks/velnor-new/releases/download/v0.1.0/velnor-actions-0.1.0-x86_64-unknown-linux-gnu"",""class"":""staged executable Velnor artifact acquisition"",""lines"":[106,188,248]},{""path"":"".velnor/release-manifest.json"",""target"":""https://github.com/tailrocks/velnor-new/releases/download/v0.1.0/velnor-actions-0.1.0-aarch64-apple-darwin"",""class"":""declarative release-manifest/config"",""lines"":[14]},{""path"":"".velnor/release-manifest.json"",""target"":""https://github.com/tailrocks/velnor-new/releases/download/v0.1.0/velnor-actions-0.1.0-x86_64-unknown-linux-gnu"",""class"":""declarative release-manifest/config"",""lines"":[9]}],""generic_use_or_repo_paths"":[{""path"":"".github/AGENTS.md"",""target"":""https://github.com/tailrocks/velnor-new"",""class"":""documentation"",""lines"":[4,19,25]},{""path"":"".github/workflows/ci.yml"",""target"":""https://github.com/tailrocks/velnor-new/releases/download/v0.1.0/velnor-actions-0.1.0-x86_64-unknown-linux-gnu"",""class"":""staged executable Velnor artifact acquisition"",""lines"":[106,188,248]},{""path"":"".github/workflows/ci.yml"",""target"":""jdx/mise-action@9149ea85001c7435d5a66bb127d6a1b6227cb0a5"",""class"":""staged executable stock tool-setup action"",""lines"":[31,61,225]},{""path"":"".velnor/release-manifest.json"",""target"":""https://github.com/tailrocks/velnor-new/releases/download/v0.1.0/velnor-actions-0.1.0-aarch64-apple-darwin"",""class"":""declarative release-manifest/config"",""lines"":[14]},{""path"":"".velnor/release-manifest.json"",""target"":""https://github.com/tailrocks/velnor-new/releases/download/v0.1.0/velnor-actions-0.1.0-x86_64-unknown-linux-gnu"",""class"":""declarative release-manifest/config"",""lines"":[9]}]}",NO-CHANGE for retired refs,Repo owner; exact-artifact regeneration and deterministic parity.,2026-10-02T15:40:30Z,
30,tailrocks/homebrew-ruxel,tailrocks/homebrew-ruxel,R_kgDOTyv4bQ,false,main,1db9876988e9912bafb6ea9333eea116853dc31f,default,main,1db9876988e9912bafb6ea9333eea116853dc31f,true,R1,31,0,0,0,0,11,13,https://github.com/tailrocks/velnor-new ; https://github.com/tailrocks/velnor-new/releases/download/v0.1.0/velnor-actions-0.1.0-aarch64-apple-darwin ; https://github.com/tailrocks/velnor-new/releases/download/v0.1.0/velnor-actions-0.1.0-x86_64-unknown-linux-gnu ; jdx/mise-action@9149ea85001c7435d5a66bb127d6a1b6227cb0a5,"{""velnor_new_paths"":[{""path"":"".github/AGENTS.md"",""target"":""https://github.com/tailrocks/velnor-new"",""class"":""documentation"",""lines"":[4,19,25]},{""path"":"".github/workflows/ci.yml"",""target"":""https://github.com/tailrocks/velnor-new/releases/download/v0.1.0/velnor-actions-0.1.0-x86_64-unknown-linux-gnu"",""class"":""staged executable Velnor artifact acquisition"",""lines"":[106,188,248]},{""path"":"".velnor/release-manifest.json"",""target"":""https://github.com/tailrocks/velnor-new/releases/download/v0.1.0/velnor-actions-0.1.0-aarch64-apple-darwin"",""class"":""declarative release-manifest/config"",""lines"":[14]},{""path"":"".velnor/release-manifest.json"",""target"":""https://github.com/tailrocks/velnor-new/releases/download/v0.1.0/velnor-actions-0.1.0-x86_64-unknown-linux-gnu"",""class"":""declarative release-manifest/config"",""lines"":[9]}],""generic_use_or_repo_paths"":[{""path"":"".github/AGENTS.md"",""target"":""https://github.com/tailrocks/velnor-new"",""class"":""documentation"",""lines"":[4,19,25]},{""path"":"".github/workflows/ci.yml"",""target"":""https://github.com/tailrocks/velnor-new/releases/download/v0.1.0/velnor-actions-0.1.0-x86_64-unknown-linux-gnu"",""class"":""staged executable Velnor artifact acquisition"",""lines"":[106,188,248]},{""path"":"".github/workflows/ci.yml"",""target"":""jdx/mise-action@9149ea85001c7435d5a66bb127d6a1b6227cb0a5"",""class"":""staged executable stock tool-setup action"",""lines"":[31,61,225]},{""path"":"".velnor/release-manifest.json"",""target"":""https://github.com/tailrocks/velnor-new/releases/download/v0.1.0/velnor-actions-0.1.0-aarch64-apple-darwin"",""class"":""declarative release-manifest/config"",""lines"":[14]},{""path"":"".velnor/release-manifest.json"",""target"":""https://github.com/tailrocks/velnor-new/releases/download/v0.1.0/velnor-actions-0.1.0-x86_64-unknown-linux-gnu"",""class"":""declarative release-manifest/config"",""lines"":[9]}]}",NO-CHANGE for retired refs,Repo owner; exact-artifact regeneration and deterministic parity.,2026-10-02T15:40:38Z,
31,tailrocks/homebrew-tablerock,tailrocks/homebrew-tablerock,R_kgDOTeqmww,false,main,20428a6d85086aa8454e3dd693e575541e714df2,default,main,20428a6d85086aa8454e3dd693e575541e714df2,true,R1,31,0,0,0,0,11,13,https://github.com/tailrocks/velnor-new ; https://github.com/tailrocks/velnor-new/releases/download/v0.1.0/velnor-actions-0.1.0-aarch64-apple-darwin ; https://github.com/tailrocks/velnor-new/releases/download/v0.1.0/velnor-actions-0.1.0-x86_64-unknown-linux-gnu ; jdx/mise-action@9149ea85001c7435d5a66bb127d6a1b6227cb0a5,"{""velnor_new_paths"":[{""path"":"".github/AGENTS.md"",""target"":""https://github.com/tailrocks/velnor-new"",""class"":""documentation"",""lines"":[4,19,25]},{""path"":"".github/workflows/ci.yml"",""target"":""https://github.com/tailrocks/velnor-new/releases/download/v0.1.0/velnor-actions-0.1.0-x86_64-unknown-linux-gnu"",""class"":""staged executable Velnor artifact acquisition"",""lines"":[106,188,248]},{""path"":"".velnor/release-manifest.json"",""target"":""https://github.com/tailrocks/velnor-new/releases/download/v0.1.0/velnor-actions-0.1.0-aarch64-apple-darwin"",""class"":""declarative release-manifest/config"",""lines"":[14]},{""path"":"".velnor/release-manifest.json"",""target"":""https://github.com/tailrocks/velnor-new/releases/download/v0.1.0/velnor-actions-0.1.0-x86_64-unknown-linux-gnu"",""class"":""declarative release-manifest/config"",""lines"":[9]}],""generic_use_or_repo_paths"":[{""path"":"".github/AGENTS.md"",""target"":""https://github.com/tailrocks/velnor-new"",""class"":""documentation"",""lines"":[4,19,25]},{""path"":"".github/workflows/ci.yml"",""target"":""https://github.com/tailrocks/velnor-new/releases/download/v0.1.0/velnor-actions-0.1.0-x86_64-unknown-linux-gnu"",""class"":""staged executable Velnor artifact acquisition"",""lines"":[106,188,248]},{""path"":"".github/workflows/ci.yml"",""target"":""jdx/mise-action@9149ea85001c7435d5a66bb127d6a1b6227cb0a5"",""class"":""staged executable stock tool-setup action"",""lines"":[31,61,225]},{""path"":"".velnor/release-manifest.json"",""target"":""https://github.com/tailrocks/velnor-new/releases/download/v0.1.0/velnor-actions-0.1.0-aarch64-apple-darwin"",""class"":""declarative release-manifest/config"",""lines"":[14]},{""path"":"".velnor/release-manifest.json"",""target"":""https://github.com/tailrocks/velnor-new/releases/download/v0.1.0/velnor-actions-0.1.0-x86_64-unknown-linux-gnu"",""class"":""declarative release-manifest/config"",""lines"":[9]}]}",NO-CHANGE for retired refs,Repo owner; exact-artifact regeneration and deterministic parity.,2026-10-02T15:40:46Z,
32,tailrocks/homebrew-holla,tailrocks/homebrew-holla,R_kgDOSzvVhw,false,main,5b7c0f27b570de6ef07f17f593cf96737b0de3ce,default,main,5b7c0f27b570de6ef07f17f593cf96737b0de3ce,true,R1,31,0,0,0,0,11,13,https://github.com/tailrocks/velnor-new ; https://github.com/tailrocks/velnor-new/releases/download/v0.1.0/velnor-actions-0.1.0-aarch64-apple-darwin ; https://github.com/tailrocks/velnor-new/releases/download/v0.1.0/velnor-actions-0.1.0-x86_64-unknown-linux-gnu ; jdx/mise-action@9149ea85001c7435d5a66bb127d6a1b6227cb0a5,"{""velnor_new_paths"":[{""path"":"".github/AGENTS.md"",""target"":""https://github.com/tailrocks/velnor-new"",""class"":""documentation"",""lines"":[4,19,25]},{""path"":"".github/workflows/ci.yml"",""target"":""https://github.com/tailrocks/velnor-new/releases/download/v0.1.0/velnor-actions-0.1.0-x86_64-unknown-linux-gnu"",""class"":""staged executable Velnor artifact acquisition"",""lines"":[106,188,248]},{""path"":"".velnor/release-manifest.json"",""target"":""https://github.com/tailrocks/velnor-new/releases/download/v0.1.0/velnor-actions-0.1.0-aarch64-apple-darwin"",""class"":""declarative release-manifest/config"",""lines"":[14]},{""path"":"".velnor/release-manifest.json"",""target"":""https://github.com/tailrocks/velnor-new/releases/download/v0.1.0/velnor-actions-0.1.0-x86_64-unknown-linux-gnu"",""class"":""declarative release-manifest/config"",""lines"":[9]}],""generic_use_or_repo_paths"":[{""path"":"".github/AGENTS.md"",""target"":""https://github.com/tailrocks/velnor-new"",""class"":""documentation"",""lines"":[4,19,25]},{""path"":"".github/workflows/ci.yml"",""target"":""https://github.com/tailrocks/velnor-new/releases/download/v0.1.0/velnor-actions-0.1.0-x86_64-unknown-linux-gnu"",""class"":""staged executable Velnor artifact acquisition"",""lines"":[106,188,248]},{""path"":"".github/workflows/ci.yml"",""target"":""jdx/mise-action@9149ea85001c7435d5a66bb127d6a1b6227cb0a5"",""class"":""staged executable stock tool-setup action"",""lines"":[31,61,225]},{""path"":"".velnor/release-manifest.json"",""target"":""https://github.com/tailrocks/velnor-new/releases/download/v0.1.0/velnor-actions-0.1.0-aarch64-apple-darwin"",""class"":""declarative release-manifest/config"",""lines"":[14]},{""path"":"".velnor/release-manifest.json"",""target"":""https://github.com/tailrocks/velnor-new/releases/download/v0.1.0/velnor-actions-0.1.0-x86_64-unknown-linux-gnu"",""class"":""declarative release-manifest/config"",""lines"":[9]}]}",NO-CHANGE for retired refs,Repo owner; exact-artifact regeneration and deterministic parity.,2026-10-02T15:40:21Z,
33,tailrocks/tablerock,tailrocks/tablerock,R_kgDOTZNyJA,false,main,a9771cab32271b1b3fca40f536d9112970989623,default,main,a9771cab32271b1b3fca40f536d9112970989623,true,R1,31,0,0,0,0,35,64,https://github.com/tailrocks/velnor-new ; https://github.com/tailrocks/velnor-new/releases/download/v0.1.0/velnor-actions-0.1.0-aarch64-apple-darwin ; https://github.com/tailrocks/velnor-new/releases/download/v0.1.0/velnor-actions-0.1.0-x86_64-unknown-linux-gnu ; jdx/mise-action@9149ea85001c7435d5a66bb127d6a1b6227cb0a5 ; jdx/mr-boxington-action@9df1d4b18b2147788a7ee7a2c7b84ecf62fd89d3,"{""velnor_new_paths"":[{""path"":"".github/AGENTS.md"",""target"":""https://github.com/tailrocks/velnor-new"",""class"":""documentation"",""lines"":[4,19,25]},{""path"":"".github/workflows/ci.yml"",""target"":""https://github.com/tailrocks/velnor-new/releases/download/v0.1.0/velnor-actions-0.1.0-x86_64-unknown-linux-gnu"",""class"":""staged executable Velnor artifact acquisition"",""lines"":[130,212,280,368,611,854,1097,1340,1583,1826,2069]},{""path"":"".velnor/release-manifest.json"",""target"":""https://github.com/tailrocks/velnor-new/releases/download/v0.1.0/velnor-actions-0.1.0-aarch64-apple-darwin"",""class"":""declarative release-manifest/config"",""lines"":[14]},{""path"":"".velnor/release-manifest.json"",""target"":""https://github.com/tailrocks/velnor-new/releases/download/v0.1.0/velnor-actions-0.1.0-x86_64-unknown-linux-gnu"",""class"":""declarative release-manifest/config"",""lines"":[9]}],""generic_use_or_repo_paths"":[{""path"":"".github/AGENTS.md"",""target"":""https://github.com/tailrocks/velnor-new"",""class"":""documentation"",""lines"":[4,19,25]},{""path"":"".github/workflows/ci.yml"",""target"":""https://github.com/tailrocks/velnor-new/releases/download/v0.1.0/velnor-actions-0.1.0-x86_64-unknown-linux-gnu"",""class"":""staged executable Velnor artifact acquisition"",""lines"":[130,212,280,368,611,854,1097,1340,1583,1826,2069]},{""path"":"".github/workflows/ci.yml"",""target"":""jdx/mise-action@9149ea85001c7435d5a66bb127d6a1b6227cb0a5"",""class"":""staged executable stock tool-setup action"",""lines"":[31,61,257,345,588,831,1074,1317,1560,1803,2046]},{""path"":"".github/workflows/ci.yml"",""target"":""jdx/mr-boxington-action@9df1d4b18b2147788a7ee7a2c7b84ecf62fd89d3"",""class"":""staged executable stock MBX action"",""lines"":[405,648,891,1134,1377,1620,1863,2106]},{""path"":"".velnor/release-manifest.json"",""target"":""https://github.com/tailrocks/velnor-new/releases/download/v0.1.0/velnor-actions-0.1.0-aarch64-apple-darwin"",""class"":""declarative release-manifest/config"",""lines"":[14]},{""path"":"".velnor/release-manifest.json"",""target"":""https://github.com/tailrocks/velnor-new/releases/download/v0.1.0/velnor-actions-0.1.0-x86_64-unknown-linux-gnu"",""class"":""declarative release-manifest/config"",""lines"":[9]}]}",NO-CHANGE for retired refs,Tablerock/cache owner; preserve stock MBX path.,2026-10-02T14:55:57Z,
33,tailrocks/tablerock,tailrocks/tablerock,R_kgDOTZNyJA,false,main,a9771cab32271b1b3fca40f536d9112970989623,pr,#81 rollout/agent-policy,2994844f7cbc6f2eb71781e1cff3ad77dbc56d7c,true,R1,31,0,0,0,0,5,59,jdx/mise-action@c2a87611a18de5b3828c5652fe268e992400cb5c ; jdx/mr-boxington-action@867fc530102eec5b756075d70d850dc8330d2272,"{""velnor_new_paths"":[],""generic_use_or_repo_paths"":[{""path"":"".github/workflows/ci-main.yml"",""target"":""jdx/mise-action@c2a87611a18de5b3828c5652fe268e992400cb5c"",""class"":""staged executable stock tool-setup action"",""lines"":[205]},{""path"":"".github/workflows/ci-policy.yml"",""target"":""jdx/mise-action@c2a87611a18de5b3828c5652fe268e992400cb5c"",""class"":""staged executable stock tool-setup action"",""lines"":[118]},{""path"":"".github/workflows/ci-unit-rust.yml"",""target"":""jdx/mise-action@c2a87611a18de5b3828c5652fe268e992400cb5c"",""class"":""staged executable stock tool-setup action"",""lines"":[260]},{""path"":"".github/workflows/ci-unit-rust.yml"",""target"":""jdx/mr-boxington-action@867fc530102eec5b756075d70d850dc8330d2272"",""class"":""staged executable stock MBX action"",""lines"":[270]},{""path"":"".github/workflows/ci-unit-swift.yml"",""target"":""jdx/mise-action@c2a87611a18de5b3828c5652fe268e992400cb5c"",""class"":""staged executable stock tool-setup action"",""lines"":[215]}]}",NO-CHANGE for retired refs,Tablerock/cache owner; preserve stock MBX path.,2026-10-02T14:55:57Z,2026-09-20T23:19:37Z
34,tailrocks/cloudflare-tofu,tailrocks/cloudflare-tofu,R_kgDOT1qU5A,false,main,03fb253cc0f352c3f57ff7dff9d35e4ea95eec4e,default,main,03fb253cc0f352c3f57ff7dff9d35e4ea95eec4e,true,R1,31,0,0,0,0,16,29,https://github.com/tailrocks/velnor-new ; https://github.com/tailrocks/velnor-new/releases/download/v0.1.0/velnor-actions-0.1.0-aarch64-apple-darwin ; https://github.com/tailrocks/velnor-new/releases/download/v0.1.0/velnor-actions-0.1.0-x86_64-unknown-linux-gnu ; jdx/mise-action@9149ea85001c7435d5a66bb127d6a1b6227cb0a5 ; jdx/mr-boxington-action@9df1d4b18b2147788a7ee7a2c7b84ecf62fd89d3,"{""velnor_new_paths"":[{""path"":"".github/AGENTS.md"",""target"":""https://github.com/tailrocks/velnor-new"",""class"":""documentation"",""lines"":[4,19,25]},{""path"":"".github/workflows/ci.yml"",""target"":""https://github.com/tailrocks/velnor-new/releases/download/v0.1.0/velnor-actions-0.1.0-x86_64-unknown-linux-gnu"",""class"":""staged executable Velnor artifact acquisition"",""lines"":[130,212,274,362,555]},{""path"":"".velnor/release-manifest.json"",""target"":""https://github.com/tailrocks/velnor-new/releases/download/v0.1.0/velnor-actions-0.1.0-aarch64-apple-darwin"",""class"":""declarative release-manifest/config"",""lines"":[14]},{""path"":"".velnor/release-manifest.json"",""target"":""https://github.com/tailrocks/velnor-new/releases/download/v0.1.0/velnor-actions-0.1.0-x86_64-unknown-linux-gnu"",""class"":""declarative release-manifest/config"",""lines"":[9]}],""generic_use_or_repo_paths"":[{""path"":"".github/AGENTS.md"",""target"":""https://github.com/tailrocks/velnor-new"",""class"":""documentation"",""lines"":[4,19,25]},{""path"":"".github/workflows/ci.yml"",""target"":""https://github.com/tailrocks/velnor-new/releases/download/v0.1.0/velnor-actions-0.1.0-x86_64-unknown-linux-gnu"",""class"":""staged executable Velnor artifact acquisition"",""lines"":[130,212,274,362,555]},{""path"":"".github/workflows/ci.yml"",""target"":""jdx/mise-action@9149ea85001c7435d5a66bb127d6a1b6227cb0a5"",""class"":""staged executable stock tool-setup action"",""lines"":[31,61,251,339,532]},{""path"":"".github/workflows/ci.yml"",""target"":""jdx/mr-boxington-action@9df1d4b18b2147788a7ee7a2c7b84ecf62fd89d3"",""class"":""staged executable stock MBX action"",""lines"":[399]},{""path"":"".velnor/release-manifest.json"",""target"":""https://github.com/tailrocks/velnor-new/releases/download/v0.1.0/velnor-actions-0.1.0-aarch64-apple-darwin"",""class"":""declarative release-manifest/config"",""lines"":[14]},{""path"":"".velnor/release-manifest.json"",""target"":""https://github.com/tailrocks/velnor-new/releases/download/v0.1.0/velnor-actions-0.1.0-x86_64-unknown-linux-gnu"",""class"":""declarative release-manifest/config"",""lines"":[9]}]}",NO-CHANGE for retired refs,Repo owner; exact-artifact regeneration and deterministic parity.,2026-10-02T14:04:47Z,
35,tailrocks/tailrocks-typescript-skills,tailrocks/tailrocks-typescript-skills,R_kgDOULC0Bg,false,main,0652a50fce67c4a11f01ebb960a50fd5e283e0a9,default,main,0652a50fce67c4a11f01ebb960a50fd5e283e0a9,true,R1,31,0,0,0,0,11,15,https://github.com/tailrocks/velnor-new ; https://github.com/tailrocks/velnor-new/releases/download/v0.1.0/velnor-actions-0.1.0-aarch64-apple-darwin ; https://github.com/tailrocks/velnor-new/releases/download/v0.1.0/velnor-actions-0.1.0-x86_64-unknown-linux-gnu ; jdx/mise-action@9149ea85001c7435d5a66bb127d6a1b6227cb0a5,"{""velnor_new_paths"":[{""path"":"".github/AGENTS.md"",""target"":""https://github.com/tailrocks/velnor-new"",""class"":""documentation"",""lines"":[4,19,25]},{""path"":"".github/workflows/ci.yml"",""target"":""https://github.com/tailrocks/velnor-new/releases/download/v0.1.0/velnor-actions-0.1.0-x86_64-unknown-linux-gnu"",""class"":""staged executable Velnor artifact acquisition"",""lines"":[106,188,248]},{""path"":"".velnor/release-manifest.json"",""target"":""https://github.com/tailrocks/velnor-new/releases/download/v0.1.0/velnor-actions-0.1.0-aarch64-apple-darwin"",""class"":""declarative release-manifest/config"",""lines"":[14]},{""path"":"".velnor/release-manifest.json"",""target"":""https://github.com/tailrocks/velnor-new/releases/download/v0.1.0/velnor-actions-0.1.0-x86_64-unknown-linux-gnu"",""class"":""declarative release-manifest/config"",""lines"":[9]}],""generic_use_or_repo_paths"":[{""path"":"".github/AGENTS.md"",""target"":""https://github.com/tailrocks/velnor-new"",""class"":""documentation"",""lines"":[4,19,25]},{""path"":"".github/workflows/ci.yml"",""target"":""https://github.com/tailrocks/velnor-new/releases/download/v0.1.0/velnor-actions-0.1.0-x86_64-unknown-linux-gnu"",""class"":""staged executable Velnor artifact acquisition"",""lines"":[106,188,248]},{""path"":"".github/workflows/ci.yml"",""target"":""jdx/mise-action@9149ea85001c7435d5a66bb127d6a1b6227cb0a5"",""class"":""staged executable stock tool-setup action"",""lines"":[31,61,225]},{""path"":"".velnor/release-manifest.json"",""target"":""https://github.com/tailrocks/velnor-new/releases/download/v0.1.0/velnor-actions-0.1.0-aarch64-apple-darwin"",""class"":""declarative release-manifest/config"",""lines"":[14]},{""path"":"".velnor/release-manifest.json"",""target"":""https://github.com/tailrocks/velnor-new/releases/download/v0.1.0/velnor-actions-0.1.0-x86_64-unknown-linux-gnu"",""class"":""declarative release-manifest/config"",""lines"":[9]}]}",NO-CHANGE for retired refs,Repo owner; exact-artifact regeneration and deterministic parity.,2026-10-02T14:07:04Z,
36,tailrocks/tailrocks-skill-authoring-skills,tailrocks/tailrocks-skill-authoring-skills,R_kgDOULC06g,false,main,93fa4d609f348c04869a94d0dc7a10751e31bf1d,default,main,93fa4d609f348c04869a94d0dc7a10751e31bf1d,true,R1,31,0,0,0,0,11,20,https://github.com/tailrocks/velnor-new ; https://github.com/tailrocks/velnor-new/releases/download/v0.1.0/velnor-actions-0.1.0-aarch64-apple-darwin ; https://github.com/tailrocks/velnor-new/releases/download/v0.1.0/velnor-actions-0.1.0-x86_64-unknown-linux-gnu ; jdx/mise-action@9149ea85001c7435d5a66bb127d6a1b6227cb0a5,"{""velnor_new_paths"":[{""path"":"".github/AGENTS.md"",""target"":""https://github.com/tailrocks/velnor-new"",""class"":""documentation"",""lines"":[4,19,25]},{""path"":"".github/workflows/ci.yml"",""target"":""https://github.com/tailrocks/velnor-new/releases/download/v0.1.0/velnor-actions-0.1.0-x86_64-unknown-linux-gnu"",""class"":""staged executable Velnor artifact acquisition"",""lines"":[106,188,248]},{""path"":"".velnor/release-manifest.json"",""target"":""https://github.com/tailrocks/velnor-new/releases/download/v0.1.0/velnor-actions-0.1.0-aarch64-apple-darwin"",""class"":""declarative release-manifest/config"",""lines"":[14]},{""path"":"".velnor/release-manifest.json"",""target"":""https://github.com/tailrocks/velnor-new/releases/download/v0.1.0/velnor-actions-0.1.0-x86_64-unknown-linux-gnu"",""class"":""declarative release-manifest/config"",""lines"":[9]}],""generic_use_or_repo_paths"":[{""path"":"".github/AGENTS.md"",""target"":""https://github.com/tailrocks/velnor-new"",""class"":""documentation"",""lines"":[4,19,25]},{""path"":"".github/workflows/ci.yml"",""target"":""https://github.com/tailrocks/velnor-new/releases/download/v0.1.0/velnor-actions-0.1.0-x86_64-unknown-linux-gnu"",""class"":""staged executable Velnor artifact acquisition"",""lines"":[106,188,248]},{""path"":"".github/workflows/ci.yml"",""target"":""jdx/mise-action@9149ea85001c7435d5a66bb127d6a1b6227cb0a5"",""class"":""staged executable stock tool-setup action"",""lines"":[31,61,225]},{""path"":"".velnor/release-manifest.json"",""target"":""https://github.com/tailrocks/velnor-new/releases/download/v0.1.0/velnor-actions-0.1.0-aarch64-apple-darwin"",""class"":""declarative release-manifest/config"",""lines"":[14]},{""path"":"".velnor/release-manifest.json"",""target"":""https://github.com/tailrocks/velnor-new/releases/download/v0.1.0/velnor-actions-0.1.0-x86_64-unknown-linux-gnu"",""class"":""declarative release-manifest/config"",""lines"":[9]}]}",NO-CHANGE for retired refs,Repo owner; exact-artifact regeneration and deterministic parity.,2026-10-02T14:08:21Z,
37,tailrocks/tailrocks-rust-skills,tailrocks/tailrocks-rust-skills,R_kgDOULCzyA,false,main,0317f100714dc66285c01c24f7967134375b5ac5,default,main,0317f100714dc66285c01c24f7967134375b5ac5,true,R1,31,0,0,0,0,14,15,https://github.com/tailrocks/tailrocks-rust-skills/blob/main/skills/tailrocks-rust-project-audit/references/toolchain-and-mise.md ; https://github.com/tailrocks/tailrocks-rust-skills/blob/main/skills/tailrocks-rust-project-remediate/references/toolchain-and-mise.md ; https://github.com/tailrocks/tailrocks-rust-skills/blob/main/skills/tailrocks-rust-project-setup/references/toolchain-and-mise.md ; https://github.com/tailrocks/velnor-new ; https://github.com/tailrocks/velnor-new/releases/download/v0.1.0/velnor-actions-0.1.0-aarch64-apple-darwin ; https://github.com/tailrocks/velnor-new/releases/download/v0.1.0/velnor-actions-0.1.0-x86_64-unknown-linux-gnu ; jdx/mise-action@9149ea85001c7435d5a66bb127d6a1b6227cb0a5,"{""velnor_new_paths"":[{""path"":"".github/AGENTS.md"",""target"":""https://github.com/tailrocks/velnor-new"",""class"":""documentation"",""lines"":[4,19,25]},{""path"":"".github/workflows/ci.yml"",""target"":""https://github.com/tailrocks/velnor-new/releases/download/v0.1.0/velnor-actions-0.1.0-x86_64-unknown-linux-gnu"",""class"":""staged executable Velnor artifact acquisition"",""lines"":[106,188,248]},{""path"":"".velnor/release-manifest.json"",""target"":""https://github.com/tailrocks/velnor-new/releases/download/v0.1.0/velnor-actions-0.1.0-aarch64-apple-darwin"",""class"":""declarative release-manifest/config"",""lines"":[14]},{""path"":"".velnor/release-manifest.json"",""target"":""https://github.com/tailrocks/velnor-new/releases/download/v0.1.0/velnor-actions-0.1.0-x86_64-unknown-linux-gnu"",""class"":""declarative release-manifest/config"",""lines"":[9]}],""generic_use_or_repo_paths"":[{""path"":"".github/AGENTS.md"",""target"":""https://github.com/tailrocks/velnor-new"",""class"":""documentation"",""lines"":[4,19,25]},{""path"":"".github/workflows/ci.yml"",""target"":""https://github.com/tailrocks/velnor-new/releases/download/v0.1.0/velnor-actions-0.1.0-x86_64-unknown-linux-gnu"",""class"":""staged executable Velnor artifact acquisition"",""lines"":[106,188,248]},{""path"":"".github/workflows/ci.yml"",""target"":""jdx/mise-action@9149ea85001c7435d5a66bb127d6a1b6227cb0a5"",""class"":""staged executable stock tool-setup action"",""lines"":[31,61,225]},{""path"":"".velnor/release-manifest.json"",""target"":""https://github.com/tailrocks/velnor-new/releases/download/v0.1.0/velnor-actions-0.1.0-aarch64-apple-darwin"",""class"":""declarative release-manifest/config"",""lines"":[14]},{""path"":"".velnor/release-manifest.json"",""target"":""https://github.com/tailrocks/velnor-new/releases/download/v0.1.0/velnor-actions-0.1.0-x86_64-unknown-linux-gnu"",""class"":""declarative release-manifest/config"",""lines"":[9]},{""path"":""docs/skills/tailrocks-rust-project-audit/definition.md"",""target"":""https://github.com/tailrocks/tailrocks-rust-skills/blob/main/skills/tailrocks-rust-project-audit/references/toolchain-and-mise.md"",""class"":""documentation"",""lines"":[32]},{""path"":""docs/skills/tailrocks-rust-project-remediate/definition.md"",""target"":""https://github.com/tailrocks/tailrocks-rust-skills/blob/main/skills/tailrocks-rust-project-remediate/references/toolchain-and-mise.md"",""class"":""documentation"",""lines"":[29]},{""path"":""docs/skills/tailrocks-rust-project-setup/definition.md"",""target"":""https://github.com/tailrocks/tailrocks-rust-skills/blob/main/skills/tailrocks-rust-project-setup/references/toolchain-and-mise.md"",""class"":""documentation"",""lines"":[71]}]}",NO-CHANGE for retired refs,Repo owner; exact-artifact regeneration and deterministic parity.,2026-10-02T14:07:14Z,
38,tailrocks/tailrocks-roadmap-skills,tailrocks/tailrocks-roadmap-skills,R_kgDOULC0qQ,false,main,98d23280cd562c9298ce13ae40bd0eb73a3e376a,default,main,98d23280cd562c9298ce13ae40bd0eb73a3e376a,true,R1,31,0,0,0,0,11,15,https://github.com/tailrocks/velnor-new ; https://github.com/tailrocks/velnor-new/releases/download/v0.1.0/velnor-actions-0.1.0-aarch64-apple-darwin ; https://github.com/tailrocks/velnor-new/releases/download/v0.1.0/velnor-actions-0.1.0-x86_64-unknown-linux-gnu ; jdx/mise-action@9149ea85001c7435d5a66bb127d6a1b6227cb0a5,"{""velnor_new_paths"":[{""path"":"".github/AGENTS.md"",""target"":""https://github.com/tailrocks/velnor-new"",""class"":""documentation"",""lines"":[4,19,25]},{""path"":"".github/workflows/ci.yml"",""target"":""https://github.com/tailrocks/velnor-new/releases/download/v0.1.0/velnor-actions-0.1.0-x86_64-unknown-linux-gnu"",""class"":""staged executable Velnor artifact acquisition"",""lines"":[106,188,248]},{""path"":"".velnor/release-manifest.json"",""target"":""https://github.com/tailrocks/velnor-new/releases/download/v0.1.0/velnor-actions-0.1.0-aarch64-apple-darwin"",""class"":""declarative release-manifest/config"",""lines"":[14]},{""path"":"".velnor/release-manifest.json"",""target"":""https://github.com/tailrocks/velnor-new/releases/download/v0.1.0/velnor-actions-0.1.0-x86_64-unknown-linux-gnu"",""class"":""declarative release-manifest/config"",""lines"":[9]}],""generic_use_or_repo_paths"":[{""path"":"".github/AGENTS.md"",""target"":""https://github.com/tailrocks/velnor-new"",""class"":""documentation"",""lines"":[4,19,25]},{""path"":"".github/workflows/ci.yml"",""target"":""https://github.com/tailrocks/velnor-new/releases/download/v0.1.0/velnor-actions-0.1.0-x86_64-unknown-linux-gnu"",""class"":""staged executable Velnor artifact acquisition"",""lines"":[106,188,248]},{""path"":"".github/workflows/ci.yml"",""target"":""jdx/mise-action@9149ea85001c7435d5a66bb127d6a1b6227cb0a5"",""class"":""staged executable stock tool-setup action"",""lines"":[31,61,225]},{""path"":"".velnor/release-manifest.json"",""target"":""https://github.com/tailrocks/velnor-new/releases/download/v0.1.0/velnor-actions-0.1.0-aarch64-apple-darwin"",""class"":""declarative release-manifest/config"",""lines"":[14]},{""path"":"".velnor/release-manifest.json"",""target"":""https://github.com/tailrocks/velnor-new/releases/download/v0.1.0/velnor-actions-0.1.0-x86_64-unknown-linux-gnu"",""class"":""declarative release-manifest/config"",""lines"":[9]}]}",NO-CHANGE for retired refs,Repo owner; exact-artifact regeneration and deterministic parity.,2026-10-02T14:08:30Z,
39,tailrocks/tailrocks-open-source-skills,tailrocks/tailrocks-open-source-skills,R_kgDOULC1YQ,false,main,3e51bc5c91949f361ed926d8f760bcb16edef111,default,main,3e51bc5c91949f361ed926d8f760bcb16edef111,true,R1,31,0,0,0,0,11,15,https://github.com/tailrocks/velnor-new ; https://github.com/tailrocks/velnor-new/releases/download/v0.1.0/velnor-actions-0.1.0-aarch64-apple-darwin ; https://github.com/tailrocks/velnor-new/releases/download/v0.1.0/velnor-actions-0.1.0-x86_64-unknown-linux-gnu ; jdx/mise-action@9149ea85001c7435d5a66bb127d6a1b6227cb0a5,"{""velnor_new_paths"":[{""path"":"".github/AGENTS.md"",""target"":""https://github.com/tailrocks/velnor-new"",""class"":""documentation"",""lines"":[4,19,25]},{""path"":"".github/workflows/ci.yml"",""target"":""https://github.com/tailrocks/velnor-new/releases/download/v0.1.0/velnor-actions-0.1.0-x86_64-unknown-linux-gnu"",""class"":""staged executable Velnor artifact acquisition"",""lines"":[106,188,248]},{""path"":"".velnor/release-manifest.json"",""target"":""https://github.com/tailrocks/velnor-new/releases/download/v0.1.0/velnor-actions-0.1.0-aarch64-apple-darwin"",""class"":""declarative release-manifest/config"",""lines"":[14]},{""path"":"".velnor/release-manifest.json"",""target"":""https://github.com/tailrocks/velnor-new/releases/download/v0.1.0/velnor-actions-0.1.0-x86_64-unknown-linux-gnu"",""class"":""declarative release-manifest/config"",""lines"":[9]}],""generic_use_or_repo_paths"":[{""path"":"".github/AGENTS.md"",""target"":""https://github.com/tailrocks/velnor-new"",""class"":""documentation"",""lines"":[4,19,25]},{""path"":"".github/workflows/ci.yml"",""target"":""https://github.com/tailrocks/velnor-new/releases/download/v0.1.0/velnor-actions-0.1.0-x86_64-unknown-linux-gnu"",""class"":""staged executable Velnor artifact acquisition"",""lines"":[106,188,248]},{""path"":"".github/workflows/ci.yml"",""target"":""jdx/mise-action@9149ea85001c7435d5a66bb127d6a1b6227cb0a5"",""class"":""staged executable stock tool-setup action"",""lines"":[31,61,225]},{""path"":"".velnor/release-manifest.json"",""target"":""https://github.com/tailrocks/velnor-new/releases/download/v0.1.0/velnor-actions-0.1.0-aarch64-apple-darwin"",""class"":""declarative release-manifest/config"",""lines"":[14]},{""path"":"".velnor/release-manifest.json"",""target"":""https://github.com/tailrocks/velnor-new/releases/download/v0.1.0/velnor-actions-0.1.0-x86_64-unknown-linux-gnu"",""class"":""declarative release-manifest/config"",""lines"":[9]}]}",NO-CHANGE for retired refs,Repo owner; exact-artifact regeneration and deterministic parity.,2026-10-02T14:08:40Z,
40,tailrocks/tailrocks-macos-skills,tailrocks/tailrocks-macos-skills,R_kgDOULC0UQ,false,main,eb0be5522fe0c1c9c74d41ee354446a011b10c74,default,main,eb0be5522fe0c1c9c74d41ee354446a011b10c74,true,R1,31,0,0,0,0,11,15,https://github.com/tailrocks/velnor-new ; https://github.com/tailrocks/velnor-new/releases/download/v0.1.0/velnor-actions-0.1.0-aarch64-apple-darwin ; https://github.com/tailrocks/velnor-new/releases/download/v0.1.0/velnor-actions-0.1.0-x86_64-unknown-linux-gnu ; jdx/mise-action@9149ea85001c7435d5a66bb127d6a1b6227cb0a5,"{""velnor_new_paths"":[{""path"":"".github/AGENTS.md"",""target"":""https://github.com/tailrocks/velnor-new"",""class"":""documentation"",""lines"":[4,19,25]},{""path"":"".github/workflows/ci.yml"",""target"":""https://github.com/tailrocks/velnor-new/releases/download/v0.1.0/velnor-actions-0.1.0-x86_64-unknown-linux-gnu"",""class"":""staged executable Velnor artifact acquisition"",""lines"":[106,188,248]},{""path"":"".velnor/release-manifest.json"",""target"":""https://github.com/tailrocks/velnor-new/releases/download/v0.1.0/velnor-actions-0.1.0-aarch64-apple-darwin"",""class"":""declarative release-manifest/config"",""lines"":[14]},{""path"":"".velnor/release-manifest.json"",""target"":""https://github.com/tailrocks/velnor-new/releases/download/v0.1.0/velnor-actions-0.1.0-x86_64-unknown-linux-gnu"",""class"":""declarative release-manifest/config"",""lines"":[9]}],""generic_use_or_repo_paths"":[{""path"":"".github/AGENTS.md"",""target"":""https://github.com/tailrocks/velnor-new"",""class"":""documentation"",""lines"":[4,19,25]},{""path"":"".github/workflows/ci.yml"",""target"":""https://github.com/tailrocks/velnor-new/releases/download/v0.1.0/velnor-actions-0.1.0-x86_64-unknown-linux-gnu"",""class"":""staged executable Velnor artifact acquisition"",""lines"":[106,188,248]},{""path"":"".github/workflows/ci.yml"",""target"":""jdx/mise-action@9149ea85001c7435d5a66bb127d6a1b6227cb0a5"",""class"":""staged executable stock tool-setup action"",""lines"":[31,61,225]},{""path"":"".velnor/release-manifest.json"",""target"":""https://github.com/tailrocks/velnor-new/releases/download/v0.1.0/velnor-actions-0.1.0-aarch64-apple-darwin"",""class"":""declarative release-manifest/config"",""lines"":[14]},{""path"":"".velnor/release-manifest.json"",""target"":""https://github.com/tailrocks/velnor-new/releases/download/v0.1.0/velnor-actions-0.1.0-x86_64-unknown-linux-gnu"",""class"":""declarative release-manifest/config"",""lines"":[9]}]}",NO-CHANGE for retired refs,Repo owner; exact-artifact regeneration and deterministic parity.,2026-10-02T14:08:59Z,
41,tailrocks/tailrocks-code-quality-skills,tailrocks/tailrocks-code-quality-skills,R_kgDOULC1Jw,false,main,e63a82f28b688a7fada418e615aa9ec0eeec4c04,default,main,e63a82f28b688a7fada418e615aa9ec0eeec4c04,true,R1,31,0,0,0,0,11,15,https://github.com/tailrocks/velnor-new ; https://github.com/tailrocks/velnor-new/releases/download/v0.1.0/velnor-actions-0.1.0-aarch64-apple-darwin ; https://github.com/tailrocks/velnor-new/releases/download/v0.1.0/velnor-actions-0.1.0-x86_64-unknown-linux-gnu ; jdx/mise-action@9149ea85001c7435d5a66bb127d6a1b6227cb0a5,"{""velnor_new_paths"":[{""path"":"".github/AGENTS.md"",""target"":""https://github.com/tailrocks/velnor-new"",""class"":""documentation"",""lines"":[4,19,25]},{""path"":"".github/workflows/ci.yml"",""target"":""https://github.com/tailrocks/velnor-new/releases/download/v0.1.0/velnor-actions-0.1.0-x86_64-unknown-linux-gnu"",""class"":""staged executable Velnor artifact acquisition"",""lines"":[106,188,248]},{""path"":"".velnor/release-manifest.json"",""target"":""https://github.com/tailrocks/velnor-new/releases/download/v0.1.0/velnor-actions-0.1.0-aarch64-apple-darwin"",""class"":""declarative release-manifest/config"",""lines"":[14]},{""path"":"".velnor/release-manifest.json"",""target"":""https://github.com/tailrocks/velnor-new/releases/download/v0.1.0/velnor-actions-0.1.0-x86_64-unknown-linux-gnu"",""class"":""declarative release-manifest/config"",""lines"":[9]}],""generic_use_or_repo_paths"":[{""path"":"".github/AGENTS.md"",""target"":""https://github.com/tailrocks/velnor-new"",""class"":""documentation"",""lines"":[4,19,25]},{""path"":"".github/workflows/ci.yml"",""target"":""https://github.com/tailrocks/velnor-new/releases/download/v0.1.0/velnor-actions-0.1.0-x86_64-unknown-linux-gnu"",""class"":""staged executable Velnor artifact acquisition"",""lines"":[106,188,248]},{""path"":"".github/workflows/ci.yml"",""target"":""jdx/mise-action@9149ea85001c7435d5a66bb127d6a1b6227cb0a5"",""class"":""staged executable stock tool-setup action"",""lines"":[31,61,225]},{""path"":"".velnor/release-manifest.json"",""target"":""https://github.com/tailrocks/velnor-new/releases/download/v0.1.0/velnor-actions-0.1.0-aarch64-apple-darwin"",""class"":""declarative release-manifest/config"",""lines"":[14]},{""path"":"".velnor/release-manifest.json"",""target"":""https://github.com/tailrocks/velnor-new/releases/download/v0.1.0/velnor-actions-0.1.0-x86_64-unknown-linux-gnu"",""class"":""declarative release-manifest/config"",""lines"":[9]}]}",NO-CHANGE for retired refs,Repo owner; exact-artifact regeneration and deterministic parity.,2026-10-02T14:07:45Z,
42,ChainArgos/blockchain-nodes,ChainArgos/blockchain-nodes,R_kgDOL9sPpw,false,main,0881638712a837bdcb90b3cd811a8a9be3aa8d83,default,main,0881638712a837bdcb90b3cd811a8a9be3aa8d83,true,R1,31,0,0,0,0,13,19,https://github.com/tailrocks/velnor-new ; https://github.com/tailrocks/velnor-new/releases/download/v0.1.0/velnor-actions-0.1.0-aarch64-apple-darwin ; https://github.com/tailrocks/velnor-new/releases/download/v0.1.0/velnor-actions-0.1.0-x86_64-unknown-linux-gnu ; jdx/mise-action@9149ea85001c7435d5a66bb127d6a1b6227cb0a5,"{""velnor_new_paths"":[{""path"":"".github/AGENTS.md"",""target"":""https://github.com/tailrocks/velnor-new"",""class"":""documentation"",""lines"":[4,19,25]},{""path"":"".github/workflows/ci.yml"",""target"":""https://github.com/tailrocks/velnor-new/releases/download/v0.1.0/velnor-actions-0.1.0-x86_64-unknown-linux-gnu"",""class"":""staged executable Velnor artifact acquisition"",""lines"":[127,209,270,358]},{""path"":"".velnor/release-manifest.json"",""target"":""https://github.com/tailrocks/velnor-new/releases/download/v0.1.0/velnor-actions-0.1.0-aarch64-apple-darwin"",""class"":""declarative release-manifest/config"",""lines"":[14]},{""path"":"".velnor/release-manifest.json"",""target"":""https://github.com/tailrocks/velnor-new/releases/download/v0.1.0/velnor-actions-0.1.0-x86_64-unknown-linux-gnu"",""class"":""declarative release-manifest/config"",""lines"":[9]}],""generic_use_or_repo_paths"":[{""path"":"".github/AGENTS.md"",""target"":""https://github.com/tailrocks/velnor-new"",""class"":""documentation"",""lines"":[4,19,25]},{""path"":"".github/workflows/ci.yml"",""target"":""https://github.com/tailrocks/velnor-new/releases/download/v0.1.0/velnor-actions-0.1.0-x86_64-unknown-linux-gnu"",""class"":""staged executable Velnor artifact acquisition"",""lines"":[127,209,270,358]},{""path"":"".github/workflows/ci.yml"",""target"":""jdx/mise-action@9149ea85001c7435d5a66bb127d6a1b6227cb0a5"",""class"":""staged executable stock tool-setup action"",""lines"":[31,61,247,335]},{""path"":"".velnor/release-manifest.json"",""target"":""https://github.com/tailrocks/velnor-new/releases/download/v0.1.0/velnor-actions-0.1.0-aarch64-apple-darwin"",""class"":""declarative release-manifest/config"",""lines"":[14]},{""path"":"".velnor/release-manifest.json"",""target"":""https://github.com/tailrocks/velnor-new/releases/download/v0.1.0/velnor-actions-0.1.0-x86_64-unknown-linux-gnu"",""class"":""declarative release-manifest/config"",""lines"":[9]}]}",NO-CHANGE for retired refs,Fleet owner; prove host-env deployment.,2026-10-02T15:38:09Z,
42,ChainArgos/blockchain-nodes,ChainArgos/blockchain-nodes,R_kgDOL9sPpw,false,main,0881638712a837bdcb90b3cd811a8a9be3aa8d83,pr,#721 renovate/debian-13,4f6a5e490abd1ae469d1ad7baf4d12aea22b99b1,true,R1,31,0,0,0,0,4,741,jdx/mise-action@c2a87611a18de5b3828c5652fe268e992400cb5c ; jdx/mr-boxington-action@867fc530102eec5b756075d70d850dc8330d2272,"{""velnor_new_paths"":[],""generic_use_or_repo_paths"":[{""path"":"".github/workflows/ci-main.yml"",""target"":""jdx/mise-action@c2a87611a18de5b3828c5652fe268e992400cb5c"",""class"":""staged executable stock tool-setup action"",""lines"":[217]},{""path"":"".github/workflows/ci-policy.yml"",""target"":""jdx/mise-action@c2a87611a18de5b3828c5652fe268e992400cb5c"",""class"":""staged executable stock tool-setup action"",""lines"":[118]},{""path"":"".github/workflows/ci-unit-rust.yml"",""target"":""jdx/mr-boxington-action@867fc530102eec5b756075d70d850dc8330d2272"",""class"":""staged executable stock MBX action"",""lines"":[284]},{""path"":"".github/workflows/release.yml"",""target"":""jdx/mr-boxington-action@867fc530102eec5b756075d70d850dc8330d2272"",""class"":""staged executable stock MBX action"",""lines"":[1648]}]}",NO-CHANGE for retired refs,Fleet owner; prove host-env deployment.,2026-10-02T15:38:09Z,2026-09-21T21:32:42Z
42,ChainArgos/blockchain-nodes,ChainArgos/blockchain-nodes,R_kgDOL9sPpw,false,main,0881638712a837bdcb90b3cd811a8a9be3aa8d83,pr,#722 rollout/agent-policy,9e0e7e0daf259ee53d8bc41362cb3efc3d61d07e,true,R1,31,0,0,0,0,3,22,jdx/mise-action@c2a87611a18de5b3828c5652fe268e992400cb5c,"{""velnor_new_paths"":[],""generic_use_or_repo_paths"":[{""path"":"".github/workflows/build-publish.yml"",""target"":""jdx/mise-action@c2a87611a18de5b3828c5652fe268e992400cb5c"",""class"":""staged executable stock tool-setup action"",""lines"":[179,285,394]}]}",NO-CHANGE for retired refs,Fleet owner; prove host-env deployment.,2026-10-02T15:38:09Z,2026-09-20T23:55:53Z
42,ChainArgos/blockchain-nodes,ChainArgos/blockchain-nodes,R_kgDOL9sPpw,false,main,0881638712a837bdcb90b3cd811a8a9be3aa8d83,pr,#723 renovate/renovatebot-github-action-46.x,19cfe0bea4b7b16f3a092e0e3fc6fa8c9add9b00,true,R1,31,0,0,0,0,4,741,jdx/mise-action@c2a87611a18de5b3828c5652fe268e992400cb5c ; jdx/mr-boxington-action@867fc530102eec5b756075d70d850dc8330d2272,"{""velnor_new_paths"":[],""generic_use_or_repo_paths"":[{""path"":"".github/workflows/ci-main.yml"",""target"":""jdx/mise-action@c2a87611a18de5b3828c5652fe268e992400cb5c"",""class"":""staged executable stock tool-setup action"",""lines"":[217]},{""path"":"".github/workflows/ci-policy.yml"",""target"":""jdx/mise-action@c2a87611a18de5b3828c5652fe268e992400cb5c"",""class"":""staged executable stock tool-setup action"",""lines"":[118]},{""path"":"".github/workflows/ci-unit-rust.yml"",""target"":""jdx/mr-boxington-action@867fc530102eec5b756075d70d850dc8330d2272"",""class"":""staged executable stock MBX action"",""lines"":[284]},{""path"":"".github/workflows/release.yml"",""target"":""jdx/mr-boxington-action@867fc530102eec5b756075d70d850dc8330d2272"",""class"":""staged executable stock MBX action"",""lines"":[1648]}]}",NO-CHANGE for retired refs,Fleet owner; prove host-env deployment.,2026-10-02T15:38:09Z,2026-09-29T14:18:53Z
42,ChainArgos/blockchain-nodes,ChainArgos/blockchain-nodes,R_kgDOL9sPpw,false,main,0881638712a837bdcb90b3cd811a8a9be3aa8d83,pr,#725 renovate/ubuntu-26.x,299db3a725a5246afabaa2612410834e182f76b7,true,R1,31,0,0,0,0,4,741,jdx/mise-action@c2a87611a18de5b3828c5652fe268e992400cb5c ; jdx/mr-boxington-action@867fc530102eec5b756075d70d850dc8330d2272,"{""velnor_new_paths"":[],""generic_use_or_repo_paths"":[{""path"":"".github/workflows/ci-main.yml"",""target"":""jdx/mise-action@c2a87611a18de5b3828c5652fe268e992400cb5c"",""class"":""staged executable stock tool-setup action"",""lines"":[217]},{""path"":"".github/workflows/ci-policy.yml"",""target"":""jdx/mise-action@c2a87611a18de5b3828c5652fe268e992400cb5c"",""class"":""staged executable stock tool-setup action"",""lines"":[118]},{""path"":"".github/workflows/ci-unit-rust.yml"",""target"":""jdx/mr-boxington-action@867fc530102eec5b756075d70d850dc8330d2272"",""class"":""staged executable stock MBX action"",""lines"":[284]},{""path"":"".github/workflows/release.yml"",""target"":""jdx/mr-boxington-action@867fc530102eec5b756075d70d850dc8330d2272"",""class"":""staged executable stock MBX action"",""lines"":[1648]}]}",NO-CHANGE for retired refs,Fleet owner; prove host-env deployment.,2026-10-02T15:38:09Z,2026-09-22T17:44:20Z
42,ChainArgos/blockchain-nodes,ChainArgos/blockchain-nodes,R_kgDOL9sPpw,false,main,0881638712a837bdcb90b3cd811a8a9be3aa8d83,pr,#726 renovate/jdx-mr-boxington-action-1.x,3aba920f0c0e166226fcb69017dac8806b1825de,true,R1,31,0,0,0,0,4,741,jdx/mise-action@c2a87611a18de5b3828c5652fe268e992400cb5c ; jdx/mr-boxington-action@1687e54eb349cadf61fa38b5813a77875489e8e6,"{""velnor_new_paths"":[],""generic_use_or_repo_paths"":[{""path"":"".github/workflows/ci-main.yml"",""target"":""jdx/mise-action@c2a87611a18de5b3828c5652fe268e992400cb5c"",""class"":""staged executable stock tool-setup action"",""lines"":[217]},{""path"":"".github/workflows/ci-policy.yml"",""target"":""jdx/mise-action@c2a87611a18de5b3828c5652fe268e992400cb5c"",""class"":""staged executable stock tool-setup action"",""lines"":[118]},{""path"":"".github/workflows/ci-unit-rust.yml"",""target"":""jdx/mr-boxington-action@1687e54eb349cadf61fa38b5813a77875489e8e6"",""class"":""staged executable stock MBX action"",""lines"":[284]},{""path"":"".github/workflows/release.yml"",""target"":""jdx/mr-boxington-action@1687e54eb349cadf61fa38b5813a77875489e8e6"",""class"":""staged executable stock MBX action"",""lines"":[1648]}]}",NO-CHANGE for retired refs,Fleet owner; prove host-env deployment.,2026-10-02T15:38:09Z,2026-10-02T10:19:30Z
42,ChainArgos/blockchain-nodes,ChainArgos/blockchain-nodes,R_kgDOL9sPpw,false,main,0881638712a837bdcb90b3cd811a8a9be3aa8d83,pr,#727 renovate/jdx-mise-action-5.x,7aedf1bf47266cc053ffef68f56b88cb58a971fb,true,R1,31,0,0,0,0,4,741,jdx/mise-action@7a4e45a543138629540c9a1616d08632b893e492 ; jdx/mr-boxington-action@867fc530102eec5b756075d70d850dc8330d2272,"{""velnor_new_paths"":[],""generic_use_or_repo_paths"":[{""path"":"".github/workflows/ci-main.yml"",""target"":""jdx/mise-action@7a4e45a543138629540c9a1616d08632b893e492"",""class"":""staged executable stock tool-setup action"",""lines"":[217]},{""path"":"".github/workflows/ci-policy.yml"",""target"":""jdx/mise-action@7a4e45a543138629540c9a1616d08632b893e492"",""class"":""staged executable stock tool-setup action"",""lines"":[118]},{""path"":"".github/workflows/ci-unit-rust.yml"",""target"":""jdx/mr-boxington-action@867fc530102eec5b756075d70d850dc8330d2272"",""class"":""staged executable stock MBX action"",""lines"":[284]},{""path"":"".github/workflows/release.yml"",""target"":""jdx/mr-boxington-action@867fc530102eec5b756075d70d850dc8330d2272"",""class"":""staged executable stock MBX action"",""lines"":[1648]}]}",NO-CHANGE for retired refs,Fleet owner; prove host-env deployment.,2026-10-02T15:38:09Z,2026-10-01T01:01:43Z
42,ChainArgos/blockchain-nodes,ChainArgos/blockchain-nodes,R_kgDOL9sPpw,false,main,0881638712a837bdcb90b3cd811a8a9be3aa8d83,pr,#728 renovate/rust-1.x,e5b4d0ca208ab8e944ebca7ddf19edebcb8226ca,true,R1,31,0,0,0,0,4,741,jdx/mise-action@c2a87611a18de5b3828c5652fe268e992400cb5c ; jdx/mr-boxington-action@867fc530102eec5b756075d70d850dc8330d2272,"{""velnor_new_paths"":[],""generic_use_or_repo_paths"":[{""path"":"".github/workflows/ci-main.yml"",""target"":""jdx/mise-action@c2a87611a18de5b3828c5652fe268e992400cb5c"",""class"":""staged executable stock tool-setup action"",""lines"":[217]},{""path"":"".github/workflows/ci-policy.yml"",""target"":""jdx/mise-action@c2a87611a18de5b3828c5652fe268e992400cb5c"",""class"":""staged executable stock tool-setup action"",""lines"":[118]},{""path"":"".github/workflows/ci-unit-rust.yml"",""target"":""jdx/mr-boxington-action@867fc530102eec5b756075d70d850dc8330d2272"",""class"":""staged executable stock MBX action"",""lines"":[284]},{""path"":"".github/workflows/release.yml"",""target"":""jdx/mr-boxington-action@867fc530102eec5b756075d70d850dc8330d2272"",""class"":""staged executable stock MBX action"",""lines"":[1648]}]}",NO-CHANGE for retired refs,Fleet owner; prove host-env deployment.,2026-10-02T15:38:09Z,2026-10-02T05:19:36Z
43,ChainArgos/java-monorepo,ChainArgos/java-monorepo,R_kgDOMXL6eA,true,main,0a937e0c0442782bfb88c43cfdf67c1fc3f3b4f0,default,main,0a937e0c0442782bfb88c43cfdf67c1fc3f3b4f0,true,R1,31,0,0,0,0,71,185,https://github.com/tailrocks/velnor-new ; https://github.com/tailrocks/velnor-new/releases/download/generator-d40868152f7fe0106e3ede858a411f502f00810f/velnor-actions-0.1.0-aarch64-apple-darwin ; https://github.com/tailrocks/velnor-new/releases/download/generator-d40868152f7fe0106e3ede858a411f502f00810f/velnor-actions-0.1.0-x86_64-unknown-linux-gnu ; jdx/mise-action@9149ea85001c7435d5a66bb127d6a1b6227cb0a5 ; jdx/mr-boxington-action@9df1d4b18b2147788a7ee7a2c7b84ecf62fd89d3,"{""velnor_new_paths"":[{""path"":"".github/AGENTS.md"",""target"":""https://github.com/tailrocks/velnor-new"",""class"":""documentation"",""lines"":[4,19,25]},{""path"":"".github/workflows/ci.yml"",""target"":""https://github.com/tailrocks/velnor-new/releases/download/generator-d40868152f7fe0106e3ede858a411f502f00810f/velnor-actions-0.1.0-x86_64-unknown-linux-gnu"",""class"":""staged executable Velnor artifact acquisition"",""lines"":[142,224,304,392,647,902,1157,1412,1667,1893,2119,2374,2629,2884,3139,3394,3649,3904,4159,4414,4669,4924,5179]},{""path"":"".velnor/release-manifest.json"",""target"":""https://github.com/tailrocks/velnor-new/releases/download/generator-d40868152f7fe0106e3ede858a411f502f00810f/velnor-actions-0.1.0-aarch64-apple-darwin"",""class"":""declarative release-manifest/config"",""lines"":[14]},{""path"":"".velnor/release-manifest.json"",""target"":""https://github.com/tailrocks/velnor-new/releases/download/generator-d40868152f7fe0106e3ede858a411f502f00810f/velnor-actions-0.1.0-x86_64-unknown-linux-gnu"",""class"":""declarative release-manifest/config"",""lines"":[9]}],""generic_use_or_repo_paths"":[{""path"":"".github/AGENTS.md"",""target"":""https://github.com/tailrocks/velnor-new"",""class"":""documentation"",""lines"":[4,19,25]},{""path"":"".github/workflows/ci.yml"",""target"":""https://github.com/tailrocks/velnor-new/releases/download/generator-d40868152f7fe0106e3ede858a411f502f00810f/velnor-actions-0.1.0-x86_64-unknown-linux-gnu"",""class"":""staged executable Velnor artifact acquisition"",""lines"":[142,224,304,392,647,902,1157,1412,1667,1893,2119,2374,2629,2884,3139,3394,3649,3904,4159,4414,4669,4924,5179]},{""path"":"".github/workflows/ci.yml"",""target"":""jdx/mise-action@9149ea85001c7435d5a66bb127d6a1b6227cb0a5"",""class"":""staged executable stock tool-setup action"",""lines"":[31,61,281,369,624,879,1134,1389,1644,1870,2096,2351,2606,2861,3116,3371,3626,3881,4136,4391,4646,4901,5156]},{""path"":"".github/workflows/ci.yml"",""target"":""jdx/mr-boxington-action@9df1d4b18b2147788a7ee7a2c7b84ecf62fd89d3"",""class"":""staged executable stock MBX action"",""lines"":[429,684,939,1194,1449,1704,1930,2156,2411,2666,2921,3176,3431,3686,3941,4196,4451,4706,4961,5216]},{""path"":"".velnor/release-manifest.json"",""target"":""https://github.com/tailrocks/velnor-new/releases/download/generator-d40868152f7fe0106e3ede858a411f502f00810f/velnor-actions-0.1.0-aarch64-apple-darwin"",""class"":""declarative release-manifest/config"",""lines"":[14]},{""path"":"".velnor/release-manifest.json"",""target"":""https://github.com/tailrocks/velnor-new/releases/download/generator-d40868152f7fe0106e3ede858a411f502f00810f/velnor-actions-0.1.0-x86_64-unknown-linux-gnu"",""class"":""declarative release-manifest/config"",""lines"":[9]}]}",HOLD / NO-CHANGE for retired refs,ChainArgos cache owner; complete #2085 qualification.,2026-10-03T10:50:13Z,
43,ChainArgos/java-monorepo,ChainArgos/java-monorepo,R_kgDOMXL6eA,true,main,0a937e0c0442782bfb88c43cfdf67c1fc3f3b4f0,pr,#2085 n1-qualification,7cbe1db11ccabb463053a93a8a08d33bda418b29,true,R1,31,0,0,0,0,75,273,https://github.com/tailrocks/velnor-new ; https://github.com/tailrocks/velnor-new/releases/download/generator-47815c83b9eeadbaf84b741918fffa7ea550da89/velnor-actions-0.1.0-aarch64-apple-darwin ; https://github.com/tailrocks/velnor-new/releases/download/generator-47815c83b9eeadbaf84b741918fffa7ea550da89/velnor-actions-0.1.0-x86_64-unknown-linux-gnu ; jdx/mise-action@9149ea85001c7435d5a66bb127d6a1b6227cb0a5 ; jdx/mr-boxington-action@1687e54eb349cadf61fa38b5813a77875489e8e6,"{""velnor_new_paths"":[{""path"":"".github/AGENTS.md"",""target"":""https://github.com/tailrocks/velnor-new"",""class"":""documentation"",""lines"":[4,19,25]},{""path"":"".github/actions/rust-amq-protocol-types/action.yml"",""target"":""https://github.com/tailrocks/velnor-new/releases/download/generator-47815c83b9eeadbaf84b741918fffa7ea550da89/velnor-actions-0.1.0-x86_64-unknown-linux-gnu"",""class"":""static repository text"",""lines"":[35]},{""path"":"".github/actions/rust-bitcoin-grpc-server/action.yml"",""target"":""https://github.com/tailrocks/velnor-new/releases/download/generator-47815c83b9eeadbaf84b741918fffa7ea550da89/velnor-actions-0.1.0-x86_64-unknown-linux-gnu"",""class"":""static repository text"",""lines"":[35]},{""path"":"".github/actions/rust-bitcoin-migration/action.yml"",""target"":""https://github.com/tailrocks/velnor-new/releases/download/generator-47815c83b9eeadbaf84b741918fffa7ea550da89/velnor-actions-0.1.0-x86_64-unknown-linux-gnu"",""class"":""static repository text"",""lines"":[35]},{""path"":"".github/actions/rust-bitcoin-processor-app/action.yml"",""target"":""https://github.com/tailrocks/velnor-new/releases/download/generator-47815c83b9eeadbaf84b741918fffa7ea550da89/velnor-actions-0.1.0-x86_64-unknown-linux-gnu"",""class"":""static repository text"",""lines"":[35]},{""path"":"".github/actions/rust-blockchain-explorer/action.yml"",""target"":""https://github.com/tailrocks/velnor-new/releases/download/generator-47815c83b9eeadbaf84b741918fffa7ea550da89/velnor-actions-0.1.0-x86_64-unknown-linux-gnu"",""class"":""static repository text"",""lines"":[35]},{""path"":"".github/actions/rust-chainargos-logo/action.yml"",""target"":""https://github.com/tailrocks/velnor-new/releases/download/generator-47815c83b9eeadbaf84b741918fffa7ea550da89/velnor-actions-0.1.0-x86_64-unknown-linux-gnu"",""class"":""static repository text"",""lines"":[35]},{""path"":"".github/actions/rust-chainargos-scripts/action.yml"",""target"":""https://github.com/tailrocks/velnor-new/releases/download/generator-47815c83b9eeadbaf84b741918fffa7ea550da89/velnor-actions-0.1.0-x86_64-unknown-linux-gnu"",""class"":""static repository text"",""lines"":[35]},{""path"":"".github/actions/rust-coingecko-pricing-app/action.yml"",""target"":""https://github.com/tailrocks/velnor-new/releases/download/generator-47815c83b9eeadbaf84b741918fffa7ea550da89/velnor-actions-0.1.0-x86_64-unknown-linux-gnu"",""class"":""static repository text"",""lines"":[35]},{""path"":"".github/actions/rust-eth-grpc-server/action.yml"",""target"":""https://github.com/tailrocks/velnor-new/releases/download/generator-47815c83b9eeadbaf84b741918fffa7ea550da89/velnor-actions-0.1.0-x86_64-unknown-linux-gnu"",""class"":""static repository text"",""lines"":[35]},{""path"":"".github/actions/rust-eth-migration/action.yml"",""target"":""https://github.com/tailrocks/velnor-new/releases/download/generator-47815c83b9eeadbaf84b741918fffa7ea550da89/velnor-actions-0.1.0-x86_64-unknown-linux-gnu"",""class"":""static repository text"",""lines"":[35]},{""path"":"".github/actions/rust-eth-processor-app/action.yml"",""target"":""https://github.com/tailrocks/velnor-new/releases/download/generator-47815c83b9eeadbaf84b741918fffa7ea550da89/velnor-actions-0.1.0-x86_64-unknown-linux-gnu"",""class"":""static repository text"",""lines"":[35]},{""path"":"".github/actions/rust-legacy-grpc-server/action.yml"",""target"":""https://github.com/tailrocks/velnor-new/releases/download/generator-47815c83b9eeadbaf84b741918fffa7ea550da89/velnor-actions-0.1.0-x86_64-unknown-linux-gnu"",""class"":""static repository text"",""lines"":[35]},{""path"":"".github/actions/rust-legacy-migration/action.yml"",""target"":""https://github.com/tailrocks/velnor-new/releases/download/generator-47815c83b9eeadbaf84b741918fffa7ea550da89/velnor-actions-0.1.0-x86_64-unknown-linux-gnu"",""class"":""static repository text"",""lines"":[35]},{""path"":"".github/actions/rust-lightdash-csv-delivery-app/action.yml"",""target"":""https://github.com/tailrocks/velnor-new/releases/download/generator-47815c83b9eeadbaf84b741918fffa7ea550da89/velnor-actions-0.1.0-x86_64-unknown-linux-gnu"",""class"":""static repository text"",""lines"":[35]},{""path"":"".github/actions/rust-processor-compare-app/action.yml"",""target"":""https://github.com/tailrocks/velnor-new/releases/download/generator-47815c83b9eeadbaf84b741918fffa7ea550da89/velnor-actions-0.1.0-x86_64-unknown-linux-gnu"",""class"":""static repository text"",""lines"":[35]},{""path"":"".github/actions/rust-processor-monitor-app/action.yml"",""target"":""https://github.com/tailrocks/velnor-new/releases/download/generator-47815c83b9eeadbaf84b741918fffa7ea550da89/velnor-actions-0.1.0-x86_64-unknown-linux-gnu"",""class"":""static repository text"",""lines"":[35]},{""path"":"".github/actions/rust-processor-rpc-binding/action.yml"",""target"":""https://github.com/tailrocks/velnor-new/releases/download/generator-47815c83b9eeadbaf84b741918fffa7ea550da89/velnor-actions-0.1.0-x86_64-unknown-linux-gnu"",""class"":""static repository text"",""lines"":[35]},{""path"":"".github/actions/rust-tron-grpc-server/action.yml"",""target"":""https://github.com/tailrocks/velnor-new/releases/download/generator-47815c83b9eeadbaf84b741918fffa7ea550da89/velnor-actions-0.1.0-x86_64-unknown-linux-gnu"",""class"":""static repository text"",""lines"":[35]},{""path"":"".github/actions/rust-tron-migration/action.yml"",""target"":""https://github.com/tailrocks/velnor-new/releases/download/generator-47815c83b9eeadbaf84b741918fffa7ea550da89/velnor-actions-0.1.0-x86_64-unknown-linux-gnu"",""class"":""static repository text"",""lines"":[35]},{""path"":"".github/actions/rust-tron-processor-app/action.yml"",""target"":""https://github.com/tailrocks/velnor-new/releases/download/generator-47815c83b9eeadbaf84b741918fffa7ea550da89/velnor-actions-0.1.0-x86_64-unknown-linux-gnu"",""class"":""static repository text"",""lines"":[35]},{""path"":"".github/workflows/ci.yml"",""target"":""https://github.com/tailrocks/velnor-new/releases/download/generator-47815c83b9eeadbaf84b741918fffa7ea550da89/velnor-actions-0.1.0-x86_64-unknown-linux-gnu"",""class"":""staged executable Velnor artifact acquisition"",""lines"":[135,217,318]},{""path"":"".velnor/release-manifest.json"",""target"":""https://github.com/tailrocks/velnor-new/releases/download/generator-47815c83b9eeadbaf84b741918fffa7ea550da89/velnor-actions-0.1.0-aarch64-apple-darwin"",""class"":""declarative release-manifest/config"",""lines"":[14]},{""path"":"".velnor/release-manifest.json"",""target"":""https://github.com/tailrocks/velnor-new/releases/download/generator-47815c83b9eeadbaf84b741918fffa7ea550da89/velnor-actions-0.1.0-x86_64-unknown-linux-gnu"",""class"":""declarative release-manifest/config"",""lines"":[9]}],""generic_use_or_repo_paths"":[{""path"":"".github/AGENTS.md"",""target"":""https://github.com/tailrocks/velnor-new"",""class"":""documentation"",""lines"":[4,19,25]},{""path"":"".github/actions/actionlint/action.yml"",""target"":""jdx/mise-action@9149ea85001c7435d5a66bb127d6a1b6227cb0a5"",""class"":""source/template reference; no execution inferred"",""lines"":[12]},{""path"":"".github/actions/rust-amq-protocol-types/action.yml"",""target"":""https://github.com/tailrocks/velnor-new/releases/download/generator-47815c83b9eeadbaf84b741918fffa7ea550da89/velnor-actions-0.1.0-x86_64-unknown-linux-gnu"",""class"":""static repository text"",""lines"":[35]},{""path"":"".github/actions/rust-amq-protocol-types/action.yml"",""target"":""jdx/mise-action@9149ea85001c7435d5a66bb127d6a1b6227cb0a5"",""class"":""source/template reference; no execution inferred"",""lines"":[12]},{""path"":"".github/actions/rust-amq-protocol-types/action.yml"",""target"":""jdx/mr-boxington-action@1687e54eb349cadf61fa38b5813a77875489e8e6"",""class"":""source/template reference; no execution inferred"",""lines"":[76]},{""path"":"".github/actions/rust-bitcoin-grpc-server/action.yml"",""target"":""https://github.com/tailrocks/velnor-new/releases/download/generator-47815c83b9eeadbaf84b741918fffa7ea550da89/velnor-actions-0.1.0-x86_64-unknown-linux-gnu"",""class"":""static repository text"",""lines"":[35]},{""path"":"".github/actions/rust-bitcoin-grpc-server/action.yml"",""target"":""jdx/mise-action@9149ea85001c7435d5a66bb127d6a1b6227cb0a5"",""class"":""source/template reference; no execution inferred"",""lines"":[12]},{""path"":"".github/actions/rust-bitcoin-grpc-server/action.yml"",""target"":""jdx/mr-boxington-action@1687e54eb349cadf61fa38b5813a77875489e8e6"",""class"":""source/template reference; no execution inferred"",""lines"":[76]},{""path"":"".github/actions/rust-bitcoin-migration/action.yml"",""target"":""https://github.com/tailrocks/velnor-new/releases/download/generator-47815c83b9eeadbaf84b741918fffa7ea550da89/velnor-actions-0.1.0-x86_64-unknown-linux-gnu"",""class"":""static repository text"",""lines"":[35]},{""path"":"".github/actions/rust-bitcoin-migration/action.yml"",""target"":""jdx/mise-action@9149ea85001c7435d5a66bb127d6a1b6227cb0a5"",""class"":""source/template reference; no execution inferred"",""lines"":[12]},{""path"":"".github/actions/rust-bitcoin-migration/action.yml"",""target"":""jdx/mr-boxington-action@1687e54eb349cadf61fa38b5813a77875489e8e6"",""class"":""source/template reference; no execution inferred"",""lines"":[76]},{""path"":"".github/actions/rust-bitcoin-processor-app/action.yml"",""target"":""https://github.com/tailrocks/velnor-new/releases/download/generator-47815c83b9eeadbaf84b741918fffa7ea550da89/velnor-actions-0.1.0-x86_64-unknown-linux-gnu"",""class"":""static repository text"",""lines"":[35]},{""path"":"".github/actions/rust-bitcoin-processor-app/action.yml"",""target"":""jdx/mise-action@9149ea85001c7435d5a66bb127d6a1b6227cb0a5"",""class"":""source/template reference; no execution inferred"",""lines"":[12]},{""path"":"".github/actions/rust-bitcoin-processor-app/action.yml"",""target"":""jdx/mr-boxington-action@1687e54eb349cadf61fa38b5813a77875489e8e6"",""class"":""source/template reference; no execution inferred"",""lines"":[76]},{""path"":"".github/actions/rust-blockchain-explorer/action.yml"",""target"":""https://github.com/tailrocks/velnor-new/releases/download/generator-47815c83b9eeadbaf84b741918fffa7ea550da89/velnor-actions-0.1.0-x86_64-unknown-linux-gnu"",""class"":""static repository text"",""lines"":[35]},{""path"":"".github/actions/rust-blockchain-explorer/action.yml"",""target"":""jdx/mise-action@9149ea85001c7435d5a66bb127d6a1b6227cb0a5"",""class"":""source/template reference; no execution inferred"",""lines"":[12]},{""path"":"".github/actions/rust-blockchain-explorer/action.yml"",""target"":""jdx/mr-boxington-action@1687e54eb349cadf61fa38b5813a77875489e8e6"",""class"":""source/template reference; no execution inferred"",""lines"":[76]},{""path"":"".github/actions/rust-chainargos-logo/action.yml"",""target"":""https://github.com/tailrocks/velnor-new/releases/download/generator-47815c83b9eeadbaf84b741918fffa7ea550da89/velnor-actions-0.1.0-x86_64-unknown-linux-gnu"",""class"":""static repository text"",""lines"":[35]},{""path"":"".github/actions/rust-chainargos-logo/action.yml"",""target"":""jdx/mise-action@9149ea85001c7435d5a66bb127d6a1b6227cb0a5"",""class"":""source/template reference; no execution inferred"",""lines"":[12]},{""path"":"".github/actions/rust-chainargos-logo/action.yml"",""target"":""jdx/mr-boxington-action@1687e54eb349cadf61fa38b5813a77875489e8e6"",""class"":""source/template reference; no execution inferred"",""lines"":[76]},{""path"":"".github/actions/rust-chainargos-scripts/action.yml"",""target"":""https://github.com/tailrocks/velnor-new/releases/download/generator-47815c83b9eeadbaf84b741918fffa7ea550da89/velnor-actions-0.1.0-x86_64-unknown-linux-gnu"",""class"":""static repository text"",""lines"":[35]},{""path"":"".github/actions/rust-chainargos-scripts/action.yml"",""target"":""jdx/mise-action@9149ea85001c7435d5a66bb127d6a1b6227cb0a5"",""class"":""source/template reference; no execution inferred"",""lines"":[12]},{""path"":"".github/actions/rust-chainargos-scripts/action.yml"",""target"":""jdx/mr-boxington-action@1687e54eb349cadf61fa38b5813a77875489e8e6"",""class"":""source/template reference; no execution inferred"",""lines"":[76]},{""path"":"".github/actions/rust-coingecko-pricing-app/action.yml"",""target"":""https://github.com/tailrocks/velnor-new/releases/download/generator-47815c83b9eeadbaf84b741918fffa7ea550da89/velnor-actions-0.1.0-x86_64-unknown-linux-gnu"",""class"":""static repository text"",""lines"":[35]},{""path"":"".github/actions/rust-coingecko-pricing-app/action.yml"",""target"":""jdx/mise-action@9149ea85001c7435d5a66bb127d6a1b6227cb0a5"",""class"":""source/template reference; no execution inferred"",""lines"":[12]},{""path"":"".github/actions/rust-coingecko-pricing-app/action.yml"",""target"":""jdx/mr-boxington-action@1687e54eb349cadf61fa38b5813a77875489e8e6"",""class"":""source/template reference; no execution inferred"",""lines"":[76]},{""path"":"".github/actions/rust-eth-grpc-server/action.yml"",""target"":""https://github.com/tailrocks/velnor-new/releases/download/generator-47815c83b9eeadbaf84b741918fffa7ea550da89/velnor-actions-0.1.0-x86_64-unknown-linux-gnu"",""class"":""static repository text"",""lines"":[35]},{""path"":"".github/actions/rust-eth-grpc-server/action.yml"",""target"":""jdx/mise-action@9149ea85001c7435d5a66bb127d6a1b6227cb0a5"",""class"":""source/template reference; no execution inferred"",""lines"":[12]},{""path"":"".github/actions/rust-eth-grpc-server/action.yml"",""target"":""jdx/mr-boxington-action@1687e54eb349cadf61fa38b5813a77875489e8e6"",""class"":""source/template reference; no execution inferred"",""lines"":[76]},{""path"":"".github/actions/rust-eth-migration/action.yml"",""target"":""https://github.com/tailrocks/velnor-new/releases/download/generator-47815c83b9eeadbaf84b741918fffa7ea550da89/velnor-actions-0.1.0-x86_64-unknown-linux-gnu"",""class"":""static repository text"",""lines"":[35]},{""path"":"".github/actions/rust-eth-migration/action.yml"",""target"":""jdx/mise-action@9149ea85001c7435d5a66bb127d6a1b6227cb0a5"",""class"":""source/template reference; no execution inferred"",""lines"":[12]},{""path"":"".github/actions/rust-eth-migration/action.yml"",""target"":""jdx/mr-boxington-action@1687e54eb349cadf61fa38b5813a77875489e8e6"",""class"":""source/template reference; no execution inferred"",""lines"":[76]},{""path"":"".github/actions/rust-eth-processor-app/action.yml"",""target"":""https://github.com/tailrocks/velnor-new/releases/download/generator-47815c83b9eeadbaf84b741918fffa7ea550da89/velnor-actions-0.1.0-x86_64-unknown-linux-gnu"",""class"":""static repository text"",""lines"":[35]},{""path"":"".github/actions/rust-eth-processor-app/action.yml"",""target"":""jdx/mise-action@9149ea85001c7435d5a66bb127d6a1b6227cb0a5"",""class"":""source/template reference; no execution inferred"",""lines"":[12]},{""path"":"".github/actions/rust-eth-processor-app/action.yml"",""target"":""jdx/mr-boxington-action@1687e54eb349cadf61fa38b5813a77875489e8e6"",""class"":""source/template reference; no execution inferred"",""lines"":[76]},{""path"":"".github/actions/rust-legacy-grpc-server/action.yml"",""target"":""https://github.com/tailrocks/velnor-new/releases/download/generator-47815c83b9eeadbaf84b741918fffa7ea550da89/velnor-actions-0.1.0-x86_64-unknown-linux-gnu"",""class"":""static repository text"",""lines"":[35]},{""path"":"".github/actions/rust-legacy-grpc-server/action.yml"",""target"":""jdx/mise-action@9149ea85001c7435d5a66bb127d6a1b6227cb0a5"",""class"":""source/template reference; no execution inferred"",""lines"":[12]},{""path"":"".github/actions/rust-legacy-grpc-server/action.yml"",""target"":""jdx/mr-boxington-action@1687e54eb349cadf61fa38b5813a77875489e8e6"",""class"":""source/template reference; no execution inferred"",""lines"":[76]},{""path"":"".github/actions/rust-legacy-migration/action.yml"",""target"":""https://github.com/tailrocks/velnor-new/releases/download/generator-47815c83b9eeadbaf84b741918fffa7ea550da89/velnor-actions-0.1.0-x86_64-unknown-linux-gnu"",""class"":""static repository text"",""lines"":[35]},{""path"":"".github/actions/rust-legacy-migration/action.yml"",""target"":""jdx/mise-action@9149ea85001c7435d5a66bb127d6a1b6227cb0a5"",""class"":""source/template reference; no execution inferred"",""lines"":[12]},{""path"":"".github/actions/rust-legacy-migration/action.yml"",""target"":""jdx/mr-boxington-action@1687e54eb349cadf61fa38b5813a77875489e8e6"",""class"":""source/template reference; no execution inferred"",""lines"":[76]},{""path"":"".github/actions/rust-lightdash-csv-delivery-app/action.yml"",""target"":""https://github.com/tailrocks/velnor-new/releases/download/generator-47815c83b9eeadbaf84b741918fffa7ea550da89/velnor-actions-0.1.0-x86_64-unknown-linux-gnu"",""class"":""static repository text"",""lines"":[35]},{""path"":"".github/actions/rust-lightdash-csv-delivery-app/action.yml"",""target"":""jdx/mise-action@9149ea85001c7435d5a66bb127d6a1b6227cb0a5"",""class"":""source/template reference; no execution inferred"",""lines"":[12]},{""path"":"".github/actions/rust-lightdash-csv-delivery-app/action.yml"",""target"":""jdx/mr-boxington-action@1687e54eb349cadf61fa38b5813a77875489e8e6"",""class"":""source/template reference; no execution inferred"",""lines"":[76]},{""path"":"".github/actions/rust-processor-compare-app/action.yml"",""target"":""https://github.com/tailrocks/velnor-new/releases/download/generator-47815c83b9eeadbaf84b741918fffa7ea550da89/velnor-actions-0.1.0-x86_64-unknown-linux-gnu"",""class"":""static repository text"",""lines"":[35]},{""path"":"".github/actions/rust-processor-compare-app/action.yml"",""target"":""jdx/mise-action@9149ea85001c7435d5a66bb127d6a1b6227cb0a5"",""class"":""source/template reference; no execution inferred"",""lines"":[12]},{""path"":"".github/actions/rust-processor-compare-app/action.yml"",""target"":""jdx/mr-boxington-action@1687e54eb349cadf61fa38b5813a77875489e8e6"",""class"":""source/template reference; no execution inferred"",""lines"":[76]},{""path"":"".github/actions/rust-processor-monitor-app/action.yml"",""target"":""https://github.com/tailrocks/velnor-new/releases/download/generator-47815c83b9eeadbaf84b741918fffa7ea550da89/velnor-actions-0.1.0-x86_64-unknown-linux-gnu"",""class"":""static repository text"",""lines"":[35]},{""path"":"".github/actions/rust-processor-monitor-app/action.yml"",""target"":""jdx/mise-action@9149ea85001c7435d5a66bb127d6a1b6227cb0a5"",""class"":""source/template reference; no execution inferred"",""lines"":[12]},{""path"":"".github/actions/rust-processor-monitor-app/action.yml"",""target"":""jdx/mr-boxington-action@1687e54eb349cadf61fa38b5813a77875489e8e6"",""class"":""source/template reference; no execution inferred"",""lines"":[76]},{""path"":"".github/actions/rust-processor-rpc-binding/action.yml"",""target"":""https://github.com/tailrocks/velnor-new/releases/download/generator-47815c83b9eeadbaf84b741918fffa7ea550da89/velnor-actions-0.1.0-x86_64-unknown-linux-gnu"",""class"":""static repository text"",""lines"":[35]},{""path"":"".github/actions/rust-processor-rpc-binding/action.yml"",""target"":""jdx/mise-action@9149ea85001c7435d5a66bb127d6a1b6227cb0a5"",""class"":""source/template reference; no execution inferred"",""lines"":[12]},{""path"":"".github/actions/rust-processor-rpc-binding/action.yml"",""target"":""jdx/mr-boxington-action@1687e54eb349cadf61fa38b5813a77875489e8e6"",""class"":""source/template reference; no execution inferred"",""lines"":[76]},{""path"":"".github/actions/rust-tron-grpc-server/action.yml"",""target"":""https://github.com/tailrocks/velnor-new/releases/download/generator-47815c83b9eeadbaf84b741918fffa7ea550da89/velnor-actions-0.1.0-x86_64-unknown-linux-gnu"",""class"":""static repository text"",""lines"":[35]},{""path"":"".github/actions/rust-tron-grpc-server/action.yml"",""target"":""jdx/mise-action@9149ea85001c7435d5a66bb127d6a1b6227cb0a5"",""class"":""source/template reference; no execution inferred"",""lines"":[12]},{""path"":"".github/actions/rust-tron-grpc-server/action.yml"",""target"":""jdx/mr-boxington-action@1687e54eb349cadf61fa38b5813a77875489e8e6"",""class"":""source/template reference; no execution inferred"",""lines"":[76]},{""path"":"".github/actions/rust-tron-migration/action.yml"",""target"":""https://github.com/tailrocks/velnor-new/releases/download/generator-47815c83b9eeadbaf84b741918fffa7ea550da89/velnor-actions-0.1.0-x86_64-unknown-linux-gnu"",""class"":""static repository text"",""lines"":[35]},{""path"":"".github/actions/rust-tron-migration/action.yml"",""target"":""jdx/mise-action@9149ea85001c7435d5a66bb127d6a1b6227cb0a5"",""class"":""source/template reference; no execution inferred"",""lines"":[12]},{""path"":"".github/actions/rust-tron-migration/action.yml"",""target"":""jdx/mr-boxington-action@1687e54eb349cadf61fa38b5813a77875489e8e6"",""class"":""source/template reference; no execution inferred"",""lines"":[76]},{""path"":"".github/actions/rust-tron-processor-app/action.yml"",""target"":""https://github.com/tailrocks/velnor-new/releases/download/generator-47815c83b9eeadbaf84b741918fffa7ea550da89/velnor-actions-0.1.0-x86_64-unknown-linux-gnu"",""class"":""static repository text"",""lines"":[35]},{""path"":"".github/actions/rust-tron-processor-app/action.yml"",""target"":""jdx/mise-action@9149ea85001c7435d5a66bb127d6a1b6227cb0a5"",""class"":""source/template reference; no execution inferred"",""lines"":[12]},{""path"":"".github/actions/rust-tron-processor-app/action.yml"",""target"":""jdx/mr-boxington-action@1687e54eb349cadf61fa38b5813a77875489e8e6"",""class"":""source/template reference; no execution inferred"",""lines"":[76]},{""path"":"".github/workflows/ci.yml"",""target"":""https://github.com/tailrocks/velnor-new/releases/download/generator-47815c83b9eeadbaf84b741918fffa7ea550da89/velnor-actions-0.1.0-x86_64-unknown-linux-gnu"",""class"":""staged executable Velnor artifact acquisition"",""lines"":[135,217,318]},{""path"":"".github/workflows/ci.yml"",""target"":""jdx/mise-action@9149ea85001c7435d5a66bb127d6a1b6227cb0a5"",""class"":""staged executable stock tool-setup action"",""lines"":[54,295]},{""path"":"".github/workflows/qualification.yml"",""target"":""jdx/mise-action@9149ea85001c7435d5a66bb127d6a1b6227cb0a5"",""class"":""staged executable stock tool-setup action"",""lines"":[660,717]},{""path"":"".github/workflows/qualification.yml"",""target"":""jdx/mr-boxington-action@1687e54eb349cadf61fa38b5813a77875489e8e6"",""class"":""staged executable stock MBX action"",""lines"":[671,728]},{""path"":"".velnor/release-manifest.json"",""target"":""https://github.com/tailrocks/velnor-new/releases/download/generator-47815c83b9eeadbaf84b741918fffa7ea550da89/velnor-actions-0.1.0-aarch64-apple-darwin"",""class"":""declarative release-manifest/config"",""lines"":[14]},{""path"":"".velnor/release-manifest.json"",""target"":""https://github.com/tailrocks/velnor-new/releases/download/generator-47815c83b9eeadbaf84b741918fffa7ea550da89/velnor-actions-0.1.0-x86_64-unknown-linux-gnu"",""class"":""declarative release-manifest/config"",""lines"":[9]}]}",HOLD / NO-CHANGE for retired refs,ChainArgos cache owner; complete #2085 qualification.,2026-10-03T10:50:13Z,2026-10-04T05:01:14Z
44,ChainArgos/jackin-agent-brown,ChainArgos/jackin-agent-brown,R_kgDOR3ckuA,true,main,6b2ac2277103a22b9ae155bc92415ca5ddf05f95,default,main,6b2ac2277103a22b9ae155bc92415ca5ddf05f95,true,R1,31,0,0,0,0,11,13,https://github.com/tailrocks/velnor-new ; https://github.com/tailrocks/velnor-new/releases/download/v0.1.0/velnor-actions-0.1.0-aarch64-apple-darwin ; https://github.com/tailrocks/velnor-new/releases/download/v0.1.0/velnor-actions-0.1.0-x86_64-unknown-linux-gnu ; jdx/mise-action@9149ea85001c7435d5a66bb127d6a1b6227cb0a5,"{""velnor_new_paths"":[{""path"":"".github/AGENTS.md"",""target"":""https://github.com/tailrocks/velnor-new"",""class"":""documentation"",""lines"":[4,19,25]},{""path"":"".github/workflows/ci.yml"",""target"":""https://github.com/tailrocks/velnor-new/releases/download/v0.1.0/velnor-actions-0.1.0-x86_64-unknown-linux-gnu"",""class"":""staged executable Velnor artifact acquisition"",""lines"":[106,188,248]},{""path"":"".velnor/release-manifest.json"",""target"":""https://github.com/tailrocks/velnor-new/releases/download/v0.1.0/velnor-actions-0.1.0-aarch64-apple-darwin"",""class"":""declarative release-manifest/config"",""lines"":[14]},{""path"":"".velnor/release-manifest.json"",""target"":""https://github.com/tailrocks/velnor-new/releases/download/v0.1.0/velnor-actions-0.1.0-x86_64-unknown-linux-gnu"",""class"":""declarative release-manifest/config"",""lines"":[9]}],""generic_use_or_repo_paths"":[{""path"":"".github/AGENTS.md"",""target"":""https://github.com/tailrocks/velnor-new"",""class"":""documentation"",""lines"":[4,19,25]},{""path"":"".github/workflows/ci.yml"",""target"":""https://github.com/tailrocks/velnor-new/releases/download/v0.1.0/velnor-actions-0.1.0-x86_64-unknown-linux-gnu"",""class"":""staged executable Velnor artifact acquisition"",""lines"":[106,188,248]},{""path"":"".github/workflows/ci.yml"",""target"":""jdx/mise-action@9149ea85001c7435d5a66bb127d6a1b6227cb0a5"",""class"":""staged executable stock tool-setup action"",""lines"":[31,61,225]},{""path"":"".velnor/release-manifest.json"",""target"":""https://github.com/tailrocks/velnor-new/releases/download/v0.1.0/velnor-actions-0.1.0-aarch64-apple-darwin"",""class"":""declarative release-manifest/config"",""lines"":[14]},{""path"":"".velnor/release-manifest.json"",""target"":""https://github.com/tailrocks/velnor-new/releases/download/v0.1.0/velnor-actions-0.1.0-x86_64-unknown-linux-gnu"",""class"":""declarative release-manifest/config"",""lines"":[9]}]}",HOLD / NO-CHANGE for retired refs,Brown owner; complete #241 rollout and runner/cache qualification.,2026-10-02T15:29:28Z,
44,ChainArgos/jackin-agent-brown,ChainArgos/jackin-agent-brown,R_kgDOR3ckuA,true,main,6b2ac2277103a22b9ae155bc92415ca5ddf05f95,pr,#223 renovate/astral-sh-uv-0.x,3e09328724536a18eb5dfafcb0cbc6c362a00658,true,R1,31,0,0,0,0,4,19,jdx/mise-action@c2a87611a18de5b3828c5652fe268e992400cb5c,"{""velnor_new_paths"":[],""generic_use_or_repo_paths"":[{""path"":"".github/workflows/gitleaks-history.yml"",""target"":""jdx/mise-action@c2a87611a18de5b3828c5652fe268e992400cb5c"",""class"":""staged executable stock tool-setup action"",""lines"":[38,63]},{""path"":"".github/workflows/precommit.yml"",""target"":""jdx/mise-action@c2a87611a18de5b3828c5652fe268e992400cb5c"",""class"":""staged executable stock tool-setup action"",""lines"":[44,68]}]}",HOLD / NO-CHANGE for retired refs,Brown owner; complete #241 rollout and runner/cache qualification.,2026-10-02T15:29:28Z,2026-09-21T11:05:59Z
44,ChainArgos/jackin-agent-brown,ChainArgos/jackin-agent-brown,R_kgDOR3ckuA,true,main,6b2ac2277103a22b9ae155bc92415ca5ddf05f95,pr,#224 renovate/ctx7-0.x,ac8ec33e0f1ae86a05ced8109ee1800c1ab26910,true,R1,31,0,0,0,0,4,19,jdx/mise-action@c2a87611a18de5b3828c5652fe268e992400cb5c,"{""velnor_new_paths"":[],""generic_use_or_repo_paths"":[{""path"":"".github/workflows/gitleaks-history.yml"",""target"":""jdx/mise-action@c2a87611a18de5b3828c5652fe268e992400cb5c"",""class"":""staged executable stock tool-setup action"",""lines"":[38,63]},{""path"":"".github/workflows/precommit.yml"",""target"":""jdx/mise-action@c2a87611a18de5b3828c5652fe268e992400cb5c"",""class"":""staged executable stock tool-setup action"",""lines"":[44,68]}]}",HOLD / NO-CHANGE for retired refs,Brown owner; complete #241 rollout and runner/cache qualification.,2026-10-02T15:29:28Z,2026-09-21T11:06:32Z
44,ChainArgos/jackin-agent-brown,ChainArgos/jackin-agent-brown,R_kgDOR3ckuA,true,main,6b2ac2277103a22b9ae155bc92415ca5ddf05f95,pr,#227 renovate/headroom-ai-0.x,fbe2f2ad8425f4aba4f7b285de6e7f05f92fb834,true,R1,31,0,0,0,0,4,19,jdx/mise-action@c2a87611a18de5b3828c5652fe268e992400cb5c,"{""velnor_new_paths"":[],""generic_use_or_repo_paths"":[{""path"":"".github/workflows/gitleaks-history.yml"",""target"":""jdx/mise-action@c2a87611a18de5b3828c5652fe268e992400cb5c"",""class"":""staged executable stock tool-setup action"",""lines"":[38,63]},{""path"":"".github/workflows/precommit.yml"",""target"":""jdx/mise-action@c2a87611a18de5b3828c5652fe268e992400cb5c"",""class"":""staged executable stock tool-setup action"",""lines"":[44,68]}]}",HOLD / NO-CHANGE for retired refs,Brown owner; complete #241 rollout and runner/cache qualification.,2026-10-02T15:29:28Z,2026-09-21T11:07:07Z
44,ChainArgos/jackin-agent-brown,ChainArgos/jackin-agent-brown,R_kgDOR3ckuA,true,main,6b2ac2277103a22b9ae155bc92415ca5ddf05f95,pr,#228 renovate/juliusbrussee-caveman-2.x,43e2c6c684096c994eb1a05f068a343473e0f662,true,R1,31,0,0,0,0,4,19,jdx/mise-action@c2a87611a18de5b3828c5652fe268e992400cb5c,"{""velnor_new_paths"":[],""generic_use_or_repo_paths"":[{""path"":"".github/workflows/gitleaks-history.yml"",""target"":""jdx/mise-action@c2a87611a18de5b3828c5652fe268e992400cb5c"",""class"":""staged executable stock tool-setup action"",""lines"":[38,63]},{""path"":"".github/workflows/precommit.yml"",""target"":""jdx/mise-action@c2a87611a18de5b3828c5652fe268e992400cb5c"",""class"":""staged executable stock tool-setup action"",""lines"":[44,68]}]}",HOLD / NO-CHANGE for retired refs,Brown owner; complete #241 rollout and runner/cache qualification.,2026-10-02T15:29:28Z,2026-09-21T11:07:37Z
44,ChainArgos/jackin-agent-brown,ChainArgos/jackin-agent-brown,R_kgDOR3ckuA,true,main,6b2ac2277103a22b9ae155bc92415ca5ddf05f95,pr,#229 renovate/ast-grep-0.x,1e6d7c7068bbce5cb4f202b49bd22d3f891b7b64,true,R1,31,0,0,0,0,4,19,jdx/mise-action@c2a87611a18de5b3828c5652fe268e992400cb5c,"{""velnor_new_paths"":[],""generic_use_or_repo_paths"":[{""path"":"".github/workflows/gitleaks-history.yml"",""target"":""jdx/mise-action@c2a87611a18de5b3828c5652fe268e992400cb5c"",""class"":""staged executable stock tool-setup action"",""lines"":[38,63]},{""path"":"".github/workflows/precommit.yml"",""target"":""jdx/mise-action@c2a87611a18de5b3828c5652fe268e992400cb5c"",""class"":""staged executable stock tool-setup action"",""lines"":[44,68]}]}",HOLD / NO-CHANGE for retired refs,Brown owner; complete #241 rollout and runner/cache qualification.,2026-10-02T15:29:28Z,2026-09-21T11:05:50Z
44,ChainArgos/jackin-agent-brown,ChainArgos/jackin-agent-brown,R_kgDOR3ckuA,true,main,6b2ac2277103a22b9ae155bc92415ca5ddf05f95,pr,#230 renovate/renovatebot-github-action-46.x,f76eafed778b129c2ab94c6be05b048976f6210c,true,R1,31,0,0,0,0,4,19,jdx/mise-action@c2a87611a18de5b3828c5652fe268e992400cb5c,"{""velnor_new_paths"":[],""generic_use_or_repo_paths"":[{""path"":"".github/workflows/gitleaks-history.yml"",""target"":""jdx/mise-action@c2a87611a18de5b3828c5652fe268e992400cb5c"",""class"":""staged executable stock tool-setup action"",""lines"":[38,63]},{""path"":"".github/workflows/precommit.yml"",""target"":""jdx/mise-action@c2a87611a18de5b3828c5652fe268e992400cb5c"",""class"":""staged executable stock tool-setup action"",""lines"":[44,68]}]}",HOLD / NO-CHANGE for retired refs,Brown owner; complete #241 rollout and runner/cache qualification.,2026-10-02T15:29:28Z,2026-09-21T11:08:28Z
44,ChainArgos/jackin-agent-brown,ChainArgos/jackin-agent-brown,R_kgDOR3ckuA,true,main,6b2ac2277103a22b9ae155bc92415ca5ddf05f95,pr,#234 renovate/prek-0.x,3dd276d3a63fe9ec66e9dbde9e4db152df808932,true,R1,31,0,0,0,0,4,19,jdx/mise-action@c2a87611a18de5b3828c5652fe268e992400cb5c,"{""velnor_new_paths"":[],""generic_use_or_repo_paths"":[{""path"":"".github/workflows/gitleaks-history.yml"",""target"":""jdx/mise-action@c2a87611a18de5b3828c5652fe268e992400cb5c"",""class"":""staged executable stock tool-setup action"",""lines"":[38,63]},{""path"":"".github/workflows/precommit.yml"",""target"":""jdx/mise-action@c2a87611a18de5b3828c5652fe268e992400cb5c"",""class"":""staged executable stock tool-setup action"",""lines"":[44,68]}]}",HOLD / NO-CHANGE for retired refs,Brown owner; complete #241 rollout and runner/cache qualification.,2026-10-02T15:29:28Z,2026-09-21T11:06:37Z
44,ChainArgos/jackin-agent-brown,ChainArgos/jackin-agent-brown,R_kgDOR3ckuA,true,main,6b2ac2277103a22b9ae155bc92415ca5ddf05f95,pr,#235 renovate/rust-lang-rust-1.x,7855d5367ab7ce215ffc2e4960570bc6464889fa,true,R1,31,0,0,0,0,4,19,jdx/mise-action@c2a87611a18de5b3828c5652fe268e992400cb5c,"{""velnor_new_paths"":[],""generic_use_or_repo_paths"":[{""path"":"".github/workflows/gitleaks-history.yml"",""target"":""jdx/mise-action@c2a87611a18de5b3828c5652fe268e992400cb5c"",""class"":""staged executable stock tool-setup action"",""lines"":[38,63]},{""path"":"".github/workflows/precommit.yml"",""target"":""jdx/mise-action@c2a87611a18de5b3828c5652fe268e992400cb5c"",""class"":""staged executable stock tool-setup action"",""lines"":[44,68]}]}",HOLD / NO-CHANGE for retired refs,Brown owner; complete #241 rollout and runner/cache qualification.,2026-10-02T15:29:28Z,2026-09-21T11:06:43Z
44,ChainArgos/jackin-agent-brown,ChainArgos/jackin-agent-brown,R_kgDOR3ckuA,true,main,6b2ac2277103a22b9ae155bc92415ca5ddf05f95,pr,#236 renovate/cargo-bins-cargo-binstall-1.x,a5e0a2452719d1b44fd21d24cd0ada73835d7ff1,true,R1,31,0,0,0,0,4,19,jdx/mise-action@c2a87611a18de5b3828c5652fe268e992400cb5c,"{""velnor_new_paths"":[],""generic_use_or_repo_paths"":[{""path"":"".github/workflows/gitleaks-history.yml"",""target"":""jdx/mise-action@c2a87611a18de5b3828c5652fe268e992400cb5c"",""class"":""staged executable stock tool-setup action"",""lines"":[38,63]},{""path"":"".github/workflows/precommit.yml"",""target"":""jdx/mise-action@c2a87611a18de5b3828c5652fe268e992400cb5c"",""class"":""staged executable stock tool-setup action"",""lines"":[44,68]}]}",HOLD / NO-CHANGE for retired refs,Brown owner; complete #241 rollout and runner/cache qualification.,2026-10-02T15:29:28Z,2026-09-21T11:06:57Z
44,ChainArgos/jackin-agent-brown,ChainArgos/jackin-agent-brown,R_kgDOR3ckuA,true,main,6b2ac2277103a22b9ae155bc92415ca5ddf05f95,pr,#237 renovate/rtk-ai-rtk-0.x,462fef6f8d797659748a0b9f9b70fe5b09d33055,true,R1,31,0,0,0,0,4,19,jdx/mise-action@c2a87611a18de5b3828c5652fe268e992400cb5c,"{""velnor_new_paths"":[],""generic_use_or_repo_paths"":[{""path"":"".github/workflows/gitleaks-history.yml"",""target"":""jdx/mise-action@c2a87611a18de5b3828c5652fe268e992400cb5c"",""class"":""staged executable stock tool-setup action"",""lines"":[38,63]},{""path"":"".github/workflows/precommit.yml"",""target"":""jdx/mise-action@c2a87611a18de5b3828c5652fe268e992400cb5c"",""class"":""staged executable stock tool-setup action"",""lines"":[44,68]}]}",HOLD / NO-CHANGE for retired refs,Brown owner; complete #241 rollout and runner/cache qualification.,2026-10-02T15:29:28Z,2026-09-21T11:07:45Z
44,ChainArgos/jackin-agent-brown,ChainArgos/jackin-agent-brown,R_kgDOR3ckuA,true,main,6b2ac2277103a22b9ae155bc92415ca5ddf05f95,pr,#238 renovate/cargo-nextest-0.x,47434353292ec7d04e64345f1fca064d3db3348e,true,R1,31,0,0,0,0,4,19,jdx/mise-action@c2a87611a18de5b3828c5652fe268e992400cb5c,"{""velnor_new_paths"":[],""generic_use_or_repo_paths"":[{""path"":"".github/workflows/gitleaks-history.yml"",""target"":""jdx/mise-action@c2a87611a18de5b3828c5652fe268e992400cb5c"",""class"":""staged executable stock tool-setup action"",""lines"":[38,63]},{""path"":"".github/workflows/precommit.yml"",""target"":""jdx/mise-action@c2a87611a18de5b3828c5652fe268e992400cb5c"",""class"":""staged executable stock tool-setup action"",""lines"":[44,68]}]}",HOLD / NO-CHANGE for retired refs,Brown owner; complete #241 rollout and runner/cache qualification.,2026-10-02T15:29:28Z,2026-09-21T11:06:25Z
44,ChainArgos/jackin-agent-brown,ChainArgos/jackin-agent-brown,R_kgDOR3ckuA,true,main,6b2ac2277103a22b9ae155bc92415ca5ddf05f95,pr,#239 renovate/node-24.x,a8dfa0a6a9c1103e930efdb4989410529a251223,true,R1,31,0,0,0,0,4,19,jdx/mise-action@c2a87611a18de5b3828c5652fe268e992400cb5c,"{""velnor_new_paths"":[],""generic_use_or_repo_paths"":[{""path"":"".github/workflows/gitleaks-history.yml"",""target"":""jdx/mise-action@c2a87611a18de5b3828c5652fe268e992400cb5c"",""class"":""staged executable stock tool-setup action"",""lines"":[38,63]},{""path"":"".github/workflows/precommit.yml"",""target"":""jdx/mise-action@c2a87611a18de5b3828c5652fe268e992400cb5c"",""class"":""staged executable stock tool-setup action"",""lines"":[44,68]}]}",HOLD / NO-CHANGE for retired refs,Brown owner; complete #241 rollout and runner/cache qualification.,2026-10-02T15:29:28Z,2026-09-21T11:08:15Z
44,ChainArgos/jackin-agent-brown,ChainArgos/jackin-agent-brown,R_kgDOR3ckuA,true,main,6b2ac2277103a22b9ae155bc92415ca5ddf05f95,pr,#240 renovate/projectjackin-construct-0.x,f6a37bf06b80f752c38eddbd22bd14096da91d15,true,R1,31,0,0,0,0,4,19,jdx/mise-action@c2a87611a18de5b3828c5652fe268e992400cb5c,"{""velnor_new_paths"":[],""generic_use_or_repo_paths"":[{""path"":"".github/workflows/gitleaks-history.yml"",""target"":""jdx/mise-action@c2a87611a18de5b3828c5652fe268e992400cb5c"",""class"":""staged executable stock tool-setup action"",""lines"":[38,63]},{""path"":"".github/workflows/precommit.yml"",""target"":""jdx/mise-action@c2a87611a18de5b3828c5652fe268e992400cb5c"",""class"":""staged executable stock tool-setup action"",""lines"":[44,68]}]}",HOLD / NO-CHANGE for retired refs,Brown owner; complete #241 rollout and runner/cache qualification.,2026-10-02T15:29:28Z,2026-09-21T11:08:21Z
44,ChainArgos/jackin-agent-brown,ChainArgos/jackin-agent-brown,R_kgDOR3ckuA,true,main,6b2ac2277103a22b9ae155bc92415ca5ddf05f95,pr,#241 rollout/velnor-3-provider,092fe1db796367479029d4e94379530f7f5965c0,true,R1,31,0,0,0,0,3,45,jdx/mise-action@c2a87611a18de5b3828c5652fe268e992400cb5c,"{""velnor_new_paths"":[],""generic_use_or_repo_paths"":[{""path"":"".github/workflows/ci-main.yml"",""target"":""jdx/mise-action@c2a87611a18de5b3828c5652fe268e992400cb5c"",""class"":""staged executable stock tool-setup action"",""lines"":[207]},{""path"":"".github/workflows/ci-policy.yml"",""target"":""jdx/mise-action@c2a87611a18de5b3828c5652fe268e992400cb5c"",""class"":""staged executable stock tool-setup action"",""lines"":[118]},{""path"":"".github/workflows/ci-unit-docs.yml"",""target"":""jdx/mise-action@c2a87611a18de5b3828c5652fe268e992400cb5c"",""class"":""staged executable stock tool-setup action"",""lines"":[248]}]}",HOLD / NO-CHANGE for retired refs,Brown owner; complete #241 rollout and runner/cache qualification.,2026-10-02T15:29:28Z,2026-09-21T10:17:17Z
44,ChainArgos/jackin-agent-brown,ChainArgos/jackin-agent-brown,R_kgDOR3ckuA,true,main,6b2ac2277103a22b9ae155bc92415ca5ddf05f95,pr,#242 renovate/jdx-mise-2026.x,191b98a8dbafb8b20d0271adcfd19bf7685334ff,true,R1,31,0,0,0,0,4,19,jdx/mise-action@c2a87611a18de5b3828c5652fe268e992400cb5c,"{""velnor_new_paths"":[],""generic_use_or_repo_paths"":[{""path"":"".github/workflows/gitleaks-history.yml"",""target"":""jdx/mise-action@c2a87611a18de5b3828c5652fe268e992400cb5c"",""class"":""staged executable stock tool-setup action"",""lines"":[38,63]},{""path"":"".github/workflows/precommit.yml"",""target"":""jdx/mise-action@c2a87611a18de5b3828c5652fe268e992400cb5c"",""class"":""staged executable stock tool-setup action"",""lines"":[44,68]}]}",HOLD / NO-CHANGE for retired refs,Brown owner; complete #241 rollout and runner/cache qualification.,2026-10-02T15:29:28Z,2026-09-21T11:07:32Z
45,ChainArgos/cloudflare-tofu,ChainArgos/cloudflare-tofu,R_kgDOS2w4OA,true,main,cc0e2b687dc6c1a9943b0ae9f5911f1e782c1a20,default,main,cc0e2b687dc6c1a9943b0ae9f5911f1e782c1a20,true,R1,31,0,0,0,0,16,29,https://github.com/tailrocks/velnor-new ; https://github.com/tailrocks/velnor-new/releases/download/v0.1.0/velnor-actions-0.1.0-aarch64-apple-darwin ; https://github.com/tailrocks/velnor-new/releases/download/v0.1.0/velnor-actions-0.1.0-x86_64-unknown-linux-gnu ; jdx/mise-action@9149ea85001c7435d5a66bb127d6a1b6227cb0a5 ; jdx/mr-boxington-action@9df1d4b18b2147788a7ee7a2c7b84ecf62fd89d3,"{""velnor_new_paths"":[{""path"":"".github/AGENTS.md"",""target"":""https://github.com/tailrocks/velnor-new"",""class"":""documentation"",""lines"":[4,19,25]},{""path"":"".github/workflows/ci.yml"",""target"":""https://github.com/tailrocks/velnor-new/releases/download/v0.1.0/velnor-actions-0.1.0-x86_64-unknown-linux-gnu"",""class"":""staged executable Velnor artifact acquisition"",""lines"":[130,212,274,362,555]},{""path"":"".velnor/release-manifest.json"",""target"":""https://github.com/tailrocks/velnor-new/releases/download/v0.1.0/velnor-actions-0.1.0-aarch64-apple-darwin"",""class"":""declarative release-manifest/config"",""lines"":[14]},{""path"":"".velnor/release-manifest.json"",""target"":""https://github.com/tailrocks/velnor-new/releases/download/v0.1.0/velnor-actions-0.1.0-x86_64-unknown-linux-gnu"",""class"":""declarative release-manifest/config"",""lines"":[9]}],""generic_use_or_repo_paths"":[{""path"":"".github/AGENTS.md"",""target"":""https://github.com/tailrocks/velnor-new"",""class"":""documentation"",""lines"":[4,19,25]},{""path"":"".github/workflows/ci.yml"",""target"":""https://github.com/tailrocks/velnor-new/releases/download/v0.1.0/velnor-actions-0.1.0-x86_64-unknown-linux-gnu"",""class"":""staged executable Velnor artifact acquisition"",""lines"":[130,212,274,362,555]},{""path"":"".github/workflows/ci.yml"",""target"":""jdx/mise-action@9149ea85001c7435d5a66bb127d6a1b6227cb0a5"",""class"":""staged executable stock tool-setup action"",""lines"":[31,61,251,339,532]},{""path"":"".github/workflows/ci.yml"",""target"":""jdx/mr-boxington-action@9df1d4b18b2147788a7ee7a2c7b84ecf62fd89d3"",""class"":""staged executable stock MBX action"",""lines"":[399]},{""path"":"".velnor/release-manifest.json"",""target"":""https://github.com/tailrocks/velnor-new/releases/download/v0.1.0/velnor-actions-0.1.0-aarch64-apple-darwin"",""class"":""declarative release-manifest/config"",""lines"":[14]},{""path"":"".velnor/release-manifest.json"",""target"":""https://github.com/tailrocks/velnor-new/releases/download/v0.1.0/velnor-actions-0.1.0-x86_64-unknown-linux-gnu"",""class"":""declarative release-manifest/config"",""lines"":[9]}]}",NO-CHANGE for retired refs,ChainArgos Cloudflare owner; preserve stock MBX path.,2026-10-02T15:23:16Z,
46,ChainArgos/github-terraform,ChainArgos/github-terraform,R_kgDOSEsuLw,true,main,c8d47ea87a611251f965555dafbd8015f29f303b,default,main,c8d47ea87a611251f965555dafbd8015f29f303b,true,R1,31,0,0,0,0,13,19,https://github.com/tailrocks/velnor-new ; https://github.com/tailrocks/velnor-new/releases/download/v0.1.0/velnor-actions-0.1.0-aarch64-apple-darwin ; https://github.com/tailrocks/velnor-new/releases/download/v0.1.0/velnor-actions-0.1.0-x86_64-unknown-linux-gnu ; jdx/mise-action@9149ea85001c7435d5a66bb127d6a1b6227cb0a5,"{""velnor_new_paths"":[{""path"":"".github/AGENTS.md"",""target"":""https://github.com/tailrocks/velnor-new"",""class"":""documentation"",""lines"":[4,19,25]},{""path"":"".github/workflows/ci.yml"",""target"":""https://github.com/tailrocks/velnor-new/releases/download/v0.1.0/velnor-actions-0.1.0-x86_64-unknown-linux-gnu"",""class"":""staged executable Velnor artifact acquisition"",""lines"":[91,167,228,318]},{""path"":"".velnor/release-manifest.json"",""target"":""https://github.com/tailrocks/velnor-new/releases/download/v0.1.0/velnor-actions-0.1.0-aarch64-apple-darwin"",""class"":""declarative release-manifest/config"",""lines"":[14]},{""path"":"".velnor/release-manifest.json"",""target"":""https://github.com/tailrocks/velnor-new/releases/download/v0.1.0/velnor-actions-0.1.0-x86_64-unknown-linux-gnu"",""class"":""declarative release-manifest/config"",""lines"":[9]}],""generic_use_or_repo_paths"":[{""path"":"".github/AGENTS.md"",""target"":""https://github.com/tailrocks/velnor-new"",""class"":""documentation"",""lines"":[4,19,25]},{""path"":"".github/workflows/ci.yml"",""target"":""https://github.com/tailrocks/velnor-new/releases/download/v0.1.0/velnor-actions-0.1.0-x86_64-unknown-linux-gnu"",""class"":""staged executable Velnor artifact acquisition"",""lines"":[91,167,228,318]},{""path"":"".github/workflows/ci.yml"",""target"":""jdx/mise-action@9149ea85001c7435d5a66bb127d6a1b6227cb0a5"",""class"":""staged executable stock tool-setup action"",""lines"":[31,61,205,295]},{""path"":"".velnor/release-manifest.json"",""target"":""https://github.com/tailrocks/velnor-new/releases/download/v0.1.0/velnor-actions-0.1.0-aarch64-apple-darwin"",""class"":""declarative release-manifest/config"",""lines"":[14]},{""path"":"".velnor/release-manifest.json"",""target"":""https://github.com/tailrocks/velnor-new/releases/download/v0.1.0/velnor-actions-0.1.0-x86_64-unknown-linux-gnu"",""class"":""declarative release-manifest/config"",""lines"":[9]}]}",NO-CHANGE for retired refs,Repo owner; exact-artifact regeneration and deterministic parity.,2026-10-02T15:24:52Z,
