   Compiling velnor-actions-orchestrator v0.1.1 (/private/tmp/velnor-orchestrator-phase-timing/crates/velnor-actions-orchestrator)
    Finished `test` profile [unoptimized + debuginfo] target(s) in 23.15s
────────────
 Nextest run ID 025b4fc2-9c31-47aa-b11c-9b7cd77e0c96 with nextest profile: ci
    Starting 2 tests across 3 binaries (1204 tests skipped)
        SKIP [         ] (───) velnor-actions-orchestrator attach::attach_tests::lock_acquire_inserts_digest_verified_stage
        SKIP [         ] (───) velnor-actions-orchestrator attach::attach_tests::lock_acquire_records_source_commit
        SKIP [         ] (───) velnor-actions-orchestrator attach::attach_tests::mbx_tests::preseed_restores_mbx_builds_after_sources_with_homes
        SKIP [         ] (───) velnor-actions-orchestrator attach::attach_tests::preseed_attach_builds_once_and_sets_mode
        SKIP [         ] (───) velnor-actions-orchestrator attach::attach_tests::source_cache_tests::cargo_only_preseed_replaces_registry_cache_and_uses_native_helper_owner
        SKIP [         ] (───) velnor-actions-orchestrator baseline_publish::baseline_publish_tests::publish_never_overwrites_staged_evidence
        SKIP [         ] (───) velnor-actions-orchestrator baseline_publish::baseline_publish_tests::publish_refuses_every_unsafe_case
        SKIP [         ] (───) velnor-actions-orchestrator baseline_publish::baseline_publish_tests::publish_rejects_unknown_request_fields
        SKIP [         ] (───) velnor-actions-orchestrator baseline_publish::baseline_publish_tests::publish_request_writer_records_push_refs
        SKIP [         ] (───) velnor-actions-orchestrator baseline_publish::baseline_publish_tests::publish_skips_covered_without_carry_forward
        SKIP [         ] (───) velnor-actions-orchestrator baseline_publish::baseline_publish_tests::publish_stages_trusted_manifest_under_derived_name
        SKIP [         ] (───) velnor-actions-orchestrator baseline_publish::baseline_publish_tests::staged_manifest_passes_consumer_validation
        SKIP [         ] (───) velnor-actions-orchestrator check_evidence::gate::container::tests::constructor_validates_before_returning_and_receipt_is_strict_json
        SKIP [         ] (───) velnor-actions-orchestrator check_evidence::gate::container::tests::container_presence_is_mandatory_and_non_container_is_empty
        SKIP [         ] (───) velnor-actions-orchestrator check_evidence::gate::container::tests::exact_profile_and_execution_identity_are_bound
        SKIP [         ] (───) velnor-actions-orchestrator check_evidence::gate::container::tests::orbstack_requires_the_sdk_projection_evidence
        SKIP [         ] (───) velnor-actions-orchestrator check_evidence::gate::container::tests::orbstack_runtime_root_is_required_and_bound
        SKIP [         ] (───) velnor-actions-orchestrator check_evidence::gate::container::tests::owned_cli_and_runtime_inventory_are_exact
        SKIP [         ] (───) velnor-actions-orchestrator check_evidence::gate::container::tests::runtime_snapshot_and_root_shape_are_bound
        SKIP [         ] (───) velnor-actions-orchestrator check_evidence::gate::tools::tests::artifact_tree_executable_definition_version_and_path_drift_fail
        SKIP [         ] (───) velnor-actions-orchestrator check_evidence::gate::tools::tests::exact_observations_pass_but_missing_and_extra_closure_members_fail
        SKIP [         ] (───) velnor-actions-orchestrator check_runtime::preparation::acquisition::archive::tests::archive_source_symlink_is_rejected
        SKIP [         ] (───) velnor-actions-orchestrator check_runtime::preparation::acquisition::archive::tests::crate_archive_extracts_wrapper
        SKIP [         ] (───) velnor-actions-orchestrator check_runtime::preparation::acquisition::archive::tests::deadline_tests::buffered_gzip_output_checks_deadline_after_compressed_input_is_read
        SKIP [         ] (───) velnor-actions-orchestrator check_runtime::preparation::acquisition::archive::tests::deadline_tests::tar_preflight_checks_the_shared_deadline_during_decoded_reads
        SKIP [         ] (───) velnor-actions-orchestrator check_runtime::preparation::acquisition::archive::tests::declared_entry_size_limit_is_checked_before_writing
        SKIP [         ] (───) velnor-actions-orchestrator check_runtime::preparation::acquisition::archive::tests::duplicate_paths_are_rejected
        SKIP [         ] (───) velnor-actions-orchestrator check_runtime::preparation::acquisition::archive::tests::global_budget_is_admitted_before_output_creation
        SKIP [         ] (───) velnor-actions-orchestrator check_runtime::preparation::acquisition::archive::tests::metadata_tests::oversized_gnu_longname_metadata_is_rejected_before_tar_entry_parsing
        SKIP [         ] (───) velnor-actions-orchestrator check_runtime::preparation::acquisition::archive::tests::metadata_tests::oversized_pax_metadata_is_rejected_before_tar_entry_parsing
        SKIP [         ] (───) velnor-actions-orchestrator check_runtime::preparation::acquisition::archive::tests::metadata_tests::zip_admission_tests::zip32_count_disagreement_and_multidisk_are_rejected
        SKIP [         ] (───) velnor-actions-orchestrator check_runtime::preparation::acquisition::archive::tests::metadata_tests::zip_admission_tests::zip64_entry_count_and_multidisk_are_bounded_before_parser_allocation
        SKIP [         ] (───) velnor-actions-orchestrator check_runtime::preparation::acquisition::archive::tests::metadata_tests::zip_admission_tests::zip64_extensible_data_has_a_fixed_admission_bound
        SKIP [         ] (───) velnor-actions-orchestrator check_runtime::preparation::acquisition::archive::tests::metadata_tests::zip_admission_tests::zip64_fallback_directory_over_limit_is_rejected_before_parser_allocation
        SKIP [         ] (───) velnor-actions-orchestrator check_runtime::preparation::acquisition::archive::tests::metadata_tests::zip_admission_tests::zip_eocd_comment_without_trailing_data_is_admitted
        SKIP [         ] (───) velnor-actions-orchestrator check_runtime::preparation::acquisition::archive::tests::metadata_tests::zip_admission_tests::zip_failed_latest_central_directory_falls_back_with_both_candidates_bounded
        SKIP [         ] (───) velnor-actions-orchestrator check_runtime::preparation::acquisition::archive::tests::metadata_tests::zip_admission_tests::zip_trailing_bytes_and_malformed_comment_eocd_follow_reader_fallback
        SKIP [         ] (───) velnor-actions-orchestrator check_runtime::preparation::acquisition::archive::tests::safe_in_root_symlink_is_staged_after_regular_files
        SKIP [         ] (───) velnor-actions-orchestrator check_runtime::preparation::acquisition::archive::tests::tar_admission_tests::gnu_sparse_entry_is_rejected_before_tar_parser_reads_sparse_extensions
        SKIP [         ] (───) velnor-actions-orchestrator check_runtime::preparation::acquisition::archive::tests::tar_admission_tests::pax_size_override_is_rejected_before_parser_uses_a_different_boundary
        SKIP [         ] (───) velnor-actions-orchestrator check_runtime::preparation::acquisition::archive::tests::tar_admission_tests::pax_sparse_metadata_is_rejected_before_tar_parser_admission
        SKIP [         ] (───) velnor-actions-orchestrator check_runtime::preparation::acquisition::archive::tests::tar_hardlink_is_rejected
        SKIP [         ] (───) velnor-actions-orchestrator check_runtime::preparation::acquisition::archive::tests::tar_parent_path_is_rejected_and_destination_removed
        SKIP [         ] (───) velnor-actions-orchestrator check_runtime::preparation::acquisition::archive::tests::tar_symlink_is_rejected
        SKIP [         ] (───) velnor-actions-orchestrator check_runtime::preparation::acquisition::archive::tests::zip_extracts_wrapper_and_preserves_executable_bits
        SKIP [         ] (───) velnor-actions-orchestrator check_runtime::preparation::acquisition::archive::tests::zip_symlink_mode_is_rejected
        SKIP [         ] (───) velnor-actions-orchestrator check_runtime::preparation::acquisition::layout::cargo::tests::ancestor_and_source_cargo_configuration_are_rejected
        SKIP [         ] (───) velnor-actions-orchestrator check_runtime::preparation::acquisition::layout::cargo::tests::dependency_identity_and_forged_checksum_receipts_are_rejected
        SKIP [         ] (───) velnor-actions-orchestrator check_runtime::preparation::acquisition::layout::cargo::tests::lock_drift_and_missing_archive_closure_fail_before_source_moves
        SKIP [         ] (───) velnor-actions-orchestrator check_runtime::preparation::acquisition::layout::cargo::tests::verified_sources_move_into_an_owned_complete_vendor_tree
        SKIP [         ] (───) velnor-actions-orchestrator check_runtime::preparation::acquisition::layout::tests::ambiguous_layout_and_existing_destination_fail_before_move
        SKIP [         ] (───) velnor-actions-orchestrator check_runtime::preparation::acquisition::layout::tests::unique_wrapper_moves_into_prefix_without_duplicate_payload
        SKIP [         ] (───) velnor-actions-orchestrator check_runtime::preparation::acquisition::tests::aqua_nextest_uses_its_explicit_rust_prerequisite
        SKIP [         ] (───) velnor-actions-orchestrator check_runtime::preparation::acquisition::tests::bun_before_rust_does_not_bind_nonexistent_future_compiler
        SKIP [         ] (───) velnor-actions-orchestrator check_runtime::preparation::acquisition::tests::cargo_selects_only_explicit_rust_prerequisite
        SKIP [         ] (───) velnor-actions-orchestrator check_runtime::preparation::acquisition::tests::prebuilt_cargo_nextest_uses_its_explicit_rust_prerequisite
        SKIP [         ] (───) velnor-actions-orchestrator check_runtime::preparation::acquisition::tree::tests::links_require_in_root_targets_and_survive_copy
        SKIP [         ] (───) velnor-actions-orchestrator check_runtime::preparation::acquisition::tree::tests::positive_hash_and_freeze
        SKIP [         ] (───) velnor-actions-orchestrator check_runtime::preparation::acquisition::tree::tests::tamper_changes_identity
        SKIP [         ] (───) velnor-actions-orchestrator check_runtime::preparation::binary::budget_tests::each_platform_bound_matches_qualified_installed_bytes
        SKIP [         ] (───) velnor-actions-orchestrator check_runtime::preparation::binary::budget_tests::in_bound_wrong_digest_still_refuses_copy
        SKIP [         ] (───) velnor-actions-orchestrator check_runtime::preparation::binary::budget_tests::one_byte_over_each_qualified_bound_fails_before_digest_or_copy
        SKIP [         ] (───) velnor-actions-orchestrator check_runtime::preparation::binary::budget_tests::verified_bytes_above_old_budget_copy_identically
        SKIP [         ] (───) velnor-actions-orchestrator check_runtime::preparation::binary::tests::qualified_fixture_bytes_copy_exclusively_and_survive_source_replacement
        SKIP [         ] (───) velnor-actions-orchestrator check_runtime::preparation::binary::tests::source_symlink_and_existing_destination_refuse
        SKIP [         ] (───) velnor-actions-orchestrator check_runtime::preparation::binary::tests::wrong_digest_refuses_wrapper_without_invocation_or_copy
        SKIP [         ] (───) velnor-actions-orchestrator check_runtime::preparation::container::bundle::tests::nested_symlinks_are_rejected
        SKIP [         ] (───) velnor-actions-orchestrator check_runtime::preparation::container::bundle::tests::outer_hash_is_checked_before_projection
        SKIP [         ] (───) velnor-actions-orchestrator check_runtime::preparation::container::bundle::tests::owned_tree_revalidation_detects_added_file_and_mode
        SKIP [         ] (───) velnor-actions-orchestrator check_runtime::preparation::container::bundle::tests::projects_full_tree_and_rejects_overwrite
        SKIP [         ] (───) velnor-actions-orchestrator check_runtime::preparation::container::bundle::tests::special_modes_are_rejected_in_source_and_owned_tree
        SKIP [         ] (───) velnor-actions-orchestrator check_runtime::preparation::container::runtime::socket_paths::tests::unix_tests::long_directory_and_regular_file_entries_do_not_consume_socket_budget
        SKIP [         ] (───) velnor-actions-orchestrator check_runtime::preparation::container::runtime::socket_paths::tests::unix_tests::socket_error_escapes_control_bytes_without_raw_terminal_output
        SKIP [         ] (───) velnor-actions-orchestrator check_runtime::preparation::container::runtime::socket_paths::tests::unix_tests::socket_paths_count_utf8_bytes_and_all_nested_sockets
        SKIP [         ] (───) velnor-actions-orchestrator check_runtime::preparation::container::runtime::socket_paths::tests::unix_tests::socket_paths_follow_target_abi_boundary_including_nul
        SKIP [         ] (───) velnor-actions-orchestrator check_runtime::preparation::container::runtime::tests::unix_tests::declared_socket_owner_is_required
        SKIP [         ] (───) velnor-actions-orchestrator check_runtime::preparation::container::runtime::tests::unix_tests::docker_projection_is_credential_free_and_revalidates_exact_tree
        SKIP [         ] (───) velnor-actions-orchestrator check_runtime::preparation::container::runtime::tests::unix_tests::docker_revalidation_rejects_injected_context_files
        SKIP [         ] (───) velnor-actions-orchestrator check_runtime::preparation::container::runtime::tests::unix_tests::inventory_tests::orb_runtime_rejects_entry_sixty_five_before_admitting_its_path
        SKIP [         ] (───) velnor-actions-orchestrator check_runtime::preparation::container::runtime::tests::unix_tests::orb_projection_records_authority_and_owned_link
        SKIP [         ] (───) velnor-actions-orchestrator check_runtime::preparation::container::runtime::tests::unix_tests::orb_rejects_long_owned_socket_path_before_runtime_link
        SKIP [         ] (───) velnor-actions-orchestrator check_runtime::preparation::container::runtime::tests::unix_tests::orb_rejects_root_runtime_owner_independently_of_fixture_uid
        SKIP [         ] (───) velnor-actions-orchestrator check_runtime::preparation::container::runtime::tests::unix_tests::orb_runtime_metadata_size_is_bounded
        SKIP [         ] (───) velnor-actions-orchestrator check_runtime::preparation::container::runtime::tests::unix_tests::orb_runtime_root_mode_change_fails_continuity
        SKIP [         ] (───) velnor-actions-orchestrator check_runtime::preparation::container::runtime::tests::unix_tests::orb_runtime_root_mode_is_bound_and_not_writable
        SKIP [         ] (───) velnor-actions-orchestrator check_runtime::preparation::container::runtime::tests::unix_tests::orb_runtime_symlinks_are_rejected_without_reading_targets
        SKIP [         ] (───) velnor-actions-orchestrator check_runtime::preparation::container::runtime::tests::unix_tests::orb_runtime_workload_entries_may_change
        SKIP [         ] (───) velnor-actions-orchestrator check_runtime::preparation::container::runtime::tests::unix_tests::socket_replacement_fails_continuity_check
        SKIP [         ] (───) velnor-actions-orchestrator check_runtime::preparation::container::tests::exact_bytes_remain_owned_after_host_replacement
        SKIP [         ] (───) velnor-actions-orchestrator check_runtime::preparation::container::tests::host_symlink_selection_is_rejected
        SKIP [         ] (───) velnor-actions-orchestrator check_runtime::preparation::container::tests::owned_cli_special_permission_bits_are_rejected
        SKIP [         ] (───) velnor-actions-orchestrator check_runtime::preparation::container::tests::wrong_cli_digest_never_executes_or_materializes
        SKIP [         ] (───) velnor-actions-orchestrator check_runtime::preparation::tests::owned_homes_cannot_live_inside_repository
        SKIP [         ] (───) velnor-actions-orchestrator check_runtime::preparation::tests::source_change_refuses_before_projection_or_execution
        SKIP [         ] (───) velnor-actions-orchestrator check_runtime::preparation::tests::source_symlink_refuses_even_when_target_stays_in_repository
        SKIP [         ] (───) velnor-actions-orchestrator check_runtime::tests::evidence_files_missing_empty_and_symlink_refuse
        SKIP [         ] (───) velnor-actions-orchestrator check_runtime::tests::exact_passed_scenarios_required
        SKIP [         ] (───) velnor-actions-orchestrator check_runtime::tests::parent_symlinks_refused_even_inside_repository
        SKIP [         ] (───) velnor-actions-orchestrator check_runtime::tests::skipped_failed_unexecuted_and_stale_rejected
        SKIP [         ] (───) velnor-actions-orchestrator check_runtime::tests::strict_evidence_parser_rejects_duplicate_and_foreign_fields
        SKIP [         ] (───) velnor-actions-orchestrator clippy_groups::tests::distinct_clippy_configs_separate_with_barrier
        SKIP [         ] (───) velnor-actions-orchestrator clippy_groups::tests::single_config_and_empty_need_no_barrier
        SKIP [         ] (───) velnor-actions-orchestrator config_stacks::tests::explicit_checks_load_and_minimal_config_omits_empty_checks
        SKIP [         ] (───) velnor-actions-orchestrator config_stacks::tests::nextest_no_tests_overrides_are_rejected
        SKIP [         ] (───) velnor-actions-orchestrator config_stacks::tests::release_section_parses_and_defaults_disabled
        SKIP [         ] (───) velnor-actions-orchestrator config_stacks::tests::render_unsafe_stack_values_are_rejected
        SKIP [         ] (───) velnor-actions-orchestrator config_stacks::tests::tofu_bad_roots_rejected_at_load
        SKIP [         ] (───) velnor-actions-orchestrator config_stacks::tests::tofu_table_materializes_roots
        SKIP [         ] (───) velnor-actions-orchestrator config_stacks::tests::tofu_table_requires_roots
        SKIP [         ] (───) velnor-actions-orchestrator config_stacks::tests::unknown_rust_keys_are_rejected
        SKIP [         ] (───) velnor-actions-orchestrator config_stacks::tests::unknown_tofu_keys_are_rejected
        SKIP [         ] (───) velnor-actions-orchestrator config_stacks::tests::workflow_verification_tasks_parse_and_default_empty
        SKIP [         ] (───) velnor-actions-orchestrator cover::revalidate::cover_revalidate_entry_tests::merge_accepts_advisory_with_fresh_external_data
        SKIP [         ] (───) velnor-actions-orchestrator cover::revalidate::cover_revalidate_entry_tests::merge_rejects_advisory_without_external_data
        SKIP [         ] (───) velnor-actions-orchestrator cover::revalidate::cover_revalidate_entry_tests::merge_rejects_mismatched_structured_proof
        SKIP [         ] (───) velnor-actions-orchestrator cover::revalidate::cover_revalidate_entry_tests::merge_rejects_underived_numeric_id
        SKIP [         ] (───) velnor-actions-orchestrator cover::revalidate::cover_revalidate_tests::anchor_parts_map_env_values
        SKIP [         ] (───) velnor-actions-orchestrator cover::revalidate::cover_revalidate_tests::anchor_tokens_validate_against_contract_vocabulary
        SKIP [         ] (───) velnor-actions-orchestrator cover::revalidate::cover_revalidate_tests::bound_coverage_revalidates
        SKIP [         ] (───) velnor-actions-orchestrator cover::revalidate::cover_revalidate_tests::ci_missing_any_anchor_fails_closed
        SKIP [         ] (───) velnor-actions-orchestrator cover::revalidate::cover_revalidate_tests::env_anchors_match_and_refuse_foreign
        SKIP [         ] (───) velnor-actions-orchestrator cover::revalidate::cover_revalidate_tests::merge_rejects_expired_manifest
        SKIP [         ] (───) velnor-actions-orchestrator cover::revalidate::cover_revalidate_tests::merge_rejects_plan_rejected_manifest_invariants
        SKIP [         ] (───) velnor-actions-orchestrator cover::revalidate::cover_revalidate_tests::wrong_provenance_fails_per_field
        SKIP [         ] (───) velnor-actions-orchestrator cover::shard::tests::lookup_args_are_fixed_and_validated
        SKIP [         ] (───) velnor-actions-orchestrator cover::shard::tests::lookup_without_exact_artifact_misses_before_spawning
        SKIP [         ] (───) velnor-actions-orchestrator cover::shard_baseline::tests::gh_stdout_cap_misses_before_parsing
        SKIP [         ] (───) velnor-actions-orchestrator cover::shard_baseline::tests::lookup_repo_resolution_is_request_hermetic
        SKIP [         ] (───) velnor-actions-orchestrator cover::shard_baseline::tests::resolve_manifests_requires_exact_artifact_before_spawn
        SKIP [         ] (───) velnor-actions-orchestrator cover_baseline::cover_baseline_lookup_tests::lookup_manifest_misses_without_base_or_obligations
        SKIP [         ] (───) velnor-actions-orchestrator cover_baseline::cover_baseline_lookup_tests::lookup_misses_before_spawn_without_exact_name
        SKIP [         ] (───) velnor-actions-orchestrator cover_baseline::cover_baseline_lookup_tests::lookup_names_exact_baseline_artifact
        SKIP [         ] (───) velnor-actions-orchestrator cover_baseline::cover_baseline_tests::baseline_entry_needs_single_strict_payload
        SKIP [         ] (───) velnor-actions-orchestrator cover_baseline::cover_baseline_tests::baseline_entry_pins_attempt_and_artifact
        SKIP [         ] (───) velnor-actions-orchestrator cover_baseline::cover_baseline_tests::baseline_entry_rejects_links_and_oversize
        SKIP [         ] (───) velnor-actions-orchestrator cover_baseline::cover_baseline_tests::baseline_publish_and_download_rules
        SKIP [         ] (───) velnor-actions-orchestrator cover_baseline::cover_baseline_tests::forwarded_proof_marks_baseline_unavailable
        SKIP [         ] (───) velnor-actions-orchestrator cover_baseline::cover_baseline_tests::source_build_keeps_marker_without_lock_fill
        SKIP [         ] (───) velnor-actions-orchestrator cover_baseline::provenance_check::provenance_check_tests::every_wrong_dimension_fails_validation
        SKIP [         ] (───) velnor-actions-orchestrator cover_baseline::provenance_check::provenance_check_tests::include_defined_origin_resolves
        SKIP [         ] (───) velnor-actions-orchestrator cover_baseline::provenance_check::provenance_check_tests::linked_worktree_anchor_shares_remote_identity
        SKIP [         ] (───) velnor-actions-orchestrator cover_baseline::provenance_check::provenance_check_tests::missing_and_mismatched_origins_fail_closed
        SKIP [         ] (───) velnor-actions-orchestrator cover_baseline::provenance_check::provenance_check_tests::repository_slug_and_origins_normalize
        SKIP [         ] (───) velnor-actions-orchestrator cover_baseline::provenance_check::provenance_check_tests::task_entries_validate_identity_runs_freshness_and_proof_binding
        SKIP [         ] (───) velnor-actions-orchestrator cover_baseline::provenance_check::provenance_proof_tests::forwarded_proof_runs_fail_closed
        SKIP [         ] (───) velnor-actions-orchestrator cover_baseline::provenance_check::provenance_proof_tests::workflow_slug_binds_anchor_and_manifest
        SKIP [         ] (───) velnor-actions-orchestrator cover_baseline::provenance_resolve::provenance_resolve_tests::conflicted_expectations_fail_closed
        SKIP [         ] (───) velnor-actions-orchestrator cover_baseline::provenance_resolve::provenance_resolve_tests::expected_repository_resolution_matrix
        SKIP [         ] (───) velnor-actions-orchestrator cover_baseline::provenance_resolve::provenance_resolve_tests::malformed_env_with_evil_origin_trusts_neither
        SKIP [         ] (───) velnor-actions-orchestrator cover_compat::cover_compat_tests::compat_defined_for_empty_plans
        SKIP [         ] (───) velnor-actions-orchestrator cover_compat::cover_compat_tests::compat_ignores_obligation_order
        SKIP [         ] (───) velnor-actions-orchestrator cover_compat::cover_compat_tests::compat_is_deterministic_digest
        SKIP [         ] (───) velnor-actions-orchestrator cover_compat::cover_compat_tests::compat_survives_source_edits_but_not_toolchain_or_shape
        SKIP [         ] (───) velnor-actions-orchestrator cover_compat::cover_compat_tests::numeric_id_is_deterministic_nonzero_and_name_bound
        SKIP [         ] (───) velnor-actions-orchestrator cover_identity::cover_identity_tests::advisory_needs_fresh_external_data
        SKIP [         ] (───) velnor-actions-orchestrator cover_identity::cover_identity_tests::changed_work_executes_despite_identity_match
        SKIP [         ] (───) velnor-actions-orchestrator cover_identity::cover_identity_tests::incomplete_closure_refuses
        SKIP [         ] (───) velnor-actions-orchestrator cover_identity::cover_identity_tests::matching_closure_covers
        SKIP [         ] (───) velnor-actions-orchestrator cover_identity::cover_identity_tests::stale_closure_with_empty_changed_set_executes
        SKIP [         ] (───) velnor-actions-orchestrator cover_identity::cover_identity_tests::tofu_cover_extension_refuses_drift
        SKIP [         ] (───) velnor-actions-orchestrator cover_identity::cover_identity_tests::tofu_cover_extension_refuses_undeclared_inputs
        SKIP [         ] (───) velnor-actions-orchestrator cover_identity::cover_identity_tests::tofu_cover_extension_verifies_valid_spellings
        SKIP [         ] (───) velnor-actions-orchestrator cover_identity::cover_identity_tests::tofu_tasks_bind_no_mbx_pin_across_catalogs
        SKIP [         ] (───) velnor-actions-orchestrator cover_identity::cover_identity_tests::undeclared_reads_refuse_with_warning
        SKIP [         ] (───) velnor-actions-orchestrator cover_identity::cover_identity_tests::undiscovered_and_unknown_groups_never_cover
        SKIP [         ] (───) velnor-actions-orchestrator cover_identity::cover_named_checks_tests::exact_baseline_match_still_executes_named_check
        SKIP [         ] (───) velnor-actions-orchestrator cover_identity::cover_proof_tests::live_mbx_binds_driver_and_pin
        SKIP [         ] (───) velnor-actions-orchestrator cover_identity::cover_proof_tests::structured_proof_drift_refuses_per_dimension
        SKIP [         ] (───) velnor-actions-orchestrator cover_identity::cover_proof_tests::structured_proof_match_covers_silently
        SKIP [         ] (───) velnor-actions-orchestrator cover_identity::generator::tests::sha256_matches_padding_edges_and_multiblock
        SKIP [         ] (───) velnor-actions-orchestrator cover_identity::generator::tests::sha256_matches_vectors_and_exe_verifies
        SKIP [         ] (───) velnor-actions-orchestrator cover_identity::generator::tests::unverifiable_shas_detected
        SKIP [         ] (───) velnor-actions-orchestrator covered_tasks::covered_tasks_tests::covered_by_baseline_matches_decision_exactly
        SKIP [         ] (───) velnor-actions-orchestrator covered_tasks::covered_tasks_tests::encode_empty_matches_nothing
        SKIP [         ] (───) velnor-actions-orchestrator covered_tasks::covered_tasks_tests::encode_wraps_sorted_covered_only
        SKIP [         ] (───) velnor-actions-orchestrator covered_tasks::covered_tasks_tests::skip_condition_gates_exact_id
        SKIP [         ] (───) velnor-actions-orchestrator covered_tasks::covered_tasks_tests::skip_condition_rejects_malformed_ids
        SKIP [         ] (───) velnor-actions-orchestrator covered_tasks::covered_tasks_tests::wrapped_encoding_never_prefix_matches
        SKIP [         ] (───) velnor-actions-orchestrator crate_jobs::crate_jobs_display_tests::id_and_display_prefixes_agree_per_partition
        SKIP [         ] (───) velnor-actions-orchestrator crate_jobs::crate_jobs_tests::acquire_stages_before_report_wrappers
        SKIP [         ] (───) velnor-actions-orchestrator crate_jobs::crate_jobs_tests::drivers_follow_per_crate_selection
        SKIP [         ] (───) velnor-actions-orchestrator crate_jobs::crate_jobs_tests::empty_groups_build_no_jobs
        SKIP [         ] (───) velnor-actions-orchestrator crate_jobs::crate_jobs_tests::gates_keep_same_crate_edges_only
        SKIP [         ] (───) velnor-actions-orchestrator crate_jobs::crate_jobs_tests::groups_obligations_into_one_ordered_job_per_crate
        SKIP [         ] (───) velnor-actions-orchestrator crate_jobs::crate_jobs_tests::mbx_tests::drivers_follow_per_crate_selection
        SKIP [         ] (───) velnor-actions-orchestrator crate_jobs::crate_jobs_tests::member_binding_agrees_with_built_jobs
        SKIP [         ] (───) velnor-actions-orchestrator crate_jobs::crate_jobs_tests::shards_name_their_index
        SKIP [         ] (───) velnor-actions-orchestrator crate_jobs::crate_jobs_tests::skips_testless_and_workspace_groups
        SKIP [         ] (───) velnor-actions-orchestrator crate_jobs::crate_jobs_tests::velnor_policy_trims_trio_except_validator_spawning_suites
        SKIP [         ] (───) velnor-actions-orchestrator crate_jobs::crate_jobs_tofu_cache_tests::mixed_job_restores_both_sources_and_providers
        SKIP [         ] (───) velnor-actions-orchestrator crate_jobs::crate_jobs_tofu_cache_tests::provider_key_rejects_leading_dash_roots
        SKIP [         ] (───) velnor-actions-orchestrator crate_jobs::crate_jobs_tofu_cache_tests::provider_key_rejects_loose_tofu_versions
        SKIP [         ] (───) velnor-actions-orchestrator crate_jobs::crate_jobs_tofu_cache_tests::provider_key_rejects_overlong_keys_from_deep_roots
        SKIP [         ] (───) velnor-actions-orchestrator crate_jobs::crate_jobs_tofu_cache_tests::provider_key_rejects_unknown_targets
        SKIP [         ] (───) velnor-actions-orchestrator crate_jobs::crate_jobs_tofu_cache_tests::provider_key_rejects_unsafe_roots
        SKIP [         ] (───) velnor-actions-orchestrator crate_jobs::crate_jobs_tofu_cache_tests::provider_restore_keys_are_per_root
        SKIP [         ] (───) velnor-actions-orchestrator crate_jobs::crate_jobs_tofu_cache_tests::provider_restore_precedes_init_obligation
        SKIP [         ] (───) velnor-actions-orchestrator crate_jobs::crate_jobs_tofu_cache_tests::rust_jobs_carry_no_provider_restore
        SKIP [         ] (───) velnor-actions-orchestrator crate_jobs::crate_jobs_tofu_tests::all_tofu_groups_take_tofu_ids_mixed_keep_rust
        SKIP [         ] (───) velnor-actions-orchestrator crate_jobs::crate_jobs_tofu_tests::first_tofu_obligation_declares_the_cap
        SKIP [         ] (───) velnor-actions-orchestrator crate_jobs::crate_jobs_tofu_tests::mixed_group_keeps_the_rust_union
        SKIP [         ] (───) velnor-actions-orchestrator crate_jobs::crate_jobs_tofu_tests::pure_tofu_group_renders_without_rust_setup
        SKIP [         ] (───) velnor-actions-orchestrator crate_jobs::crate_jobs_tofu_tests::rust_jobs_never_stage
        SKIP [         ] (───) velnor-actions-orchestrator crate_jobs::crate_jobs_tofu_tests::tofu_obligations_order_fmt_init_validate
        SKIP [         ] (───) velnor-actions-orchestrator crate_jobs::crate_jobs_tofu_tests::tofu_root_jobs_stage_lanes_by_max_parallel
        SKIP [         ] (───) velnor-actions-orchestrator crate_jobs::crate_jobs_tofu_tests::tofu_tasks_bind_no_rust_tools_but_select_opentofu
        SKIP [         ] (───) velnor-actions-orchestrator crate_jobs::crate_jobs_tofu_tests::wide_cap_stages_nothing
        SKIP [         ] (───) velnor-actions-orchestrator crate_jobs::crate_jobs_upload_tests::obligations_upload_one_artifact_per_job
        SKIP [         ] (───) velnor-actions-orchestrator crate_jobs::crate_jobs_upload_tests::obligations_wrap_report_capture
        SKIP [         ] (───) velnor-actions-orchestrator critical_path::tests::longest_weighted_chain_wins
        SKIP [         ] (───) velnor-actions-orchestrator critical_path::tests::render_lists_chain_total_and_task_durations
        SKIP [         ] (───) velnor-actions-orchestrator critical_path::tests::structural_path_weighs_one_per_task
        SKIP [         ] (───) velnor-actions-orchestrator critical_path::tests::ties_resolve_to_smallest_chain_head
        SKIP [         ] (───) velnor-actions-orchestrator critical_path::tests::unknown_predecessors_are_zero_roots_and_cycles_terminate
        SKIP [         ] (───) velnor-actions-orchestrator decisions::decisions_tests::restore_checks_ownership_explicitly
        SKIP [         ] (───) velnor-actions-orchestrator decisions::decisions_tests::runner_image_evidence_is_unobserved
        SKIP [         ] (───) velnor-actions-orchestrator decisions::decisions_tests::tofu_paths_never_broaden_selection
        SKIP [         ] (───) velnor-actions-orchestrator decisions::decisions_tests::trust_maps_to_live_scopes_only
        SKIP [         ] (───) velnor-actions-orchestrator derive_groups::tests::archive_planning_errors_instead_of_skipping
        SKIP [         ] (───) velnor-actions-orchestrator discover::tests::absent_file_returns_none
        SKIP [         ] (───) velnor-actions-orchestrator discover::tests::directory_at_manifest_path_errors
        SKIP [         ] (───) velnor-actions-orchestrator discover::tests::non_utf8_file_errors
        SKIP [         ] (───) velnor-actions-orchestrator discover::tests::oversize_file_errors
        SKIP [         ] (───) velnor-actions-orchestrator discover::tests::present_file_returns_its_text
        SKIP [         ] (───) velnor-actions-orchestrator discover::tests::symlink_file_errors
        SKIP [         ] (───) velnor-actions-orchestrator discover::tests::tofu_candidate_converts_to_project
        SKIP [         ] (───) velnor-actions-orchestrator discover::tests::unregistered_stack_candidate_fails_closed
        SKIP [         ] (───) velnor-actions-orchestrator discover_index::cache_tests::reserved_cache_prefix_matches_only_the_root_and_descendants
        SKIP [         ] (───) velnor-actions-orchestrator error::tests::cancelled_and_unsupported_stay_distinct
        SKIP [         ] (───) velnor-actions-orchestrator error::tests::unsupported_schema_maps_to_unsupported
        SKIP [         ] (───) velnor-actions-orchestrator exclusive_write::tests::dir_creation_refuses_anchor_escapes
        SKIP [         ] (───) velnor-actions-orchestrator exclusive_write::tests::dir_creation_refuses_symlinked_components
        SKIP [         ] (───) velnor-actions-orchestrator exclusive_write::tests::exclusive_write_refuses_planted_symlinks
        SKIP [         ] (───) velnor-actions-orchestrator exclusive_write::tests::exclusive_write_refuses_symlinked_parent
        SKIP [         ] (───) velnor-actions-orchestrator exclusive_write::tests::exclusive_write_round_trips_and_refuses_rewrite
        SKIP [         ] (───) velnor-actions-orchestrator extension_schemas::tests::key_segment_returns_nested_manifest_keys
        SKIP [         ] (───) velnor-actions-orchestrator extension_schemas::tests::known_rust_covers_but_unknown_stacks_do_not
        SKIP [         ] (───) velnor-actions-orchestrator extension_schemas::tests::segments_parse_nested_keys_shards_and_internal
        SKIP [         ] (───) velnor-actions-orchestrator extension_schemas::tests::tofu_schema_covers_tofu_tasks
        SKIP [         ] (───) velnor-actions-orchestrator external_data::tests::advisory_kind_classifies_stack_and_internal_ids
        SKIP [         ] (───) velnor-actions-orchestrator external_data::tests::freshness_validation_rejects_bad_source_and_identity
        SKIP [         ] (───) velnor-actions-orchestrator external_data::tests::skip_needs_declared_identity_and_fresh_baseline
        SKIP [         ] (───) velnor-actions-orchestrator generate::guards::tests::anchor_rejects_symlink_components
        SKIP [         ] (───) velnor-actions-orchestrator generate::guards::tests::anchor_splits_existing_prefix_from_clean_suffix
        SKIP [         ] (───) velnor-actions-orchestrator generate::guards::tests::ownership_is_exclusive_until_released
        SKIP [         ] (───) velnor-actions-orchestrator generate::guards::tests::refuse_matrix_covers_inside_ancestor_and_sibling
        SKIP [         ] (───) velnor-actions-orchestrator generate::guards::tests::reserve_rejects_raced_github
        SKIP [         ] (───) velnor-actions-orchestrator generate::tests::commit_failure_preserves_old_tree_without_partial_write
        SKIP [         ] (───) velnor-actions-orchestrator generate::tests::fresh_target_commit_failure_reports_without_rollback
        SKIP [         ] (───) velnor-actions-orchestrator generate::tests::rollback_failure_preserved
        SKIP [         ] (───) velnor-actions-orchestrator git_paths::tests::collects_into_vec
        SKIP [         ] (───) velnor-actions-orchestrator git_paths::tests::empty_chunks_drop
        SKIP [         ] (───) velnor-actions-orchestrator git_paths::tests::exact_bytes_survive
        SKIP [         ] (───) velnor-actions-orchestrator git_paths::tests::non_utf8_fails_with_tag
        SKIP [         ] (───) velnor-actions-orchestrator git_paths::tests::skipping_keeps_decodable_and_flags
        SKIP [         ] (───) velnor-actions-orchestrator internal::plan_obligation::tests::rust_tasks_keep_the_rust_envelope
        SKIP [         ] (───) velnor-actions-orchestrator internal::plan_obligation::tests::tofu_drift_fails_the_bridge_closed
        SKIP [         ] (───) velnor-actions-orchestrator internal::plan_obligation::tests::tofu_tasks_derive_the_tofu_envelope
        SKIP [         ] (───) velnor-actions-orchestrator internal_plan::closure_tests::checkout_resolution_binds_content_and_absence
        SKIP [         ] (───) velnor-actions-orchestrator internal_plan::closure_tests::closure_dispatch_rejects_unregistered_stack
        SKIP [         ] (───) velnor-actions-orchestrator internal_plan::closure_tests::digest_slots_preserve_absence_distinctly
        SKIP [         ] (───) velnor-actions-orchestrator internal_plan::closure_tests::each_input_flips_the_closure_digest
        SKIP [         ] (───) velnor-actions-orchestrator internal_plan::closure_tests::same_path_with_changed_source_flips
        SKIP [         ] (───) velnor-actions-orchestrator internal_plan::closure_tests::source_edits_flip_and_classes_exclude_explicitly
        SKIP [         ] (───) velnor-actions-orchestrator internal_plan::closure_tests::tofu_dispatch_rejects_unknown_kind
        SKIP [         ] (───) velnor-actions-orchestrator internal_plan::closure_tests::tofu_dispatch_resolves_closure
        SKIP [         ] (───) velnor-actions-orchestrator internal_plan::closure_tests::unrelated_tasks_stay_isolated
        SKIP [         ] (───) velnor-actions-orchestrator internal_plan::identities_tests::cache_format_identity_tracks_emitted_mbx_generation
        SKIP [         ] (───) velnor-actions-orchestrator internal_plan::identities_tests::formats_stay_single_and_graphs_relocate
        SKIP [         ] (───) velnor-actions-orchestrator internal_plan::identities_tests::lanes_follow_responsibility_never_ordinals
        SKIP [         ] (───) velnor-actions-orchestrator internal_plan::identities_tests::ordinary_stack_runner_platform_cannot_expand_with_named_check_catalog
        SKIP [         ] (───) velnor-actions-orchestrator internal_plan::identities_tests::tofu_bundles_skip_rust_checkout_probes
        SKIP [         ] (───) velnor-actions-orchestrator internal_plan::identities_tests::tofu_cache_format_is_distinct_and_valid
        SKIP [         ] (───) velnor-actions-orchestrator internal_plan::identities_tests::tofu_toolchain_flips_on_provider_surface
        SKIP [         ] (───) velnor-actions-orchestrator internal_plan::identities_tests::tofu_toolchain_pins_opentofu_plus_provider_surface
        SKIP [         ] (───) velnor-actions-orchestrator internal_plan::identities_tests::toolchain::compiler_spec_versions_flip_the_digest
        SKIP [         ] (───) velnor-actions-orchestrator internal_plan::identities_tests::toolchains_bind_sorted_specs_driver_runner
        SKIP [         ] (───) velnor-actions-orchestrator internal_plan::internal_plan_tests::envelope_binds_input_closure_digest
        SKIP [         ] (───) velnor-actions-orchestrator internal_plan::internal_plan_tests::envelope_binds_platform_toolchain_config_argv
        SKIP [         ] (───) velnor-actions-orchestrator internal_plan::internal_plan_tests::envelope_normalizes_components_and_binds_env
        SKIP [         ] (───) velnor-actions-orchestrator internal_plan::internal_plan_tests::tofu_metadata_and_cache_ids_derive
        SKIP [         ] (───) velnor-actions-orchestrator internal_plan::named_checks::tests::binary_declared_input_changes_digest_and_stays_executable
        SKIP [         ] (───) velnor-actions-orchestrator internal_plan::named_checks::tests::check_platform_ignores_global_linux_label
        SKIP [         ] (───) velnor-actions-orchestrator internal_plan::named_checks::tests::declared_source_and_native_task_edits_change_identity
        SKIP [         ] (───) velnor-actions-orchestrator internal_plan::named_checks::tests::named_check_hosted_label_and_target_must_agree
        SKIP [         ] (───) velnor-actions-orchestrator internal_plan::named_checks::tests::named_check_without_cargo_has_one_executing_obligation
        SKIP [         ] (───) velnor-actions-orchestrator internal_plan::named_checks::tests::opaque_closure_and_wrong_stack_never_qualify
        SKIP [         ] (───) velnor-actions-orchestrator internal_plan::snapshot::tests::canonical_bytes_ignore_key_order
        SKIP [         ] (───) velnor-actions-orchestrator internal_plan::snapshot::tests::platform_image_evidence_is_unobserved_not_label_split
        SKIP [         ] (───) velnor-actions-orchestrator internal_plan::snapshot::tests::platform_images_and_versions_flip
        SKIP [         ] (───) velnor-actions-orchestrator internal_plan::snapshot::tests::triples_map_to_release_targets
        SKIP [         ] (───) velnor-actions-orchestrator internal_plan::snapshot::tests::unknown_targets_reject_instead_of_taking_host
        SKIP [         ] (───) velnor-actions-orchestrator internal_plan::wire_w2::reuse_stages::reuse_stages_tests::changed_live_inputs_reject_reuse
        SKIP [         ] (───) velnor-actions-orchestrator internal_plan::wire_w2::reuse_stages::reuse_stages_tests::full_restore_verifies_and_stages_stay_separate
        SKIP [         ] (───) velnor-actions-orchestrator internal_plan::wire_w2::reuse_stages::reuse_stages_tests::identity_mismatches_fail_with_precise_reasons
        SKIP [         ] (───) velnor-actions-orchestrator internal_plan::wire_w2::reuse_stages::reuse_stages_tests::missing_and_malformed_outputs_fail
        SKIP [         ] (───) velnor-actions-orchestrator internal_plan::wire_w2::reuse_stages::reuse_stages_tests::restore_for_another_task_is_no_entry
        SKIP [         ] (───) velnor-actions-orchestrator internal_plan::wire_w2::reuse_stages::reuse_stages_tests::zero_byte_outputs_fail_orchestrator_layer_as_incomplete
        SKIP [         ] (───) velnor-actions-orchestrator internal_plan::wire_w2::wire_w2_tests::archive_gate_binds_sources_and_refuses_unbound
        SKIP [         ] (───) velnor-actions-orchestrator internal_plan::wire_w2::wire_w2_tests::archive_identity_binds_content_not_path
        SKIP [         ] (───) velnor-actions-orchestrator internal_plan::wire_w2::wire_w2_tests::observations_thread_to_verified_or_precise_miss
        SKIP [         ] (───) velnor-actions-orchestrator internal_plan::wire_w2::wire_w2_tests::reuse_event_names_match_mode_spellings
        SKIP [         ] (───) velnor-actions-orchestrator internal_plan::wire_w2::wire_w2_tests::reuse_outcomes_execute_with_precise_reasons
        SKIP [         ] (───) velnor-actions-orchestrator internal_plan::wire_w2::wire_w2_tests::reused_tasks_verify_outputs_then_fail_trust_closed
        SKIP [         ] (───) velnor-actions-orchestrator internal_plan::wire_w2::wire_w2_tests::tofu_init_and_validate_never_plan_reuse
        SKIP [         ] (───) velnor-actions-orchestrator internal_plan::wire_w2::wire_w2_tests::verified_reuse_binds_task_and_live_inputs
        SKIP [         ] (───) velnor-actions-orchestrator inventory::tests::incomplete_aborts_both_paths
        SKIP [         ] (───) velnor-actions-orchestrator inventory::tests::metadata_subprocess_counts
        SKIP [         ] (───) velnor-actions-orchestrator inventory::tests::reuse_matches_legacy_outcomes_and_inventories
        SKIP [         ] (───) velnor-actions-orchestrator inventory::tests::tool_missing_markers_are_conservative
        SKIP [         ] (───) velnor-actions-orchestrator inventory::tests::tool_mutation_mid_run_fails_closed
        SKIP [         ] (───) velnor-actions-orchestrator lock_audit::lock_audit_tests::bare_install_blocks
        SKIP [         ] (───) velnor-actions-orchestrator lock_audit::lock_audit_tests::deny_drift_blocks
        SKIP [         ] (───) velnor-actions-orchestrator lock_audit::lock_audit_tests::deny_install_is_audited_by_name
        SKIP [         ] (───) velnor-actions-orchestrator lock_audit::lock_audit_tests::drifted_spec_version_blocks
        SKIP [         ] (───) velnor-actions-orchestrator lock_audit::lock_audit_tests::empty_install_set_stays_silent
        SKIP [         ] (───) velnor-actions-orchestrator lock_audit::lock_audit_tests::foreign_spec_and_malformed_argv_block
        SKIP [         ] (───) velnor-actions-orchestrator lock_audit::lock_audit_tests::oversized_tool_file_blocks
        SKIP [         ] (───) velnor-actions-orchestrator lock_audit::lock_audit_tests::unclassifiable_validator_vector_blocks
        SKIP [         ] (───) velnor-actions-orchestrator lock_audit::lock_audit_tests::unknown_label_skips_loudly_without_blocking
        SKIP [         ] (───) velnor-actions-orchestrator matrix_step::matrix_step_tests::doc_obligation_step_carries_typed_rustdocflags
        SKIP [         ] (───) velnor-actions-orchestrator matrix_step::matrix_step_tests::every_workspace_member_is_classified
        SKIP [         ] (───) velnor-actions-orchestrator matrix_step::matrix_step_tests::identity_env_contract_enforces_in_every_build
        SKIP [         ] (───) velnor-actions-orchestrator matrix_step::matrix_step_tests::non_doc_obligation_steps_carry_no_rustdocflags
        SKIP [         ] (───) velnor-actions-orchestrator matrix_step::matrix_step_tests::obligation_step_carries_the_report_lookup_key
        SKIP [         ] (───) velnor-actions-orchestrator matrix_step::matrix_step_tests::obligation_step_skips_when_plan_covered_it
        SKIP [         ] (───) velnor-actions-orchestrator matrix_step::matrix_step_tests::outcome_and_deferred_share_one_start_file
        SKIP [         ] (───) velnor-actions-orchestrator matrix_step::matrix_step_tests::report_wrapper_stamps_start_and_hands_env_to_helper
        SKIP [         ] (───) velnor-actions-orchestrator matrix_step::matrix_step_tests::tofu_obligation_steps_carry_the_automation_pair
        SKIP [         ] (───) velnor-actions-orchestrator matrix_step::matrix_step_tests::validator_installs_follow_executed_suite_per_policy
        SKIP [         ] (───) velnor-actions-orchestrator matrix_step::matrix_step_tofu_install_tests::every_workspace_member_is_classified_for_tofu
        SKIP [         ] (───) velnor-actions-orchestrator matrix_step::matrix_step_tofu_install_tests::mise_crate_job_prepare_installs_opentofu
        SKIP [         ] (───) velnor-actions-orchestrator matrix_step::matrix_step_tofu_install_tests::tofu_install_follows_executed_suite_per_policy
        SKIP [         ] (───) velnor-actions-orchestrator matrix_step::matrix_step_tofu_tests::stackless_obligation_task_ids_keep_malformed_vocabulary
        SKIP [         ] (───) velnor-actions-orchestrator matrix_step::matrix_step_tofu_tests::tofu_obligation_step_carries_isolated_cache_dir
        SKIP [         ] (───) velnor-actions-orchestrator matrix_step::matrix_step_tofu_tests::tofu_obligation_step_carries_tofu_matrix_id_and_no_doc_env
        SKIP [         ] (───) velnor-actions-orchestrator matrix_step::matrix_step_tofu_tests::tofu_step_env_rejects_triple_and_reserved_keys
        SKIP [         ] (───) velnor-actions-orchestrator matrix_step::matrix_step_tofu_tests::tofu_step_names_render_through_tofu_table
        SKIP [         ] (───) velnor-actions-orchestrator merge_request::actual_event_strict_tests::duplicate_payload_keys_fail_closed
        SKIP [         ] (───) velnor-actions-orchestrator merge_request::merge_event_tests::assembly_captures_actual_event
        SKIP [         ] (───) velnor-actions-orchestrator merge_request::merge_event_tests::assembly_reads_attestation_in_candidate_mode
        SKIP [         ] (───) velnor-actions-orchestrator merge_request::merge_request_tests::assembly_reads_expected_only_and_sorts_reports
        SKIP [         ] (───) velnor-actions-orchestrator merge_request::merge_request_tests::assembly_records_gaps_and_rejects_bad_report
        SKIP [         ] (───) velnor-actions-orchestrator merge_request::merge_request_tests::assembly_rejects_duplicate_keys_in_staged_json
        SKIP [         ] (───) velnor-actions-orchestrator merge_request::merge_request_tests::assembly_rejects_links_oversize_and_unreadable_inputs
        SKIP [         ] (───) velnor-actions-orchestrator merge_request::merge_request_tests::assembly_shape_carries_no_base
        SKIP [         ] (───) velnor-actions-orchestrator merge_request::merge_request_tests::dropped_or_missing_expected_inventory_fails_closed
        SKIP [         ] (───) velnor-actions-orchestrator merge_request::merge_request_tests::event_payload_refuses_symlink
        SKIP [         ] (───) velnor-actions-orchestrator merge_request::merge_request_tests::request_file_writes_exclusively
        SKIP [         ] (───) velnor-actions-orchestrator merge_request::needs_channel::tests::direct_and_to_json_shapes_parse_and_sort
        SKIP [         ] (───) velnor-actions-orchestrator merge_request::needs_channel::tests::garbage_empty_and_bad_job_inputs_fail_closed
        SKIP [         ] (───) velnor-actions-orchestrator merge_request::needs_channel::tests::matrix_driver_job_is_excluded
        SKIP [         ] (───) velnor-actions-orchestrator noop_report::noop_report_tests::noop_digest_key_is_disjoint_from_exec_digest_key
        SKIP [         ] (───) velnor-actions-orchestrator noop_report::noop_report_tests::noop_op_contract_pins_wire_strings
        SKIP [         ] (───) velnor-actions-orchestrator noop_report::noop_report_tests::noop_rejects_contradictions
        SKIP [         ] (───) velnor-actions-orchestrator noop_report::noop_report_tests::noop_rejects_malformed_run_key_before_path_join
        SKIP [         ] (───) velnor-actions-orchestrator noop_report::noop_report_tests::noop_report_writes_not_selected_with_reason
        SKIP [         ] (───) velnor-actions-orchestrator noop_report::noop_report_tests::noop_request_parsing_is_strict
        SKIP [         ] (───) velnor-actions-orchestrator origin::tests::repository_slug_shapes
        SKIP [         ] (───) velnor-actions-orchestrator pins::tests::acquisition_rejects_tampered_platform
        SKIP [         ] (───) velnor-actions-orchestrator pins::tests::acquisition_template_selects_native_checksum_by_typed_target
        SKIP [         ] (───) velnor-actions-orchestrator pins::tests::consumer_acquire_uses_native_checksum_utility_for_each_target
        SKIP [         ] (───) velnor-actions-orchestrator pins::tests::consumer_gate_rejects_attacker_manifests
        SKIP [         ] (───) velnor-actions-orchestrator pins::tests::consumer_manifest_mismatch_and_bad_target_fail
        SKIP [         ] (───) velnor-actions-orchestrator pins::tests::consumer_manifest_without_commit_fails
        SKIP [         ] (───) velnor-actions-orchestrator pins::tests::fixture_manifest_embeds_runner_target_record
        SKIP [         ] (───) velnor-actions-orchestrator pins::tests::lock_acquire_uses_native_checksum_utility_for_each_target
        SKIP [         ] (───) velnor-actions-orchestrator pins::tests::macos_helper_asset_and_native_digest_match_runner
        SKIP [         ] (───) velnor-actions-orchestrator pins::tests::mise_setup_accepts_approved_override_only
        SKIP [         ] (───) velnor-actions-orchestrator pins::tests::mise_setup_defaults_to_compiled_pins
        SKIP [         ] (───) velnor-actions-orchestrator pins::tests::mise_setup_rejects_non_linux_runners
        SKIP [         ] (───) velnor-actions-orchestrator pins::tests::setup_uses_extracted_binary_digest_for_each_platform
        SKIP [         ] (───) velnor-actions-orchestrator pins::tests::source_build_consumer_generation_fails_with_provenance
        SKIP [         ] (───) velnor-actions-orchestrator pins::tests::verification_mise_setup_pins_each_runner_architecture
        SKIP [         ] (───) velnor-actions-orchestrator plan_output_limits::tests::matrix_and_coverage_outputs_share_one_aggregate_budget
        SKIP [         ] (───) velnor-actions-orchestrator plan_output_limits::tests::matrix_jobs_cap_uses_expanded_dynamic_entries_only
        SKIP [         ] (───) velnor-actions-orchestrator plan_output_limits::tests::output_budget_boundary_is_inclusive
        SKIP [         ] (───) velnor-actions-orchestrator plan_output_limits::tests::step_outputs_remain_complete_while_static_job_promotion_is_narrow
        SKIP [         ] (───) velnor-actions-orchestrator plan_output_limits::tests::utf16_budget_counts_ascii_and_surrogate_pairs
        SKIP [         ] (───) velnor-actions-orchestrator preseed_manifest::tests::invalid_inputs_fail_closed
        SKIP [         ] (───) velnor-actions-orchestrator preseed_manifest::tests::manifest_shape_is_exact_with_real_digest
        SKIP [         ] (───) velnor-actions-orchestrator preseed_manifest::tests::names_match_renderer_consts
        SKIP [         ] (───) velnor-actions-orchestrator publish_job::publish_job_tests::publish_job_needs_required_and_gates_push
        SKIP [         ] (───) velnor-actions-orchestrator publish_job::publish_job_tests::publish_job_rejects_malformed_branches
        SKIP [         ] (───) velnor-actions-orchestrator qualify::tests::qualify_rebuild_attempt_rejected
        SKIP [         ] (───) velnor-actions-orchestrator qualify::tests::qualify_runs_artifact_without_rebuild_markers
        SKIP [         ] (───) velnor-actions-orchestrator release_identity::tests::foreign_or_malformed_origins_yield_none
        SKIP [         ] (───) velnor-actions-orchestrator release_identity::tests::origin_shapes_normalize_to_owner_repo
        SKIP [         ] (───) velnor-actions-orchestrator release_identity::tests::plan_ids_derive_from_the_source_sha
        SKIP [         ] (───) velnor-actions-orchestrator release_identity::tests::workspace_slugs_stay_lock_shaped
        SKIP [         ] (───) velnor-actions-orchestrator retrieve_baseline::retrieve_baseline_tests::baseline_skips_bad_repo_before_branch_lookup
        SKIP [         ] (───) velnor-actions-orchestrator retrieve_baseline::retrieve_baseline_tests::baseline_skips_invalid_base_before_branch_lookup
        SKIP [         ] (───) velnor-actions-orchestrator retrieve_baseline::retrieve_baseline_tests::baseline_skips_plan_without_base
        SKIP [         ] (───) velnor-actions-orchestrator retrieve_baseline::retrieve_baseline_tests::baseline_skips_unparsable_plan_without_spawning
        SKIP [         ] (───) velnor-actions-orchestrator retrieve_baseline::retrieve_baseline_tests::baseline_skips_when_nothing_covered
        SKIP [         ] (───) velnor-actions-orchestrator retrieve_baseline::retrieve_baseline_tests::baseline_skips_when_staged_file_wins
        SKIP [         ] (───) velnor-actions-orchestrator retrieve_baseline::retrieve_baseline_tests::baseline_skips_when_staged_symlink_planted
        SKIP [         ] (───) velnor-actions-orchestrator retrieve_baseline::retrieve_baseline_tests::default_branch_args_pins_repo_and_rejects_bad_slug
        SKIP [         ] (───) velnor-actions-orchestrator retrieve_baseline::retrieve_baseline_tests::parse_default_branch_accepts_only_strict_names
        SKIP [         ] (───) velnor-actions-orchestrator retrieve_baseline::retrieve_baseline_tests::stage_manifest_writes_canonically_and_never_overwrites
        SKIP [         ] (───) velnor-actions-orchestrator retrieve_reports::retrieve_reports_enumeration_tests::enumeration_dedupes_shared_job_artifacts
        SKIP [         ] (───) velnor-actions-orchestrator retrieve_reports::retrieve_reports_enumeration_tests::enumeration_follows_plan_order
        SKIP [         ] (───) velnor-actions-orchestrator retrieve_reports::retrieve_reports_tests::malformed_ids_skip_before_join_and_mkdir
        SKIP [         ] (───) velnor-actions-orchestrator retrieve_reports::retrieve_reports_tests::missing_plan_retrieves_zero_without_spawning
        SKIP [         ] (───) velnor-actions-orchestrator retrieve_reports::retrieve_reports_tests::oversize_and_duplicate_key_plans_retrieve_zero
        SKIP [         ] (───) velnor-actions-orchestrator retrieve_reports::retrieve_reports_tests::retrieve_argv_names_exact_artifact
        SKIP [         ] (───) velnor-actions-orchestrator retrieve_reports::retrieve_reports_tests::retrieve_plan_read_is_bounded
        SKIP [         ] (───) velnor-actions-orchestrator retrieve_reports::retrieve_reports_tests::staged_bytes_cover_every_failure_class
        SKIP [         ] (───) velnor-actions-orchestrator retrieve_reports::retrieve_reports_tests::staged_symlinks_reject_and_nested_layout_reads
        SKIP [         ] (───) velnor-actions-orchestrator retrieve_reports::retrieve_reports_tests::staged_task_file_rejects_duplicate_keys
        SKIP [         ] (───) velnor-actions-orchestrator retrieve_reports::retrieve_reports_tests::staged_task_files_cover_success_and_tokens
        SKIP [         ] (───) velnor-actions-orchestrator retrieve_reports::retrieve_reports_tests::staged_tokens_cover_every_failure_class
        SKIP [         ] (───) velnor-actions-orchestrator retrieve_retry::retrieve_retry_tests::retry_stops_at_first_success_and_at_the_bound
        SKIP [         ] (───) velnor-actions-orchestrator run_select::tests::artifact_expiry_must_be_explicitly_false
        SKIP [         ] (───) velnor-actions-orchestrator safe_read::tests::event_symlink_fails_closed
        SKIP [         ] (───) velnor-actions-orchestrator safe_read::tests::repo_directory_reports_not_a_file
        SKIP [         ] (───) velnor-actions-orchestrator safe_read::tests::repo_oversize_and_bad_utf8_stay_errors
        SKIP [         ] (───) velnor-actions-orchestrator safe_read::tests::repo_read_round_trip_and_absent
        SKIP [         ] (───) velnor-actions-orchestrator safe_read::tests::repo_symlink_refused_names_reason
        SKIP [         ] (───) velnor-actions-orchestrator safe_read::tests::symlinked_parent_escape_fails_closed
        SKIP [         ] (───) velnor-actions-orchestrator select::checkout::tests::checkout_git_must_fit_the_shared_deadline
        SKIP [         ] (───) velnor-actions-orchestrator select::group_selection_tests::unchanged_named_check_executes_without_fabricating_a_source_change
        SKIP [         ] (───) velnor-actions-orchestrator select_affected::tests::declared_inputs_select_their_package
        SKIP [         ] (───) velnor-actions-orchestrator select_affected::tests::lone_root_package_classifies_everything
        SKIP [         ] (───) velnor-actions-orchestrator select_affected::tests::nested_change_selects_deepest_beside_root
        SKIP [         ] (───) velnor-actions-orchestrator select_affected::tests::root_package_does_not_classify_stray_files
        SKIP [         ] (───) velnor-actions-orchestrator select_affected::tests::shared_declared_input_selects_every_declarer
        SKIP [         ] (───) velnor-actions-orchestrator select_affected::tests::skipped_index_names_broaden_with_explicit_tag
        SKIP [         ] (───) velnor-actions-orchestrator select_affected::tests::union_of_base_and_head_graphs_selects_removed_consumers
        SKIP [         ] (───) velnor-actions-orchestrator select_tofu::select_tofu_tests::chdir_findings_name_each_subdir_root_once
        SKIP [         ] (───) velnor-actions-orchestrator select_tofu::select_tofu_tests::derive_tofu_inits_once_per_root
        SKIP [         ] (───) velnor-actions-orchestrator select_tofu::select_tofu_tests::derive_tofu_marks_empty_fmt_scopes_no_targets
        SKIP [         ] (───) velnor-actions-orchestrator select_tofu::select_tofu_tests::derive_tofu_merges_nested_fmt_scopes
        SKIP [         ] (───) velnor-actions-orchestrator select_tofu::select_tofu_tests::derive_tofu_proposes_triples_with_fmt_scope_targets
        SKIP [         ] (───) velnor-actions-orchestrator select_tofu::select_tofu_tests::no_tofu_roots_passes_through_without_git
        SKIP [         ] (───) velnor-actions-orchestrator select_tofu::select_tofu_tests::rust_kind_predicates_and_tool_needs_stay_false_for_tofu
        SKIP [         ] (───) velnor-actions-orchestrator select_tofu::select_tofu_tests::selected_roots_derive_from_selected_statuses_only
        SKIP [         ] (───) velnor-actions-orchestrator source_cache::tests::cache_keys_reject_unsupported_execution_targets
        SKIP [         ] (───) velnor-actions-orchestrator source_prep::tests::crate_fetch_carries_full_validated_contract
        SKIP [         ] (───) velnor-actions-orchestrator source_prep::tests::lockless_roots_emit_no_steps
        SKIP [         ] (───) velnor-actions-orchestrator source_prep::tests::nested_step_names_its_manifest
        SKIP [         ] (───) velnor-actions-orchestrator source_prep::tests::plan_fetch_uses_owned_homes_for_shared_snapshot
        SKIP [         ] (───) velnor-actions-orchestrator source_prep::tests::root_step_probes_before_fetch_with_miss_record
        SKIP [         ] (───) velnor-actions-orchestrator task_report::check_gate_tests::container_declaration_without_receipt_fails_after_assembly_errors_cleared
        SKIP [         ] (───) velnor-actions-orchestrator task_report::check_gate_tests::corrupted_deleted_skipped_and_foreign_evidence_fail_final_gate
        SKIP [         ] (───) velnor-actions-orchestrator task_report::check_gate_tests::forged_receipt_hash_does_not_bypass_scenario_validation
        SKIP [         ] (───) velnor-actions-orchestrator task_report::check_gate_tests::generic_report_producer_refuses_named_check_success
        SKIP [         ] (───) velnor-actions-orchestrator task_report::check_gate_tests::genuine_receipt_and_scenario_bytes_pass_assembled_final_gate
        SKIP [         ] (───) velnor-actions-orchestrator task_report::check_gate_tests::missing_qualified_observation_transport_fails_final_gate
        SKIP [         ] (───) velnor-actions-orchestrator task_report::check_gate_tests::native_pin_without_matching_runtime_proof_fails_final_gate
        SKIP [         ] (───) velnor-actions-orchestrator task_report::check_gate_tests::omitted_native_proof_field_is_not_an_empty_verified_set
        SKIP [         ] (───) velnor-actions-orchestrator task_report::check_gate_tests::ordinary_matching_task_reports_without_receipt_cannot_pass
        SKIP [         ] (───) velnor-actions-orchestrator task_report::check_gate_tests::receipt_budget_tests::maximum_admitted_receipt_survives_the_staged_gate_reader
        SKIP [         ] (───) velnor-actions-orchestrator task_report::check_gate_tests::receipt_budget_tests::maximum_container_admitted_receipt_survives_the_staged_gate_reader
        SKIP [         ] (───) velnor-actions-orchestrator task_report::task_report_cover_tests::covered_downstream_skips_silently_behind_failure
        SKIP [         ] (───) velnor-actions-orchestrator task_report::task_report_cover_tests::covered_obligation_reports_nothing_and_succeeds
        SKIP [         ] (───) velnor-actions-orchestrator task_report::task_report_cover_tests::load_plan_strict_tests::plan_read_is_bounded_and_duplicate_rejecting
        SKIP [         ] (───) velnor-actions-orchestrator task_report::task_report_merge_tests::merge_blocks_all_skipped_noop_end_to_end
        SKIP [         ] (───) velnor-actions-orchestrator task_report::task_report_merge_tests::merge_fails_failing_obligation_and_blocks_downstream
        SKIP [         ] (───) velnor-actions-orchestrator task_report::task_report_merge_tests::merge_flips_not_run_to_executed_end_to_end
        SKIP [         ] (───) velnor-actions-orchestrator task_report::task_report_merge_tests::merge_lists_shared_job_artifact_once
        SKIP [         ] (───) velnor-actions-orchestrator task_report::task_report_merge_tests::provider_hit_validate_execution_aggregates_executed
        SKIP [         ] (───) velnor-actions-orchestrator task_report::task_report_order_tests::empty_downstream_follows_execution_order_not_matrix_order
        SKIP [         ] (───) velnor-actions-orchestrator task_report::task_report_tests::ambiguous_entries_refuse_rather_than_guess
        SKIP [         ] (───) velnor-actions-orchestrator task_report::task_report_tests::downstream_ids_split_dedupe_and_drop_blanks
        SKIP [         ] (───) velnor-actions-orchestrator task_report::task_report_tests::executed_report_binds_plan_identities
        SKIP [         ] (───) velnor-actions-orchestrator task_report::task_report_tests::exit_codes_accept_the_eight_bit_range
        SKIP [         ] (───) velnor-actions-orchestrator task_report::task_report_tests::failed_report_marks_entry_failed
        SKIP [         ] (───) velnor-actions-orchestrator task_report::task_report_tests::failure_reports_downstream_skips_and_success_reports_none
        SKIP [         ] (───) velnor-actions-orchestrator task_report::task_report_tests::planted_symlink_at_report_path_refuses_without_writing
        SKIP [         ] (───) velnor-actions-orchestrator task_report::task_report_tests::start_stamps_parse_and_measure_or_fail_closed
        SKIP [         ] (───) velnor-actions-orchestrator task_report::task_report_tests::tofu_executed_report_carries_measured_timing
        SKIP [         ] (───) velnor-actions-orchestrator task_report::task_report_tests::unbound_inputs_fail_before_writing
        SKIP [         ] (───) velnor-actions-orchestrator tofu_cache::tests::provider_key_shape_binds_target_tofu_root_and_lock
        SKIP [         ] (───) velnor-actions-orchestrator tofu_cache::tests::provider_restore_composite_binds_exact_key_and_owned_path
        SKIP [         ] (───) velnor-actions-orchestrator toolcheck::tests::checks_report_presence_parse_values_and_digests
        SKIP [         ] (───) velnor-actions-orchestrator toolcheck::tests::malformed_files_are_invalid_with_digests
        SKIP [         ] (───) velnor-actions-orchestrator toolcheck::tests::unreadable_files_are_not_missing
        SKIP [         ] (───) velnor-actions-orchestrator toolfindings::tests::conflicts_need_comparable_divergent_pins
        SKIP [         ] (───) velnor-actions-orchestrator toolfindings::tests::unrecognized_values_are_unsupported
        SKIP [         ] (───) velnor-actions-orchestrator validate::tests::actionlint_argv_has_single_config_file_first
        SKIP [         ] (───) velnor-actions-orchestrator validate_shell::tests::shellcheck_batch_lints_every_body
        SKIP [         ] (───) velnor-actions-orchestrator validate_shell::tests::shellcheck_clean_passes_violation_and_block_fail
        SKIP [         ] (───) velnor-actions-orchestrator validate_shell::tests::shellcheck_pure_sc2086_body_fails
        SKIP [         ] (───) velnor-actions-orchestrator validate_shell::tests::shellcheck_uses_the_resolved_bash_or_posix_dialect
        SKIP [         ] (───) velnor-actions-orchestrator validate_shell::tests::shellcheck_version_mismatch_fails
        SKIP [         ] (───) velnor-actions-orchestrator validate_shell::workflow::tests::container_default_is_posix_and_services_do_not_change_runner_shell
        SKIP [         ] (───) velnor-actions-orchestrator validate_shell::workflow::tests::harmless_shellcheck_directives_remain_supported
        SKIP [         ] (───) velnor-actions-orchestrator validate_shell::workflow::tests::job_and_workflow_defaults_override_container_shell
        SKIP [         ] (───) velnor-actions-orchestrator validate_shell::workflow::tests::nested_run_values_are_not_confused_with_steps
        SKIP [         ] (───) velnor-actions-orchestrator validate_shell::workflow::tests::only_step_run_keys_are_linted
        SKIP [         ] (───) velnor-actions-orchestrator validate_shell::workflow::tests::step_job_and_workflow_shell_precedence_is_order_independent
        SKIP [         ] (───) velnor-actions-orchestrator validate_shell::workflow::tests::step_shell_after_run_overrides_the_hosted_default
        SKIP [         ] (───) velnor-actions-orchestrator validate_shell::workflow::tests::unknown_runner_shell_and_shellcheck_overrides_fail_closed
        SKIP [         ] (───) velnor-actions-orchestrator validate_shell::workflow::tests::unsupported_step_mapping_order_fails_closed
        SKIP [         ] (───) velnor-actions-orchestrator vectors::vectors_tests::candidate_build_delegates_to_mise_constructor
        SKIP [         ] (───) velnor-actions-orchestrator vectors::vectors_tests::mbx_probe_vector_is_byte_exact
        SKIP [         ] (───) velnor-actions-orchestrator vectors::vectors_tests::policy_vectors_pin_specs_and_payloads
        SKIP [         ] (───) velnor-actions-orchestrator vectors::vectors_tests::section4_build_vector_is_byte_exact
        SKIP [         ] (───) velnor-actions-orchestrator vectors::vectors_tests::task_payload_program_follows_route_driver
        SKIP [         ] (───) velnor-actions-orchestrator vectors::vectors_tests::task_runner_tools_follow_test_runner
        SKIP [         ] (───) velnor-actions-orchestrator vectors::vectors_tests::tofu_subdir_payload_runs_under_chdir_first
        SKIP [         ] (───) velnor-actions-orchestrator vectors::vectors_tests::tofu_task_argv_routes_through_pinned_opentofu
        SKIP [         ] (───) velnor-actions-orchestrator vectors::vectors_tests::zizmor_vector_is_pinned_and_offline
        SKIP [         ] (───) velnor-actions-orchestrator workflow::check_jobs::tests::fork_admission_skips_external_runner_and_required_rejects_skip
        SKIP [         ] (───) velnor-actions-orchestrator workflow::check_jobs::tests::generic_registry_id_generates_without_catalog_fallback_and_keeps_plan_identity
        SKIP [         ] (───) velnor-actions-orchestrator workflow::check_jobs::tests::ignored_rust_candidate_keeps_plan_inventory_toolchain
        SKIP [         ] (───) velnor-actions-orchestrator workflow::check_jobs::tests::mixed_platform_checks_keep_exact_tools_and_unconditional_reports
        SKIP [         ] (───) velnor-actions-orchestrator workflow::check_jobs::tests::native_check_without_catalog_tools_adds_no_rust_install
        SKIP [         ] (───) velnor-actions-orchestrator workflow::check_jobs::tests::no_cargo_checks_gate_required_without_becoming_rust_jobs
        SKIP [         ] (───) velnor-actions-orchestrator workflow::check_jobs::tests::required_rejects_failed_or_missing_named_check
        SKIP [         ] (───) velnor-actions-orchestrator workflow::wire_w1::wire_w1_tests::checkout_full_provides_history_for_git_archaeology
        SKIP [         ] (───) velnor-actions-orchestrator workflow::wire_w1::wire_w1_tests::checkout_pins_canonical_ref_and_validates_inputs
        SKIP [         ] (───) velnor-actions-orchestrator workflow::wire_w1::wire_w1_tests::crate_driver_tools_follow_role_selection
        SKIP [         ] (───) velnor-actions-orchestrator workflow::wire_w1::wire_w1_tests::crate_tools_follow_selection_with_validators
        SKIP [         ] (───) velnor-actions-orchestrator workflow::wire_w1::wire_w1_tests::crate_tools_install_exact_pinned_set
        SKIP [         ] (───) velnor-actions-orchestrator workflow::wire_w1::wire_w1_tests::syntax_gate_allows_matrix_and_rejects_native
        SKIP [         ] (───) velnor-actions-orchestrator workflow::wire_w1::wire_w1_tests::task_cache_steps_need_fixture_and_live_mode
        SKIP [         ] (───) velnor-actions-orchestrator workflow_jobs::workflow_jobs_tests::final_job_needs_plan_crates_and_lint
        SKIP [         ] (───) velnor-actions-orchestrator workflow_jobs::workflow_jobs_tests::final_job_writes_request_before_merge
        SKIP [         ] (───) velnor-actions-orchestrator workflow_jobs::workflow_jobs_tests::plan_job_checks_out_full_history_for_archaeology
        SKIP [         ] (───) velnor-actions-orchestrator workflow_jobs::workflow_jobs_tests::plan_job_prepares_pinned_tools_before_generate_consumers
        SKIP [         ] (───) velnor-actions-orchestrator workflow_jobs::workflow_jobs_tests::plan_job_writes_request_before_plan
        SKIP [         ] (───) velnor-actions-orchestrator workflow_jobs::workflow_jobs_tests::plan_tools_follow_role_in_all_order
        SKIP [         ] (───) velnor-actions-orchestrator workflow_jobs::workflow_jobs_tests::pure_tofu_plan_drops_all_rust_setup
        SKIP [         ] (───) velnor-actions-orchestrator::validation_failure probe::validation_failure_preserves_output
        SKIP [         ] (───) velnor-actions-orchestrator::validation_failure zizmor_staging::blessed_repo_tag_ref_still_fails
        SKIP [         ] (───) velnor-actions-orchestrator::validation_failure zizmor_staging::consumer_tree_unaffected
        SKIP [         ] (───) velnor-actions-orchestrator::validation_failure zizmor_staging::different_unpinned_tag_still_fails
        SKIP [         ] (───) velnor-actions-orchestrator::validation_failure zizmor_staging::staging_suppressions_stable_no_new
        SKIP [         ] (───) velnor-actions-orchestrator::validation_failure zizmor_staging::velnor_policy_blessed_sha_validates_green
        SKIP [         ] (───) velnor-actions-orchestrator::velnor_orchestrator impl_bench_p13::bench_concurrent_lanes_2_and_4
        SKIP [         ] (───) velnor-actions-orchestrator::velnor_orchestrator impl_bench_p13::bench_leaf_edit_minimal_set
        SKIP [         ] (───) velnor-actions-orchestrator::velnor_orchestrator impl_bench_p13::bench_public_api_edit_reverse_deps
        SKIP [         ] (───) velnor-actions-orchestrator::velnor_orchestrator impl_bench_p13::bench_real_dep_and_toolchain_change
        SKIP [         ] (───) velnor-actions-orchestrator::velnor_orchestrator impl_bench_p13::bench_unchanged_repeat_identical
        SKIP [         ] (───) velnor-actions-orchestrator::velnor_orchestrator impl_bench_p13::bench_warm_restore_second_plan
        SKIP [         ] (───) velnor-actions-orchestrator::velnor_orchestrator impl_cache_fixtures::cargo_only_shared_registry_single_shape
        SKIP [         ] (───) velnor-actions-orchestrator::velnor_orchestrator impl_cache_fixtures::per_job_mise_keys_qualified_without_job_suffix
        SKIP [         ] (───) velnor-actions-orchestrator::velnor_orchestrator impl_cache_fixtures::per_job_sources_keys_identical_plan_and_crates
        SKIP [         ] (───) velnor-actions-orchestrator::velnor_orchestrator impl_cache_fixtures::restore_mbx_fetch_order_every_crate_job
        SKIP [         ] (───) velnor-actions-orchestrator::velnor_orchestrator impl_cache_fixtures::service_report_parses_live_shape_for_sequential_runs
        SKIP [         ] (───) velnor-actions-orchestrator::velnor_orchestrator impl_cache_fixtures::single_writer_plan_saves_crates_restore_only
        SKIP [         ] (───) velnor-actions-orchestrator::velnor_orchestrator impl_cache_fixtures::sources_paths_cover_owned_subset_only
        SKIP [         ] (───) velnor-actions-orchestrator::velnor_orchestrator impl_cache_warm::fetch_carries_offline_skip_branch
        SKIP [         ] (───) velnor-actions-orchestrator::velnor_orchestrator impl_cache_warm::identical_inputs_render_identical_caches
        SKIP [         ] (───) velnor-actions-orchestrator::velnor_orchestrator impl_cache_warm::lockfile_delta_changes_cache_identity
        SKIP [         ] (───) velnor-actions-orchestrator::velnor_orchestrator impl_cache_warm::probe_outcome_maps_to_skip_or_explicit_fetch
        SKIP [         ] (───) velnor-actions-orchestrator::velnor_orchestrator impl_cache_warm::rust_components_install_unconditionally_after_restore
        SKIP [         ] (───) velnor-actions-orchestrator::velnor_orchestrator impl_config_internal::config::config_errors_name_file_and_key_path
        SKIP [         ] (───) velnor-actions-orchestrator::velnor_orchestrator impl_config_internal::config::default_branch_prefers_config_then_origin_head
        SKIP [         ] (───) velnor-actions-orchestrator::velnor_orchestrator impl_config_internal::config::init_creates_sample_and_refuses_overwrite
        SKIP [         ] (───) velnor-actions-orchestrator::velnor_orchestrator impl_config_internal::config::resolve_root_from_nested_subdir
        SKIP [         ] (───) velnor-actions-orchestrator::velnor_orchestrator impl_config_internal::config::uncommented_init_sample_parses_with_overrides
        SKIP [         ] (───) velnor-actions-orchestrator::velnor_orchestrator impl_config_internal::config::unknown_override_key_rejected_with_key_path
        SKIP [         ] (───) velnor-actions-orchestrator::velnor_orchestrator impl_config_internal::config::velnor_policy_rejected_without_identity
        SKIP [         ] (───) velnor-actions-orchestrator::velnor_orchestrator impl_config_internal::plan::internal_entrypoints_reject_bad_schema
        SKIP [         ] (───) velnor-actions-orchestrator::velnor_orchestrator impl_config_internal::plan::internal_merge_aggregates_reports
        SKIP [         ] (───) velnor-actions-orchestrator::velnor_orchestrator impl_config_internal::plan::internal_plan_selects_affected_and_validates
        SKIP [         ] (───) velnor-actions-orchestrator::velnor_orchestrator impl_config_internal::plan::plan_job_lines_come_from_finalized_jobs
        SKIP [         ] (───) velnor-actions-orchestrator::velnor_orchestrator impl_config_internal::validation::branch_failure_hints_default_branch_setting
        SKIP [         ] (───) velnor-actions-orchestrator::velnor_orchestrator impl_config_internal::validation::identity_ignores_decoy_lines_and_remotes
        SKIP [         ] (───) velnor-actions-orchestrator::velnor_orchestrator impl_config_internal::validation::runner_label_exact_match_at_prepare
        SKIP [         ] (───) velnor-actions-orchestrator::velnor_orchestrator impl_config_internal::validation::uppercase_rust_name_rejected_with_key_path
        SKIP [         ] (───) velnor-actions-orchestrator::velnor_orchestrator impl_consumer_manifest_file::absent_manifest_fails_closed_without_provenance
        SKIP [         ] (───) velnor-actions-orchestrator::velnor_orchestrator impl_consumer_manifest_file::absent_manifest_fails_prepare_in_all_build_modes
        SKIP [         ] (───) velnor-actions-orchestrator::velnor_orchestrator impl_consumer_manifest_file::acquire_url_and_sha_come_from_committed_file
        SKIP [         ] (───) velnor-actions-orchestrator::velnor_orchestrator impl_consumer_manifest_file::duplicate_manifest_keys_fail_prepare
        SKIP [         ] (───) velnor-actions-orchestrator::velnor_orchestrator impl_consumer_manifest_file::golden_manifest_fixture_uses_the_canonical_release_schema
        SKIP [         ] (───) velnor-actions-orchestrator::velnor_orchestrator impl_consumer_manifest_file::invalid_manifest_fails_prepare
        SKIP [         ] (───) velnor-actions-orchestrator::velnor_orchestrator impl_consumer_manifest_file::manifest_version_mismatch_fails_prepare
        SKIP [         ] (───) velnor-actions-orchestrator::velnor_orchestrator impl_consumer_manifest_file::symlink_manifest_fails_closed
        SKIP [         ] (───) velnor-actions-orchestrator::velnor_orchestrator impl_consumer_manifest_file::velnor_repository_generation_needs_no_consumer_manifest
        SKIP [         ] (───) velnor-actions-orchestrator::velnor_orchestrator impl_cover_pipeline::mismatched_staged_baseline_fails_closed
        SKIP [         ] (───) velnor-actions-orchestrator::velnor_orchestrator impl_cover_pipeline::missing_staged_baseline_fails_closed
        SKIP [         ] (───) velnor-actions-orchestrator::velnor_orchestrator impl_cover_pipeline::staged_baseline_assembles_and_merges_passed
        SKIP [         ] (───) velnor-actions-orchestrator::velnor_orchestrator impl_cover_pipeline::tampered_staged_baseline_fails_closed
        SKIP [         ] (───) velnor-actions-orchestrator::velnor_orchestrator impl_crate_graph::w1_crate_cache_v1_emits_no_cache_steps
        SKIP [         ] (───) velnor-actions-orchestrator::velnor_orchestrator impl_crate_graph::w1_crate_job_prepares_pinned_tools
        SKIP [         ] (───) velnor-actions-orchestrator::velnor_orchestrator impl_crate_graph::w1_crate_jobs_group_obligations_per_crate
        SKIP [         ] (───) velnor-actions-orchestrator::velnor_orchestrator impl_crate_graph::w1_crate_prepare_adds_mbx_driver
        SKIP [         ] (───) velnor-actions-orchestrator::velnor_orchestrator impl_crate_graph::w1_crate_prepare_and_obligations_share_toolchain_union
        SKIP [         ] (───) velnor-actions-orchestrator::velnor_orchestrator impl_discovery_cache::git_parent_alias_into_cache_is_pruned_but_sibling_is_discovered
        SKIP [         ] (───) velnor-actions-orchestrator::velnor_orchestrator impl_discovery_cache::non_git_discovery_excludes_only_reserved_cache_root
        SKIP [         ] (───) velnor-actions-orchestrator::velnor_orchestrator impl_discovery_cache::raw_non_utf8_tracked_cache_path_fails_public_discovery
        SKIP [         ] (───) velnor-actions-orchestrator::velnor_orchestrator impl_discovery_cache::tracked_cache_gitlink_fails_public_discovery
        SKIP [         ] (───) velnor-actions-orchestrator::velnor_orchestrator impl_discovery_cache::tracked_cache_payload_fails_public_discovery
        SKIP [         ] (───) velnor-actions-orchestrator::velnor_orchestrator impl_discovery_cache::untracked_cache_is_excluded_and_siblings_remain_discoverable
        SKIP [         ] (───) velnor-actions-orchestrator::velnor_orchestrator impl_e2e_scrub::emitted_yaml_keeps_ambient_auth_steps_unscrubbed
        SKIP [         ] (───) velnor-actions-orchestrator::velnor_orchestrator impl_e2e_scrub::emitted_yaml_scrubs_repo_code_steps
        SKIP [         ] (───) velnor-actions-orchestrator::velnor_orchestrator impl_e2e_wiring::emitted_yaml_wires_helpers_consumer
        SKIP [         ] (───) velnor-actions-orchestrator::velnor_orchestrator impl_e2e_wiring::emitted_yaml_wires_helpers_velnor_policy
        SKIP [         ] (───) velnor-actions-orchestrator::velnor_orchestrator impl_e2e_wiring::preseed_tests::emitted_yaml_preseed_builds_once_and_shares_artifact
        SKIP [         ] (───) velnor-actions-orchestrator::velnor_orchestrator impl_final_orch::clippy_configs_schedule_in_separate_groups
        SKIP [         ] (───) velnor-actions-orchestrator::velnor_orchestrator impl_final_orch::conflicting_tool_values_yield_findings
        SKIP [         ] (───) velnor-actions-orchestrator::velnor_orchestrator impl_final_orch::critical_path_reports_task_durations
        SKIP [         ] (───) velnor-actions-orchestrator::velnor_orchestrator impl_final_orch::external_data_skip_needs_declared_fresh_identity
        SKIP [         ] (───) velnor-actions-orchestrator::velnor_orchestrator impl_final_orch::malformed_mise_wrapper_fails_closed_before_toolcheck
        SKIP [         ] (───) velnor-actions-orchestrator::velnor_orchestrator impl_final_orch::plan_reports_structural_critical_path
        SKIP [         ] (───) velnor-actions-orchestrator::velnor_orchestrator impl_final_orch::single_clippy_config_needs_no_barrier
        SKIP [         ] (───) velnor-actions-orchestrator::velnor_orchestrator impl_final_orch::tool_inputs_report_presence_parse_values_digests
        SKIP [         ] (───) velnor-actions-orchestrator::velnor_orchestrator impl_final_orch::unknown_extension_schema_disables_reuse_and_coverage
        SKIP [         ] (───) velnor-actions-orchestrator::velnor_orchestrator impl_final_orch::unsupported_tool_values_yield_findings
        SKIP [         ] (───) velnor-actions-orchestrator::velnor_orchestrator impl_fmt_scope::root_package_fmt_has_unique_task_ids
        SKIP [         ] (───) velnor-actions-orchestrator::velnor_orchestrator impl_fmt_scope::virtual_workspace_fmt_has_unique_task_ids
        SKIP [         ] (───) velnor-actions-orchestrator::velnor_orchestrator impl_freshness_emit::freshness_consumer_omits_probe
        SKIP [         ] (───) velnor-actions-orchestrator::velnor_orchestrator impl_freshness_emit::freshness_preview_validates_and_writes
        SKIP [         ] (───) velnor-actions-orchestrator::velnor_orchestrator impl_freshness_emit::freshness_velnor_policy_emits_scheduled_probe
        SKIP [         ] (───) velnor-actions-orchestrator::velnor_orchestrator impl_gapc::declared_keys_are_typed_and_closed
        SKIP [         ] (───) velnor-actions-orchestrator::velnor_orchestrator impl_gapc::declared_profile_survives_regeneration
        SKIP [         ] (───) velnor-actions-orchestrator::velnor_orchestrator impl_gapc::durable_evidence_stable
        SKIP [         ] (───) velnor-actions-orchestrator::velnor_orchestrator impl_gapc::generated_workflow_not_evidence
        SKIP [         ] (───) velnor-actions-orchestrator::velnor_orchestrator impl_gapc::profile_conflict_fails_closed
        SKIP [         ] (───) velnor-actions-orchestrator::velnor_orchestrator impl_gapc::tool_files_untouched
        SKIP [         ] (───) velnor-actions-orchestrator::velnor_orchestrator impl_gapc::transient_cargo_test_defaults_without_block
        SKIP [         ] (───) velnor-actions-orchestrator::velnor_orchestrator impl_gapc::transient_mbx_blocks_generate
        SKIP [         ] (───) velnor-actions-orchestrator::velnor_orchestrator impl_gapc::transient_nextest_blocks_generate
        SKIP [         ] (───) velnor-actions-orchestrator::velnor_orchestrator impl_gate8_acquire::consumer_plan_job_carries_acquire_step
        SKIP [         ] (───) velnor-actions-orchestrator::velnor_orchestrator impl_gate8_acquire::velnor_candidate_render_path_includes_release
        SKIP [         ] (───) velnor-actions-orchestrator::velnor_orchestrator impl_gate8_acquire::version_policy_drift_fails_velnor_generate
        SKIP [         ] (───) velnor-actions-orchestrator::velnor_orchestrator impl_gate8_e::candidate_never_plans_and_lock_matches_catalog_per_target
        SKIP [         ] (───) velnor-actions-orchestrator::velnor_orchestrator impl_gates_cover::malformed_manifest_is_a_miss_not_a_failure
        SKIP [         ] (───) velnor-actions-orchestrator::velnor_orchestrator impl_gates_cover::merge_group_classifies_like_pull_request
        SKIP [         ] (───) velnor-actions-orchestrator::velnor_orchestrator impl_gates_cover::merge_rejects_covered_claims_without_manifest
        SKIP [         ] (───) velnor-actions-orchestrator::velnor_orchestrator impl_gates_cover::pr_plan_records_publish_forbidden
        SKIP [         ] (───) velnor-actions-orchestrator::velnor_orchestrator impl_gates_cover::tampered_task_entry_executes_with_miss_warning
        SKIP [         ] (───) velnor-actions-orchestrator::velnor_orchestrator impl_gates_cover::valid_manifest_covers_exact_obligations
        SKIP [         ] (───) velnor-actions-orchestrator::velnor_orchestrator impl_gates_cover::wrong_base_manifest_schedules_everything
        SKIP [         ] (───) velnor-actions-orchestrator::velnor_orchestrator impl_gates_cover_repository::explicit_conflicting_repository_executes
        SKIP [         ] (───) velnor-actions-orchestrator::velnor_orchestrator impl_gates_cover_repository::explicit_matching_repository_covers
        SKIP [         ] (───) velnor-actions-orchestrator::velnor_orchestrator impl_gates_shard::archive_without_shard_proofs_never_passes
        SKIP [         ] (───) velnor-actions-orchestrator::velnor_orchestrator impl_gates_shard::duplicate_missing_and_tampered_shards_fail
        SKIP [         ] (───) velnor-actions-orchestrator::velnor_orchestrator impl_gates_shard::empty_partition_needs_inventory_proof
        SKIP [         ] (───) velnor-actions-orchestrator::velnor_orchestrator impl_gates_shard::limits_and_reference_revalidate_at_merge
        SKIP [         ] (───) velnor-actions-orchestrator::velnor_orchestrator impl_gates_shard::proven_no_target_shard_passes_without_tests
        SKIP [         ] (───) velnor-actions-orchestrator::velnor_orchestrator impl_gates_shard::sharded_merge_passes_with_exact_proofs
        SKIP [         ] (───) velnor-actions-orchestrator::velnor_orchestrator impl_gates_shard_tokens::binding_failures_carry_miss_tokens
        SKIP [         ] (───) velnor-actions-orchestrator::velnor_orchestrator impl_gates_shard_tokens::limits_reference_and_shard_failures_carry_miss_tokens
        SKIP [         ] (───) velnor-actions-orchestrator::velnor_orchestrator impl_gen_gates::cross_checkout_determinism
        SKIP [         ] (───) velnor-actions-orchestrator::velnor_orchestrator impl_gen_gates::matrix_budget_enforced_never_truncated
        SKIP [         ] (───) velnor-actions-orchestrator::velnor_orchestrator impl_gen_gates::repeated_generate_is_fixed_point
        SKIP [         ] (───) velnor-actions-orchestrator::velnor_orchestrator impl_generate_p09_concurrent::concurrent_generate_never_writes_partially
        SKIP [         ] (───) velnor-actions-orchestrator::velnor_orchestrator impl_generate_p09_preview::atomic_commit_never_exposes_missing_tree
        SKIP [         ] (───) velnor-actions-orchestrator::velnor_orchestrator impl_generate_p09_preview::concurrent_generate_lock_refused
        SKIP [         ] (───) velnor-actions-orchestrator::velnor_orchestrator impl_generate_p09_preview::denylist_pins_mise_strip_set
        SKIP [         ] (───) velnor-actions-orchestrator::velnor_orchestrator impl_generate_p09_preview::fetch_matches_obligation_contract_by_construction
        SKIP [         ] (───) velnor-actions-orchestrator::velnor_orchestrator impl_generate_p09_preview::generate_leaves_tool_files_untouched
        SKIP [         ] (───) velnor-actions-orchestrator::velnor_orchestrator impl_generate_p09_preview::in_place_file_target_refused
        SKIP [         ] (───) velnor-actions-orchestrator::velnor_orchestrator impl_generate_p09_preview::in_place_symlink_target_refused
        SKIP [         ] (───) velnor-actions-orchestrator::velnor_orchestrator impl_generate_p09_preview::preview_dotdot_through_missing_refused_without_litter
        SKIP [         ] (───) velnor-actions-orchestrator::velnor_orchestrator impl_generate_p09_preview::preview_inside_repo_leaves_nothing
        SKIP [         ] (───) velnor-actions-orchestrator::velnor_orchestrator impl_generate_p09_preview::preview_symlink_chain_refused
        SKIP [         ] (───) velnor-actions-orchestrator::velnor_orchestrator impl_generate_p09_preview::preview_twice_second_refused_nonempty
        SKIP [         ] (───) velnor-actions-orchestrator::velnor_orchestrator impl_generate_p09_preview::rendered_crate_steps_carry_validated_contract
        SKIP [         ] (───) velnor-actions-orchestrator::velnor_orchestrator impl_generate_p09_preview::success_leaves_no_lock_and_no_warnings
        SKIP [         ] (───) velnor-actions-orchestrator::velnor_orchestrator impl_generate_p09_preview::tool_snapshot_unreadable_fails_closed
        SKIP [         ] (───) velnor-actions-orchestrator::velnor_orchestrator impl_generate_size_guard::workflow_size_failure_preserves_existing_github_tree
        SKIP [         ] (───) velnor-actions-orchestrator::velnor_orchestrator impl_generate_tofu_env::isolation_pairs_agree_between_author_and_constructor
        SKIP [         ] (───) velnor-actions-orchestrator::velnor_orchestrator impl_generate_tofu_env::tf_predicate_parity_with_documented_divergence
        SKIP [         ] (───) velnor-actions-orchestrator::velnor_orchestrator impl_generate_tofu_env::tofu_key_consts_agree_across_crates
        SKIP [         ] (───) velnor-actions-orchestrator::velnor_orchestrator impl_generator_seed::generator_seed_hit_skips_curl_and_a_bad_hash_does_not_copy
        SKIP [         ] (───) velnor-actions-orchestrator::velnor_orchestrator impl_git_authority_p10::velnor_identity_ok_in_linked_worktree
        SKIP [         ] (───) velnor-actions-orchestrator::velnor_orchestrator impl_git_authority_p10::velnor_identity_ok_in_normal_repo
        SKIP [         ] (───) velnor-actions-orchestrator::velnor_orchestrator impl_git_authority_p10::velnor_identity_ok_via_include
        SKIP [         ] (───) velnor-actions-orchestrator::velnor_orchestrator impl_git_authority_p10::velnor_identity_ok_via_worktree_config
        SKIP [         ] (───) velnor-actions-orchestrator::velnor_orchestrator impl_git_authority_p10::velnor_identity_rejects_mismatched_origin
        SKIP [         ] (───) velnor-actions-orchestrator::velnor_orchestrator impl_git_authority_p10::velnor_identity_rejects_missing_origin
        SKIP [         ] (───) velnor-actions-orchestrator::velnor_orchestrator impl_git_paths_p10::added_member_manifest_narrows_without_broaden
        SKIP [         ] (───) velnor-actions-orchestrator::velnor_orchestrator impl_git_paths_p10::added_quotepath_manifest_fails_closed
        SKIP [         ] (───) velnor-actions-orchestrator::velnor_orchestrator impl_git_paths_p10::deleted_path_selects_owner_only
        SKIP [         ] (───) velnor-actions-orchestrator::velnor_orchestrator impl_git_paths_p10::local_staged_and_unstaged_union_selects
        SKIP [         ] (───) velnor-actions-orchestrator::velnor_orchestrator impl_git_paths_p10::local_unicode_change_selects_owner_only
        SKIP [         ] (───) velnor-actions-orchestrator::velnor_orchestrator impl_git_paths_p10::nested_subdir_resolves_repo_root
        SKIP [         ] (───) velnor-actions-orchestrator::velnor_orchestrator impl_git_paths_p10::newline_filename_selects_owner_only
        SKIP [         ] (───) velnor-actions-orchestrator::velnor_orchestrator impl_git_paths_p10::non_utf8_path_broadens_explicitly
        SKIP [         ] (───) velnor-actions-orchestrator::velnor_orchestrator impl_git_paths_p10::renamed_path_selects_owner_only
        SKIP [         ] (───) velnor-actions-orchestrator::velnor_orchestrator impl_git_paths_p10::trailing_space_filename_selects_owner_only
        SKIP [         ] (───) velnor-actions-orchestrator::velnor_orchestrator impl_git_paths_p10::unicode_filename_selects_owner_only
        SKIP [         ] (───) velnor-actions-orchestrator::velnor_orchestrator impl_git_paths_p10::untracked_non_utf8_broadens_with_explicit_tag
        SKIP [         ] (───) velnor-actions-orchestrator::velnor_orchestrator impl_git_paths_p10::whitespace_only_filename_not_dropped
        SKIP [         ] (───) velnor-actions-orchestrator::velnor_orchestrator impl_lane_isolation::rust_partitions_stay_off_and_no_lane_wiring_renders
        SKIP [         ] (───) velnor-actions-orchestrator::velnor_orchestrator impl_lane_isolation::tofu_root_lanes_serialize_per_lane
        SKIP [         ] (───) velnor-actions-orchestrator::velnor_orchestrator impl_local_shared_action::both_mode_generate_passes_actionlint_and_zizmor
        SKIP [         ] (───) velnor-actions-orchestrator::velnor_orchestrator impl_matrix::crate_yaml_shape_exact
        SKIP [         ] (───) velnor-actions-orchestrator::velnor_orchestrator impl_matrix::ignored_rust_merges_to_no_work_never_passes
        SKIP [         ] (───) velnor-actions-orchestrator::velnor_orchestrator impl_matrix::obligations_carry_fixed_identity
        SKIP [         ] (───) velnor-actions-orchestrator::velnor_orchestrator impl_matrix::plan_crate_agreement
        SKIP [         ] (───) velnor-actions-orchestrator::velnor_orchestrator impl_matrix::planned_entries_carry_leg_command_and_digest
        SKIP [         ] (───) velnor-actions-orchestrator::velnor_orchestrator impl_matrix::rust_jobs_ignore_matrix_cap
        SKIP [         ] (───) velnor-actions-orchestrator::velnor_orchestrator impl_matrix::tofu_root_jobs_honor_matrix_cap
        SKIP [         ] (───) velnor-actions-orchestrator::velnor_orchestrator impl_merge::one_failed_crate_fails_required_with_counts
        SKIP [         ] (───) velnor-actions-orchestrator::velnor_orchestrator impl_merge::precedence_matrix
        SKIP [         ] (───) velnor-actions-orchestrator::velnor_orchestrator impl_merge::round_trip_passed_with_counts
        SKIP [         ] (───) velnor-actions-orchestrator::velnor_orchestrator impl_merge_plan::agreement_failures_carry_miss_tokens
        SKIP [         ] (───) velnor-actions-orchestrator::velnor_orchestrator impl_merge_plan::covered_claim_binds_numeric_artifact_id
        SKIP [         ] (───) velnor-actions-orchestrator::velnor_orchestrator impl_merge_plan::empty_diff_no_baseline_executes_all
        SKIP [         ] (───) velnor-actions-orchestrator::velnor_orchestrator impl_merge_plan::hollow_plan_with_zero_entries_fails_closed
        SKIP [         ] (───) velnor-actions-orchestrator::velnor_orchestrator impl_merge_plan::missing_plan_merges_to_planning_failed
        SKIP [         ] (───) velnor-actions-orchestrator::velnor_orchestrator impl_merge_plan::partial_hollow_plan_with_dropped_leg_fails_closed
        SKIP [         ] (───) velnor-actions-orchestrator::velnor_orchestrator impl_merge_plan::revalidate_failures_carry_miss_tokens
        SKIP [         ] (───) velnor-actions-orchestrator::velnor_orchestrator impl_merge_plan::task_file_gaps_fail_closed
        SKIP [         ] (───) velnor-actions-orchestrator::velnor_orchestrator impl_merge_plan::uncovered_leg_carries_miss_token
        SKIP [         ] (───) velnor-actions-orchestrator::velnor_orchestrator impl_merge_tamper::tampered_reports_rejected
        SKIP [         ] (───) velnor-actions-orchestrator::velnor_orchestrator impl_merge_trust::candidate_attestation_must_bind_the_plan_head
        SKIP [         ] (───) velnor-actions-orchestrator::velnor_orchestrator impl_merge_trust::plan_event_must_match_merge_time_actual_event
        SKIP [         ] (───) velnor-actions-orchestrator::velnor_orchestrator impl_merge_trust::trust_mismatch_fails_closed_with_scope_token
        SKIP [         ] (───) velnor-actions-orchestrator::velnor_orchestrator impl_neg_pipeline_p13::negative_config_invalid_fails_prepare
        SKIP [         ] (───) velnor-actions-orchestrator::velnor_orchestrator impl_neg_pipeline_p13::negative_config_missing_fails_prepare
        SKIP [         ] (───) velnor-actions-orchestrator::velnor_orchestrator impl_neg_pipeline_p13::negative_discovery_member_malformed_fails_plan
        SKIP [         ] (───) velnor-actions-orchestrator::velnor_orchestrator impl_neg_pipeline_p13::negative_ir_tampered_plan_rejected
        SKIP [         ] (───) velnor-actions-orchestrator::velnor_orchestrator impl_neg_pipeline_p13::negative_plan_empty_head_fails
        SKIP [         ] (───) velnor-actions-orchestrator::velnor_orchestrator impl_neg_pipeline_p13::negative_reports_missing_leg_fails_required
        SKIP [         ] (───) velnor-actions-orchestrator::velnor_orchestrator impl_neg_pipeline_p13::negative_required_failed_leg_reports_red
        SKIP [         ] (───) velnor-actions-orchestrator::velnor_orchestrator impl_neg_pipeline_p13::negative_workflow_unwritable_dir_fails_generate
        SKIP [         ] (───) velnor-actions-orchestrator::velnor_orchestrator impl_neg_pipeline_p13::pipeline_positive_control_all_green
        SKIP [         ] (───) velnor-actions-orchestrator::velnor_orchestrator impl_orch_broaden::baseline_miss_reasons_are_precise
        SKIP [         ] (───) velnor-actions-orchestrator::velnor_orchestrator impl_orch_broaden::cache_miss_never_fails_task
        SKIP [         ] (───) velnor-actions-orchestrator::velnor_orchestrator impl_orch_broaden::carried_proof_fails_closed_without_originating_attestation
        SKIP [         ] (───) velnor-actions-orchestrator::velnor_orchestrator impl_orch_broaden::exact_baseline_covers_unchanged
        SKIP [         ] (───) velnor-actions-orchestrator::velnor_orchestrator impl_orch_broaden::generator_and_workflow_changes_broaden
        SKIP [         ] (───) velnor-actions-orchestrator::velnor_orchestrator impl_orch_broaden::lookup_without_repo_scope_misses_before_spawn
        SKIP [         ] (───) velnor-actions-orchestrator::velnor_orchestrator impl_orch_broaden::shard_aggregation_rejects_mismatch_extra_and_unproven
        SKIP [         ] (───) velnor-actions-orchestrator::velnor_orchestrator impl_orch_broaden::toolfile_edits_leave_universe_unproven
        SKIP [         ] (───) velnor-actions-orchestrator::velnor_orchestrator impl_orch_broaden::untracked_files_broaden
        SKIP [         ] (───) velnor-actions-orchestrator::velnor_orchestrator impl_orch_core::orch_core_obligations_carry_valid_digests
        SKIP [         ] (───) velnor-actions-orchestrator::velnor_orchestrator impl_orch_core::orch_core_plan_matrix_outputs_byte_identical
        SKIP [         ] (───) velnor-actions-orchestrator::velnor_orchestrator impl_orch_core::orch_core_selected_packages_have_execute_obligations
        SKIP [         ] (───) velnor-actions-orchestrator::velnor_orchestrator impl_orch_core::orch_core_universe_packages_carry_reasons
        SKIP [         ] (───) velnor-actions-orchestrator::velnor_orchestrator impl_orch_f2a::merge_consumes_no_publish_verbs
        SKIP [         ] (───) velnor-actions-orchestrator::velnor_orchestrator impl_orch_f2a::nonzero_retries_rejected_while_retry_state_absent
        SKIP [         ] (───) velnor-actions-orchestrator::velnor_orchestrator impl_orch_f2a::offline_deps_fail_closed_without_fetch
        SKIP [         ] (───) velnor-actions-orchestrator::velnor_orchestrator impl_orch_f2a::orch_spawns_no_processes_and_confines_shell_wrappers
        SKIP [         ] (───) velnor-actions-orchestrator::velnor_orchestrator impl_orch_f2a::prepare::exact_invocation_scan_excludes_neighbor_identifiers
        SKIP [         ] (───) velnor-actions-orchestrator::velnor_orchestrator impl_orch_f2a::prepare::plan_and_generate_share_one_prepare_path
        SKIP [         ] (───) velnor-actions-orchestrator::velnor_orchestrator impl_orch_f2a::reference_copies_neither_omissions_nor_retries
        SKIP [         ] (───) velnor-actions-orchestrator::velnor_orchestrator impl_orch_f2a::runtime_acquisition::acquisition_exception_is_exact_and_runtime_only
        SKIP [         ] (───) velnor-actions-orchestrator::velnor_orchestrator impl_orch_f2a::runtime_acquisition::acquisition_requires_bound_plan_and_verified_archive
        SKIP [         ] (───) velnor-actions-orchestrator::velnor_orchestrator impl_orch_f2a::suggestions_are_never_executed
        SKIP [         ] (───) velnor-actions-orchestrator::velnor_orchestrator impl_orch_f2a::v1_creates_no_generated_task_dirs
        SKIP [         ] (───) velnor-actions-orchestrator::velnor_orchestrator impl_orch_f2a::v1_registers_three_stacks_and_detects_rust_and_tofu
        SKIP [         ] (───) velnor-actions-orchestrator::velnor_orchestrator impl_orch_f2a_prepare::plan_and_generate_share_one_prepare_path
        SKIP [         ] (───) velnor-actions-orchestrator::velnor_orchestrator impl_orch_f2b::baselines_expire_on_schedule
        SKIP [         ] (───) velnor-actions-orchestrator::velnor_orchestrator impl_orch_f2b::broaden_paths_classify_global_and_outside
        SKIP [         ] (───) velnor-actions-orchestrator::velnor_orchestrator impl_orch_f2b::dedupe_stage_reports_conflicts
        SKIP [         ] (───) velnor-actions-orchestrator::velnor_orchestrator impl_orch_f2b::every_obligation_classifies_with_reason
        SKIP [         ] (───) velnor-actions-orchestrator::velnor_orchestrator impl_orch_f2b::exact_base_run_filter_pins_provenance
        SKIP [         ] (───) velnor-actions-orchestrator::velnor_orchestrator impl_orch_f2b::not_selected_reason_validates_iff_present
        SKIP [         ] (───) velnor-actions-orchestrator::velnor_orchestrator impl_orch_f2b::not_selected_tasks_fold_to_blocked
        SKIP [         ] (───) velnor-actions-orchestrator::velnor_orchestrator impl_orch_f2b::offline_stderr_aborts_preparation
        SKIP [         ] (───) velnor-actions-orchestrator::velnor_orchestrator impl_orch_f2b::omission_ledger_explains_every_skip
        SKIP [         ] (───) velnor-actions-orchestrator::velnor_orchestrator impl_orch_f2b::plan_artifact_paths_reject_traversal
        SKIP [         ] (───) velnor-actions-orchestrator::velnor_orchestrator impl_orch_f2b::sequential_reference_merges_clean
        SKIP [         ] (───) velnor-actions-orchestrator::velnor_orchestrator impl_orch_f2c::cache_paths_have_single_owners
        SKIP [         ] (───) velnor-actions-orchestrator::velnor_orchestrator impl_orch_f2c::extension_identity_tracks_lock_digest
        SKIP [         ] (───) velnor-actions-orchestrator::velnor_orchestrator impl_orch_f2c::failed_tasks_never_save_results
        SKIP [         ] (───) velnor-actions-orchestrator::velnor_orchestrator impl_orch_f2c::fanout_needs_measured_savings
        SKIP [         ] (───) velnor-actions-orchestrator::velnor_orchestrator impl_orch_f2c::identity_extension_carries_no_tool_inputs
        SKIP [         ] (───) velnor-actions-orchestrator::velnor_orchestrator impl_orch_f2c::lanes_isolate_cargo_writers
        SKIP [         ] (───) velnor-actions-orchestrator::velnor_orchestrator impl_orch_f2c::lookup_failures_are_distinct_from_current
        SKIP [         ] (───) velnor-actions-orchestrator::velnor_orchestrator impl_orch_f2c::overlap_ratio_stays_descriptive
        SKIP [         ] (───) velnor-actions-orchestrator::velnor_orchestrator impl_orch_f2c::partitions_cover_every_test_exactly_once
        SKIP [         ] (───) velnor-actions-orchestrator::velnor_orchestrator impl_orch_f2c::platform_image_changes_invalidate_identity
        SKIP [         ] (───) velnor-actions-orchestrator::velnor_orchestrator impl_orch_f2c::preview_dirs_are_unique_tmp_roots
        SKIP [         ] (───) velnor-actions-orchestrator::velnor_orchestrator impl_orch_f2c::reuse_qualification_rejects_nondeterminism
        SKIP [         ] (───) velnor-actions-orchestrator::velnor_orchestrator impl_orch_f2c::sequential_reference_is_sorted_set
        SKIP [         ] (───) velnor-actions-orchestrator::velnor_orchestrator impl_orch_f2c::shared_lanes_get_exclusions
        SKIP [         ] (───) velnor-actions-orchestrator::velnor_orchestrator impl_orch_f2c::timings_measure_slots_without_double_count
        SKIP [         ] (───) velnor-actions-orchestrator::velnor_orchestrator impl_orch_f2d::adapter_metadata_forwards_adapter_value
        SKIP [         ] (───) velnor-actions-orchestrator::velnor_orchestrator impl_orch_f2d::cache_miss_cannot_fail_merge
        SKIP [         ] (───) velnor-actions-orchestrator::velnor_orchestrator impl_orch_f2d::carried_proofs_execute_without_originating_attestation
        SKIP [         ] (───) velnor-actions-orchestrator::velnor_orchestrator impl_orch_f2d::entry_cache_ids_recorded_per_lane
        SKIP [         ] (───) velnor-actions-orchestrator::velnor_orchestrator impl_orch_f2d::expired_baselines_schedule_execution
        SKIP [         ] (───) velnor-actions-orchestrator::velnor_orchestrator impl_orch_f2d::generator_mismatch_executes_with_reason
        SKIP [         ] (───) velnor-actions-orchestrator::velnor_orchestrator impl_orch_f2d::global_config_changes_broaden_explicitly
        SKIP [         ] (───) velnor-actions-orchestrator::velnor_orchestrator impl_orch_f2d::merge_without_reports_is_not_run
        SKIP [         ] (───) velnor-actions-orchestrator::velnor_orchestrator impl_orch_f2d::missing_base_broadens_with_warning
        SKIP [         ] (───) velnor-actions-orchestrator::velnor_orchestrator impl_orch_f2d::obligations_carry_internal_reasons
        SKIP [         ] (───) velnor-actions-orchestrator::velnor_orchestrator impl_orch_f2d::offline_dependency_aborts_plan
        SKIP [         ] (───) velnor-actions-orchestrator::velnor_orchestrator impl_orch_f2d::plan_digests_combine_deterministically
        SKIP [         ] (───) velnor-actions-orchestrator::velnor_orchestrator impl_orch_f2d::plans_are_byte_deterministic
        SKIP [         ] (───) velnor-actions-orchestrator::velnor_orchestrator impl_orch_f2d::shard_budgets_reject_at_plan_time
        SKIP [         ] (───) velnor-actions-orchestrator::velnor_orchestrator impl_orch_f2d::test_only_changes_still_propagate
        SKIP [         ] (───) velnor-actions-orchestrator::velnor_orchestrator impl_orch_f2d::undetected_stacks_plan_no_work
        SKIP [         ] (───) velnor-actions-orchestrator::velnor_orchestrator impl_orch_f2e::authority_order_gates_pipeline
        SKIP [         ] (───) velnor-actions-orchestrator::velnor_orchestrator impl_orch_f2e::committed_workflow_carries_generator_gates
        SKIP [         ] (───) velnor-actions-orchestrator::velnor_orchestrator impl_orch_f2e::conflicting_tool_pins_recommend
        SKIP [         ] (───) velnor-actions-orchestrator::velnor_orchestrator impl_orch_f2e::in_place_generate_preserves_config
        SKIP [         ] (───) velnor-actions-orchestrator::velnor_orchestrator impl_orch_f2e::lint_freshness_and_advisory_run_every_generate
        SKIP [         ] (───) velnor-actions-orchestrator::velnor_orchestrator impl_orch_f2e::malformed_toolchain_recommends_without_writes
        SKIP [         ] (───) velnor-actions-orchestrator::velnor_orchestrator impl_orch_f2e::missing_lock_recommends_without_refresh
        SKIP [         ] (───) velnor-actions-orchestrator::velnor_orchestrator impl_orch_f2e::plan_and_workflow_ids_agree
        SKIP [         ] (───) velnor-actions-orchestrator::velnor_orchestrator impl_orch_f2e::plan_files_publish_locally_only
        SKIP [         ] (───) velnor-actions-orchestrator::velnor_orchestrator impl_orch_f2e::plan_json_matches_github_outputs
        SKIP [         ] (───) velnor-actions-orchestrator::velnor_orchestrator impl_orch_f2e::qualify_argv_runs_artifact_only_registered
        SKIP [         ] (───) velnor-actions-orchestrator::velnor_orchestrator impl_orch_f2e::source_build_consumer_gate_registered
        SKIP [         ] (───) velnor-actions-orchestrator::velnor_orchestrator impl_orch_f2e::validator_commands_stay_velnor_only
        SKIP [         ] (───) velnor-actions-orchestrator::velnor_orchestrator impl_orch_f2e::workflow_steps_stay_sequential
        SKIP [         ] (───) velnor-actions-orchestrator::velnor_orchestrator impl_orch_f2f::crate_boundaries_match_architecture_dependency_direction
        SKIP [         ] (───) velnor-actions-orchestrator::velnor_orchestrator impl_orch_f2f::evasion_fixtures_are_all_flagged
        SKIP [         ] (───) velnor-actions-orchestrator::velnor_orchestrator impl_orch_f2f::forbidden_token_table_is_exact
        SKIP [         ] (───) velnor-actions-orchestrator::velnor_orchestrator impl_orch_f2f::orchestrator_src_passes_forbidden_table
        SKIP [         ] (───) velnor-actions-orchestrator::velnor_orchestrator impl_orch_f2g::cli_carries_no_stack_flags
        SKIP [         ] (───) velnor-actions-orchestrator::velnor_orchestrator impl_orch_features::config_features_intersect_per_crate
        SKIP [         ] (───) velnor-actions-orchestrator::velnor_orchestrator impl_orch_features::partial_feature_subset_applies_intersection
        SKIP [         ] (───) velnor-actions-orchestrator::velnor_orchestrator impl_orch_features::testless_crate_omits_test_runners
        SKIP [         ] (───) velnor-actions-orchestrator::velnor_orchestrator impl_orch_features::unknown_config_feature_fails_closed_naming_crate
        SKIP [         ] (───) velnor-actions-orchestrator::velnor_orchestrator impl_orch_gate::generated_ci_gate_matches_needs_and_excludes_downstream
        SKIP [         ] (───) velnor-actions-orchestrator::velnor_orchestrator impl_orch_gen2::orch_gen_no_direct_process_spawn_in_source
        SKIP [         ] (───) velnor-actions-orchestrator::velnor_orchestrator impl_orch_gen2::orch_gen_plan_module_has_no_second_discovery
        SKIP [         ] (───) velnor-actions-orchestrator::velnor_orchestrator impl_orch_gen::orch_gen_branch_resolution_touches_no_remote
        SKIP [         ] (───) velnor-actions-orchestrator::velnor_orchestrator impl_orch_gen::orch_gen_candidate_qualify_is_artifact_only
        SKIP [         ] (───) velnor-actions-orchestrator::velnor_orchestrator impl_orch_gen::orch_gen_checked_plan_renders_and_discards
        SKIP [         ] (───) velnor-actions-orchestrator::velnor_orchestrator impl_orch_gen::orch_gen_config_gate_runs_before_discovery
        SKIP [         ] (───) velnor-actions-orchestrator::velnor_orchestrator impl_orch_gen::orch_gen_consumer_ignores_policy_mirror_and_lock
        SKIP [         ] (───) velnor-actions-orchestrator::velnor_orchestrator impl_orch_gen::orch_gen_in_place_preserves_config_and_tool_files
        SKIP [         ] (───) velnor-actions-orchestrator::velnor_orchestrator impl_orch_gen::orch_gen_invalid_config_preserves_existing_tree
        SKIP [         ] (───) velnor-actions-orchestrator::velnor_orchestrator impl_orch_gen::orch_gen_plan_matches_generated_tree
        SKIP [         ] (───) velnor-actions-orchestrator::velnor_orchestrator impl_orch_gen::orch_gen_plan_names_no_unregistered_stack
        SKIP [         ] (───) velnor-actions-orchestrator::velnor_orchestrator impl_orch_gen::orch_gen_preview_and_in_place_tree_hygiene
        SKIP [         ] (───) velnor-actions-orchestrator::velnor_orchestrator impl_orch_gen::orch_gen_tool_snapshot_detects_drift
        SKIP [         ] (───) velnor-actions-orchestrator::velnor_orchestrator impl_orch_gen::orch_gen_zero_candidate_repo_plans_no_work
        SKIP [         ] (───) velnor-actions-orchestrator::velnor_orchestrator impl_orch_install_sets::deny_install_is_audited
        SKIP [         ] (───) velnor-actions-orchestrator::velnor_orchestrator impl_orch_install_sets::every_emitted_install_argv_carries_no_config
        SKIP [         ] (───) velnor-actions-orchestrator::velnor_orchestrator impl_orch_install_sets::velnor_jobs_carry_trio_only_where_executed
        SKIP [         ] (───) velnor-actions-orchestrator::velnor_orchestrator impl_orch_intake::intake_child_dir_invocation_writes_only_under_root
        SKIP [         ] (───) velnor-actions-orchestrator::velnor_orchestrator impl_orch_intake::intake_consumer_default_ignores_velnor_files
        SKIP [         ] (───) velnor-actions-orchestrator::velnor_orchestrator impl_orch_intake::intake_default_budgets_are_conservative_and_reported
        SKIP [         ] (───) velnor-actions-orchestrator::velnor_orchestrator impl_orch_intake::intake_detection_order_is_deterministic
        SKIP [         ] (───) velnor-actions-orchestrator::velnor_orchestrator impl_orch_intake::intake_detection_without_tool_files
        SKIP [         ] (───) velnor-actions-orchestrator::velnor_orchestrator impl_orch_intake::intake_exclusions_apply_before_detection
        SKIP [         ] (───) velnor-actions-orchestrator::velnor_orchestrator impl_orch_intake::intake_generated_workflow_uses_crate_jobs_not_native_parallel
        SKIP [         ] (───) velnor-actions-orchestrator::velnor_orchestrator impl_orch_intake::intake_malformed_manifest_fails_selected_or_ignored
        SKIP [         ] (───) velnor-actions-orchestrator::velnor_orchestrator impl_orch_intake::intake_missing_tool_files_recommend_without_writes
        SKIP [         ] (───) velnor-actions-orchestrator::velnor_orchestrator impl_orch_intake::intake_not_work_tree_records_calling_cwd
        SKIP [         ] (───) velnor-actions-orchestrator::velnor_orchestrator impl_orch_intake::intake_selected_detection_contributes_tasks
        SKIP [         ] (───) velnor-actions-orchestrator::velnor_orchestrator impl_orch_intake::intake_symlinked_cwd_resolves_to_canonical_root
        SKIP [         ] (───) velnor-actions-orchestrator::velnor_orchestrator impl_orch_intake::intake_task_ids_are_valid_grammar_and_sorted
        SKIP [         ] (───) velnor-actions-orchestrator::velnor_orchestrator impl_orch_intake::intake_tool_changes_refresh_findings_not_tasks
        SKIP [         ] (───) velnor-actions-orchestrator::velnor_orchestrator impl_orch_intake::intake_tool_inputs_untouched_and_reported
        SKIP [         ] (───) velnor-actions-orchestrator::velnor_orchestrator impl_orch_intake::intake_unconfigured_suites_are_not_sharded
        SKIP [         ] (───) velnor-actions-orchestrator::velnor_orchestrator impl_orch_intake_deps::intake_adapter_dependency_direction
        SKIP [         ] (───) velnor-actions-orchestrator::velnor_orchestrator impl_orch_lock_audit::corrupt_checksum_blocks_generate
        SKIP [         ] (───) velnor-actions-orchestrator::velnor_orchestrator impl_orch_lock_audit::drifted_lock_advises_without_blocking
        SKIP [         ] (───) velnor-actions-orchestrator::velnor_orchestrator impl_orch_lock_audit::full_lock_leaves_only_rust_unverifiable
        SKIP [         ] (───) velnor-actions-orchestrator::velnor_orchestrator impl_orch_lock_audit::hostile_config_ignored_by_isolated_installs
        SKIP [         ] (───) velnor-actions-orchestrator::velnor_orchestrator impl_orch_lock_audit::missing_lock_advises_and_generates
        SKIP [         ] (───) velnor-actions-orchestrator::velnor_orchestrator impl_orch_lock_audit::platform_hole_blocks_generate_with_remediation
        SKIP [         ] (───) velnor-actions-orchestrator::velnor_orchestrator impl_orch_merge::blocked_tasks_resolve_below_cancelled
        SKIP [         ] (───) velnor-actions-orchestrator::velnor_orchestrator impl_orch_merge::obligation_universe_matches_independent_oracle
        SKIP [         ] (───) velnor-actions-orchestrator::velnor_orchestrator impl_orch_merge::orch_core_all_covered_merges_passed
        SKIP [         ] (───) velnor-actions-orchestrator::velnor_orchestrator impl_orch_merge::orch_core_covered_claim_binds_original_proof_run
        SKIP [         ] (───) velnor-actions-orchestrator::velnor_orchestrator impl_orch_merge::orch_core_entries_emit_single_only
        SKIP [         ] (───) velnor-actions-orchestrator::velnor_orchestrator impl_orch_merge::orch_core_matrix_budget_guides_broaden_or_reduce
        SKIP [         ] (───) velnor-actions-orchestrator::velnor_orchestrator impl_orch_merge::orch_core_merge_counts_cover_five_states
        SKIP [         ] (───) velnor-actions-orchestrator::velnor_orchestrator impl_orch_merge::orch_core_plan_is_deterministic
        SKIP [         ] (───) velnor-actions-orchestrator::velnor_orchestrator impl_orch_merge::orch_core_plan_retains_all_package_tasks
        SKIP [         ] (───) velnor-actions-orchestrator::velnor_orchestrator impl_orch_merge::orch_core_status_tokens_stay_distinct
        SKIP [         ] (───) velnor-actions-orchestrator::velnor_orchestrator impl_orch_merge::staged_symlinks_and_oversize_reports_reject
        SKIP [         ] (───) velnor-actions-orchestrator::velnor_orchestrator impl_orch_merge_final::orch_core_adapter_metadata_round_trips
        SKIP [         ] (───) velnor-actions-orchestrator::velnor_orchestrator impl_orch_merge_final::orch_core_final_counts_cover_nine_slots
        SKIP [         ] (───) velnor-actions-orchestrator::velnor_orchestrator impl_orch_merge_final::orch_core_final_report_carries_no_cache_inputs
        SKIP [         ] (───) velnor-actions-orchestrator::velnor_orchestrator impl_orch_p08::c10_only_plan_saves_producer_successful_deltas
        SKIP [         ] (───) velnor-actions-orchestrator::velnor_orchestrator impl_orch_p08::c11_cache_saves_push_only_prs_and_forks_read_only
        SKIP [         ] (───) velnor-actions-orchestrator::velnor_orchestrator impl_orch_p08::c2_builtin_mise_restore_with_elected_tools_saves
        SKIP [         ] (───) velnor-actions-orchestrator::velnor_orchestrator impl_orch_p08::c3_sources_subset_at_owned_home_single_writer
        SKIP [         ] (───) velnor-actions-orchestrator::velnor_orchestrator impl_orch_p08::c4_mbx_and_restore_precede_fetch_with_offline_skip
        SKIP [         ] (───) velnor-actions-orchestrator::velnor_orchestrator impl_orch_p08::c7_cargo_only_uses_pinned_rust_cache_never_with_mbx
        SKIP [         ] (───) velnor-actions-orchestrator::velnor_orchestrator impl_orch_p08::c8_crate_jobs_install_validators_for_test_spawns
        SKIP [         ] (───) velnor-actions-orchestrator::velnor_orchestrator impl_orch_plansel::build_script_and_fixture_changes_mark_owner
        SKIP [         ] (───) velnor-actions-orchestrator::velnor_orchestrator impl_orch_plansel::diamond_closure_marks_transitively
        SKIP [         ] (───) velnor-actions-orchestrator::velnor_orchestrator impl_orch_plansel::rename_within_package_marks_owner_affected
        SKIP [         ] (───) velnor-actions-orchestrator::velnor_orchestrator impl_orch_release_emit::plan_lists_release_files_iff_enabled
        SKIP [         ] (───) velnor-actions-orchestrator::velnor_orchestrator impl_orch_release_emit::release_bootstrap_mismatch_fails_closed
        SKIP [         ] (───) velnor-actions-orchestrator::velnor_orchestrator impl_orch_release_emit::release_bootstrap_mode_adds_token_job
        SKIP [         ] (───) velnor-actions-orchestrator::velnor_orchestrator impl_orch_release_emit::release_disabled_emits_base_tree_only
        SKIP [         ] (───) velnor-actions-orchestrator::velnor_orchestrator impl_orch_release_emit::release_emission_is_byte_deterministic
        SKIP [         ] (───) velnor-actions-orchestrator::velnor_orchestrator impl_orch_release_emit::release_enabled_emits_family_oidc
        SKIP [         ] (───) velnor-actions-orchestrator::velnor_orchestrator impl_orch_release_emit::release_requires_origin_identity
        SKIP [         ] (───) velnor-actions-orchestrator::velnor_orchestrator impl_orch_release_emit::release_unknown_package_fails_closed
        SKIP [         ] (───) velnor-actions-orchestrator::velnor_orchestrator impl_orch_release_emit::release_velnor_policy_rejects_enabled
        SKIP [         ] (───) velnor-actions-orchestrator::velnor_orchestrator impl_orch_release_emit::release_without_release_pr_validates_instead
        SKIP [         ] (───) velnor-actions-orchestrator::velnor_orchestrator impl_orch_timeout::generated_ci_bounds_every_job_per_kind
        SKIP [         ] (───) velnor-actions-orchestrator::velnor_orchestrator impl_p03_identity::generator_identity_has_no_zero_digest
        SKIP [         ] (───) velnor-actions-orchestrator::velnor_orchestrator impl_p03_identity::known_lockfile_covers_and_nextest_binds_toolchain
        SKIP [         ] (───) velnor-actions-orchestrator::velnor_orchestrator impl_p03_identity::lanes_follow_responsibility
        SKIP [         ] (───) velnor-actions-orchestrator::velnor_orchestrator impl_p03_identity::relocated_checkout_keeps_identities
        SKIP [         ] (───) velnor-actions-orchestrator::velnor_orchestrator impl_p03_identity::reports_stay_fresh_per_run
        SKIP [         ] (───) velnor-actions-orchestrator::velnor_orchestrator impl_p03_identity::source_edit_with_empty_changed_set_executes
        SKIP [         ] (───) velnor-actions-orchestrator::velnor_orchestrator impl_p03_identity::task_cache_stays_disabled_without_qualification
        SKIP [         ] (───) velnor-actions-orchestrator::velnor_orchestrator impl_p03_identity::unchanged_inputs_with_valid_baseline_cover
        SKIP [         ] (───) velnor-actions-orchestrator::velnor_orchestrator impl_p04_reuse::anchored_repository_binds_and_unanchored_fails_closed
        SKIP [         ] (───) velnor-actions-orchestrator::velnor_orchestrator impl_p04_reuse::carried_proof_binding_mismatch_executes
        SKIP [         ] (───) velnor-actions-orchestrator::velnor_orchestrator impl_p04_reuse::every_unsafe_manifest_executes
        SKIP [         ] (───) velnor-actions-orchestrator::velnor_orchestrator impl_p04_reuse::every_unsafe_task_entry_executes
        SKIP [         ] (───) velnor-actions-orchestrator::velnor_orchestrator impl_p04_reuse::missing_base_is_a_miss_not_a_failure
        SKIP [         ] (───) velnor-actions-orchestrator::velnor_orchestrator impl_p04_reuse::sharded_plan_binds_archive_content_and_executes
        SKIP [         ] (───) velnor-actions-orchestrator::velnor_orchestrator impl_p06_detection::dot_mise_toml_labeled_correctly
        SKIP [         ] (───) velnor-actions-orchestrator::velnor_orchestrator impl_p06_detection::four_combos_argv
        SKIP [         ] (───) velnor-actions-orchestrator::velnor_orchestrator impl_p06_detection::misleading_names_and_comments_not_evidence
        SKIP [         ] (───) velnor-actions-orchestrator::velnor_orchestrator impl_p06_detection::nested_workspace_detects_own_wrapper_and_config
        SKIP [         ] (───) velnor-actions-orchestrator::velnor_orchestrator impl_p06_detection::nextest_config_selects_ci_or_default
        SKIP [         ] (───) velnor-actions-orchestrator::velnor_orchestrator impl_p06_detection::no_evidence_defaults_to_cargo
        SKIP [         ] (───) velnor-actions-orchestrator::velnor_orchestrator impl_p06_detection::repeated_generation_stable
        SKIP [         ] (───) velnor-actions-orchestrator::velnor_orchestrator impl_p06_detection::root_pair_wrapper_conflict_fails
        SKIP [         ] (───) velnor-actions-orchestrator::velnor_orchestrator impl_p06_detection::single_axis_override_without_duplication
        SKIP [         ] (───) velnor-actions-orchestrator::velnor_orchestrator impl_p06_detection::wrapper_only_detects_mbx
        SKIP [         ] (───) velnor-actions-orchestrator::velnor_orchestrator impl_p06_detection_malformed::malformed_mise_wrapper_fails_closed
        SKIP [         ] (───) velnor-actions-orchestrator::velnor_orchestrator impl_p06_detection_malformed::malformed_nextest_config_fails_closed
        SKIP [         ] (───) velnor-actions-orchestrator::velnor_orchestrator impl_p06_detection_malformed::valid_section_wrapper_selects_mbx
        SKIP [         ] (───) velnor-actions-orchestrator::velnor_orchestrator impl_perf_p13::detection_preserved_for_nested_and_independent
        SKIP [         ] (───) velnor-actions-orchestrator::velnor_orchestrator impl_perf_p13::full_44_crate_matrix_fits_artifact_and_job_output_budgets
        SKIP [         ] (───) velnor-actions-orchestrator::velnor_orchestrator impl_perf_p13::generate_scales_to_workflow_file_limit_then_fails_closed
        SKIP [         ] (───) velnor-actions-orchestrator::velnor_orchestrator impl_perf_p13::malformed_manifest_still_fails_plan
        SKIP [         ] (───) velnor-actions-orchestrator::velnor_orchestrator impl_perf_p13::member_metadata_parses_to_same_record
        SKIP [         ] (───) velnor-actions-orchestrator::velnor_orchestrator impl_perf_p13::nested_cross_workspace_path_dep_skips_not_fails
        SKIP [         ] (───) velnor-actions-orchestrator::velnor_orchestrator impl_perf_p13::plan_100_crates_reports_matrix_budget
        SKIP [         ] (───) velnor-actions-orchestrator::velnor_orchestrator impl_perf_p13::plan_obligation_set_is_deterministic
        SKIP [         ] (───) velnor-actions-orchestrator::velnor_orchestrator impl_perf_p13::plan_scales_with_crate_count
        SKIP [         ] (───) velnor-actions-orchestrator::velnor_orchestrator impl_perf_p13::prepare_scales_to_100_crates
        SKIP [         ] (───) velnor-actions-orchestrator::velnor_orchestrator impl_permissions_scope::consumer_workflow_scopes_actions_read_to_required
        SKIP [         ] (───) velnor-actions-orchestrator::velnor_orchestrator impl_permissions_scope::repository_workflow_scopes_actions_read_to_plan_and_required
        SKIP [         ] (───) velnor-actions-orchestrator::velnor_orchestrator impl_plan_migration::orch_gen_plan_surfaces_required_check_migration
        SKIP [         ] (───) velnor-actions-orchestrator::velnor_orchestrator impl_plan_parity::parity_consumer_lockful
        SKIP [         ] (───) velnor-actions-orchestrator::velnor_orchestrator impl_plan_parity::parity_consumer_lockless
        SKIP [         ] (───) velnor-actions-orchestrator::velnor_orchestrator impl_plan_parity::parity_no_work_repo
        SKIP [         ] (───) velnor-actions-orchestrator::velnor_orchestrator impl_plan_parity::parity_pure_tofu
        SKIP [         ] (───) velnor-actions-orchestrator::velnor_orchestrator impl_plan_parity::parity_velnor_policy_lists_validators
        SKIP [         ] (───) velnor-actions-orchestrator::velnor_orchestrator impl_plan_prepare::consumer_plan_installs_validators_before_check_generated
        SKIP [         ] (───) velnor-actions-orchestrator::velnor_orchestrator impl_plan_prepare::mbx_evidence_keeps_plan_mise_free_and_uses_task_action
        SKIP [         ] (───) velnor-actions-orchestrator::velnor_orchestrator impl_plan_prepare::plan_fetch_check_and_plan_share_one_cargo_home
        SKIP [         ] (───) velnor-actions-orchestrator::velnor_orchestrator impl_plan_prepare::preseed_plan_installs_before_build_and_check_generated
        SKIP [         ] (───) velnor-actions-orchestrator::velnor_orchestrator impl_prepare_generate::atomic_replace_failure_preserves_old_tree
        SKIP [         ] (───) velnor-actions-orchestrator::velnor_orchestrator impl_prepare_generate::cold_registry_stderr_classifies_incomplete
        SKIP [         ] (───) velnor-actions-orchestrator::velnor_orchestrator impl_prepare_generate::generate_preview_matches_in_place_and_preserves_repo
        SKIP [         ] (───) velnor-actions-orchestrator::velnor_orchestrator impl_prepare_generate::generated_workflow_has_always_on_lint_job
        SKIP [         ] (───) velnor-actions-orchestrator::velnor_orchestrator impl_prepare_generate::ignored_rust_plans_no_work
        SKIP [         ] (───) velnor-actions-orchestrator::velnor_orchestrator impl_prepare_generate::nested_lockful_workspace_gets_named_fetch
        SKIP [         ] (───) velnor-actions-orchestrator::velnor_orchestrator impl_prepare_generate::plan_job_fetches_lockful_sources_before_generate_consumers
        SKIP [         ] (───) velnor-actions-orchestrator::velnor_orchestrator impl_prepare_generate::plan_job_omits_fetch_without_lockfile
        SKIP [         ] (───) velnor-actions-orchestrator::velnor_orchestrator impl_prepare_generate::prepare_lockless_with_deps_writes_nothing
        SKIP [         ] (───) velnor-actions-orchestrator::velnor_orchestrator impl_prepare_generate::prepare_plan_text_is_deterministic_and_write_free
        SKIP [         ] (───) velnor-actions-orchestrator::velnor_orchestrator impl_prepare_generate::preview_refuses_unsafe_destinations
        SKIP [         ] (───) velnor-actions-orchestrator::velnor_orchestrator impl_preseed_manifest::fresh_binary_manifest_passes_shell_verifier
        SKIP [         ] (───) velnor-actions-orchestrator::velnor_orchestrator impl_protocol::merge_assembled_request_roundtrips_to_passed
        SKIP [         ] (───) velnor-actions-orchestrator::velnor_orchestrator impl_protocol::merge_assembly_nulls_missing_plan_to_planning_failed
        SKIP [         ] (───) velnor-actions-orchestrator::velnor_orchestrator impl_protocol::merge_verdict_mapping
        SKIP [         ] (───) velnor-actions-orchestrator::velnor_orchestrator impl_protocol::plan_outputs_agree_with_plan_matrix
        SKIP [         ] (───) velnor-actions-orchestrator::velnor_orchestrator impl_protocol::plan_outputs_encode_covered_tasks
        SKIP [         ] (───) velnor-actions-orchestrator::velnor_orchestrator impl_protocol::publish_plan_files_writes_artifact_pair
        SKIP [         ] (───) velnor-actions-orchestrator::velnor_orchestrator impl_protocol::response_sibling_derivation
        SKIP [         ] (───) velnor-actions-orchestrator::velnor_orchestrator impl_protocol::write_request_captures_repository_capability
        SKIP [         ] (───) velnor-actions-orchestrator::velnor_orchestrator impl_protocol::write_request_materializes_merge_group
        SKIP [         ] (───) velnor-actions-orchestrator::velnor_orchestrator impl_protocol::write_request_materializes_pull_request
        SKIP [         ] (───) velnor-actions-orchestrator::velnor_orchestrator impl_protocol::write_request_materializes_push_without_base
        SKIP [         ] (───) velnor-actions-orchestrator::velnor_orchestrator impl_protocol::write_request_pins_parents_to_the_anchor
        SKIP [         ] (───) velnor-actions-orchestrator::velnor_orchestrator impl_protocol::write_request_rejects_bad_inputs
        SKIP [         ] (───) velnor-actions-orchestrator::velnor_orchestrator impl_protocol_fork::write_request_fails_closed_without_a_fork_flag
        SKIP [         ] (───) velnor-actions-orchestrator::velnor_orchestrator impl_protocol_fork::write_request_rejects_comment_triggers
        SKIP [         ] (───) velnor-actions-orchestrator::velnor_orchestrator impl_protocol_fork::write_request_routes_fork_pull_requests_to_fork
        SKIP [         ] (───) velnor-actions-orchestrator::velnor_orchestrator impl_protocol_render::render_gate_roundtrip_accepts_plan
        SKIP [         ] (───) velnor-actions-orchestrator::velnor_orchestrator impl_protocol_render_gate::render_gate_roundtrip_accepts_plan
        SKIP [         ] (───) velnor-actions-orchestrator::velnor_orchestrator impl_required_evidence::candidate_evidence_is_its_needs_conclusion
        SKIP [         ] (───) velnor-actions-orchestrator::velnor_orchestrator impl_required_evidence::changed_obligations_never_baseline_cover
        SKIP [         ] (───) velnor-actions-orchestrator::velnor_orchestrator impl_required_evidence::checkout_mismatch_rejects_plan
        SKIP [         ] (───) velnor-actions-orchestrator::velnor_orchestrator impl_required_evidence::duplicate_matrix_reports_partition_to_not_run
        SKIP [         ] (───) velnor-actions-orchestrator::velnor_orchestrator impl_required_evidence::empty_required_inventory_fails_closed
        SKIP [         ] (───) velnor-actions-orchestrator::velnor_orchestrator impl_required_evidence::leaf_edit_verifies_unproven_peers
        SKIP [         ] (───) velnor-actions-orchestrator::velnor_orchestrator impl_required_evidence::missing_report_file_fails_closed
        SKIP [         ] (───) velnor-actions-orchestrator::velnor_orchestrator impl_required_evidence::plan_reuse_decisions_rejected_without_proof
        SKIP [         ] (───) velnor-actions-orchestrator::velnor_orchestrator impl_required_evidence::validator_results_must_match_inventory_exactly
        SKIP [         ] (───) velnor-actions-orchestrator::velnor_orchestrator impl_required_evidence::validator_states_fold_per_validator
        SKIP [         ] (───) velnor-actions-orchestrator::velnor_orchestrator impl_required_reports::shape_malformed_attestation_diagnoses_planning_failed
        SKIP [         ] (───) velnor-actions-orchestrator::velnor_orchestrator impl_required_reports::shape_malformed_baseline_diagnoses_planning_failed
        SKIP [         ] (───) velnor-actions-orchestrator::velnor_orchestrator impl_required_reports::shape_malformed_report_diagnoses_planning_failed
        SKIP [         ] (───) velnor-actions-orchestrator::velnor_orchestrator impl_required_reports::shape_malformed_task_file_diagnoses_planning_failed
        SKIP [         ] (───) velnor-actions-orchestrator::velnor_orchestrator impl_required_reports::unparsable_report_carries_to_verdict
        SKIP [         ] (───) velnor-actions-orchestrator::velnor_orchestrator impl_required_validators::rendered_inventory_all_success_passes_required
        SKIP [         ] (───) velnor-actions-orchestrator::velnor_orchestrator impl_required_validators::rendered_inventory_each_validator_fails_required
        SKIP [         ] (───) velnor-actions-orchestrator::velnor_orchestrator impl_required_validators::rendered_inventory_validator_failure_fails_required
        SKIP [         ] (───) velnor-actions-orchestrator::velnor_orchestrator impl_required_validators::rendered_inventory_validator_failure_fails_without_work
        SKIP [         ] (───) velnor-actions-orchestrator::velnor_orchestrator impl_schema2_mbx_qualification::protected_main_mbx_roundtrip_is_run_bound_and_read_only_on_restore
        SKIP [         ] (───) velnor-actions-orchestrator::velnor_orchestrator impl_schema2_mbx_qualification::reader_probes_fail_when_stats_producer_fails_after_valid_json
        SKIP [         ] (───) velnor-actions-orchestrator::velnor_orchestrator impl_schema2_routing::both_mode_splits_verification_and_keeps_release_hosted
        SKIP [         ] (───) velnor-actions-orchestrator::velnor_orchestrator impl_schema2_routing::committed_release_files_match_schema2_bytes
        SKIP [         ] (───) velnor-actions-orchestrator::velnor_orchestrator impl_schema2_routing::dispatch_mode_overrides_configured_mode
        SKIP [         ] (───) velnor-actions-orchestrator::velnor_orchestrator impl_schema2_routing::migrate_preview_is_write_and_stays_hosted
        SKIP [         ] (───) velnor-actions-orchestrator::velnor_orchestrator impl_schema2_routing::named_check_lanes_tests::generated_hosted_scale_set_and_both_modes_bind_all_named_check_proofs
        SKIP [         ] (───) velnor-actions-orchestrator::velnor_orchestrator impl_schema2_routing::named_check_lanes_tests::macos_check_scale_set_override_is_rejected_explicitly
        SKIP [         ] (───) velnor-actions-orchestrator::velnor_orchestrator impl_schema2_routing::schema1_omits_scale_set_selector
        SKIP [         ] (───) velnor-actions-orchestrator::velnor_orchestrator impl_schema2_routing::schema2_workflows_match_expected_bytes
        SKIP [         ] (───) velnor-actions-orchestrator::velnor_orchestrator impl_schema2_routing::shell_tests::tool_lines_ignores_defaults_but_detects_step_differences
        SKIP [         ] (───) velnor-actions-orchestrator::velnor_orchestrator impl_schema2_verification_tasks::macos_task_cannot_select_the_linux_scale_set_profile
        SKIP [         ] (───) velnor-actions-orchestrator::velnor_orchestrator impl_schema2_verification_tasks::verification_tasks_follow_eligible_lanes_and_stay_required
        SKIP [         ] (───) velnor-actions-orchestrator::velnor_orchestrator impl_select::bin_only_package_omits_doctest_with_reason
        SKIP [         ] (───) velnor-actions-orchestrator::velnor_orchestrator impl_select::cargo_lock_change_selects_all
        SKIP [         ] (───) velnor-actions-orchestrator::velnor_orchestrator impl_select::md_in_package_selects_narrowly
        SKIP [         ] (───) velnor-actions-orchestrator::velnor_orchestrator impl_select::narrow_change_keeps_universe_with_reasons
        SKIP [         ] (───) velnor-actions-orchestrator::velnor_orchestrator impl_select::nested_change_stays_narrow_with_root_package
        SKIP [         ] (───) velnor-actions-orchestrator::velnor_orchestrator impl_select::root_config_change_selects_all
        SKIP [         ] (───) velnor-actions-orchestrator::velnor_orchestrator impl_select::root_package_does_not_mask_unclassified_files
        SKIP [         ] (───) velnor-actions-orchestrator::velnor_orchestrator impl_select::unclassified_file_still_selects_all
        SKIP [         ] (───) velnor-actions-orchestrator::velnor_orchestrator impl_select_base::build_only_edge_selects_consumer
        SKIP [         ] (───) velnor-actions-orchestrator::velnor_orchestrator impl_select_base::corrupt_base_manifest_tags_comparison_unavailable
        SKIP [         ] (───) velnor-actions-orchestrator::velnor_orchestrator impl_select_base::dev_only_edge_selects_consumer
        SKIP [         ] (───) velnor-actions-orchestrator::velnor_orchestrator impl_select_base::merge_checkout_accepts_head2_for_pr
        SKIP [         ] (───) velnor-actions-orchestrator::velnor_orchestrator impl_select_base::merge_checkout_rejects_head2_for_push
        SKIP [         ] (───) velnor-actions-orchestrator::velnor_orchestrator impl_select_base::missing_or_bad_base_tags_comparison_unavailable
        SKIP [         ] (───) velnor-actions-orchestrator::velnor_orchestrator impl_select_base::optional_edge_selects_consumer
        SKIP [         ] (───) velnor-actions-orchestrator::velnor_orchestrator impl_select_base::push_missing_base_tags_comparison_unavailable
        SKIP [         ] (───) velnor-actions-orchestrator::velnor_orchestrator impl_select_base::removed_dependency_keeps_consumer_selected
        SKIP [         ] (───) velnor-actions-orchestrator::velnor_orchestrator impl_select_base::target_cfg_edge_selects_consumer
        SKIP [         ] (───) velnor-actions-orchestrator::velnor_orchestrator impl_select_removed::deleted_member_selects_surviving_owners
        SKIP [         ] (───) velnor-actions-orchestrator::velnor_orchestrator impl_select_removed::moved_file_selects_old_and_new_owners
        SKIP [         ] (───) velnor-actions-orchestrator::velnor_orchestrator impl_select_removed::pure_rename_selects_old_and_new_owners
        SKIP [         ] (───) velnor-actions-orchestrator::velnor_orchestrator impl_step_role_name_authority::finalized_generation_is_invariant_to_typed_step_display_names
        SKIP [         ] (───) velnor-actions-orchestrator::velnor_orchestrator impl_strict_envelope::merge_envelope_rejects_duplicate_keys
        SKIP [         ] (───) velnor-actions-orchestrator::velnor_orchestrator impl_strict_envelope::plan_envelope_rejects_duplicate_keys
        SKIP [         ] (───) velnor-actions-orchestrator::velnor_orchestrator impl_task_source_prep::crate_job_fetches_lockful_sources_before_obligations
        SKIP [         ] (───) velnor-actions-orchestrator::velnor_orchestrator impl_task_source_prep::crate_job_omits_fetch_without_lockfile
        SKIP [         ] (───) velnor-actions-orchestrator::velnor_orchestrator impl_task_source_prep::mbx_objects_precede_fetch_on_mbx_crates
        SKIP [         ] (───) velnor-actions-orchestrator::velnor_orchestrator impl_task_source_prep::rendered_crate_fetch_precedes_obligations_with_toolchain_triple
        SKIP [         ] (───) velnor-actions-orchestrator::velnor_orchestrator impl_tofu_t09::bad_root_spelling_rejected_at_load
        SKIP [         ] (───) velnor-actions-orchestrator::velnor_orchestrator impl_tofu_t09::clean_repo_plan_has_no_tofu_line
        SKIP [         ] (───) velnor-actions-orchestrator::velnor_orchestrator impl_tofu_t09::configured_root_without_config_errors_naming_the_root
        SKIP [         ] (───) velnor-actions-orchestrator::velnor_orchestrator impl_tofu_t09::configured_roots_convert_to_selected_projects
        SKIP [         ] (───) velnor-actions-orchestrator::velnor_orchestrator impl_tofu_t09::dialect_conflict_errors
        SKIP [         ] (───) velnor-actions-orchestrator::velnor_orchestrator impl_tofu_t09::duplicate_declaration_root_errors
        SKIP [         ] (───) velnor-actions-orchestrator::velnor_orchestrator impl_tofu_t09::e4_content_advises_strong_without_table
        SKIP [         ] (───) velnor-actions-orchestrator::velnor_orchestrator impl_tofu_t09::ignore_suppresses_configured_table
        SKIP [         ] (───) velnor-actions-orchestrator::velnor_orchestrator impl_tofu_t09::ignore_suppresses_conflict
        SKIP [         ] (───) velnor-actions-orchestrator::velnor_orchestrator impl_tofu_t09::json_root_converts
        SKIP [         ] (───) velnor-actions-orchestrator::velnor_orchestrator impl_tofu_t09::malformed_root_errors_naming_the_file
        SKIP [         ] (───) velnor-actions-orchestrator::velnor_orchestrator impl_tofu_t09::mise_opentofu_advises_strong
        SKIP [         ] (───) velnor-actions-orchestrator::velnor_orchestrator impl_tofu_t09::missing_roots_rejected
        SKIP [         ] (───) velnor-actions-orchestrator::velnor_orchestrator impl_tofu_t09::multiroot_converts_with_sorted_plan_line
        SKIP [         ] (───) velnor-actions-orchestrator::velnor_orchestrator impl_tofu_t09::shadowed_garbage_passes_conversion
        SKIP [         ] (───) velnor-actions-orchestrator::velnor_orchestrator impl_tofu_t09::strong_file_evidence_advises_in_plan
        SKIP [         ] (───) velnor-actions-orchestrator::velnor_orchestrator impl_tofu_t09::terraform_only_pin_conflicts_with_strong_spelling
        SKIP [         ] (───) velnor-actions-orchestrator::velnor_orchestrator impl_tofu_t09::terraform_only_repo_stays_silent
        SKIP [         ] (───) velnor-actions-orchestrator::velnor_orchestrator impl_tofu_t09::unknown_block_root_errors
        SKIP [         ] (───) velnor-actions-orchestrator::velnor_orchestrator impl_tofu_t09::unknown_tofu_keys_rejected
        SKIP [         ] (───) velnor-actions-orchestrator::velnor_orchestrator impl_tofu_t09::weak_evidence_advises_in_plan
        SKIP [         ] (───) velnor-actions-orchestrator::velnor_orchestrator impl_tofu_t11::diamond_and_remote_convert
        SKIP [         ] (───) velnor-actions-orchestrator::velnor_orchestrator impl_tofu_t11::escaping_module_source_fails_prepare
        SKIP [         ] (───) velnor-actions-orchestrator::velnor_orchestrator impl_tofu_t11::missing_module_target_fails_prepare
        SKIP [         ] (───) velnor-actions-orchestrator::velnor_orchestrator impl_tofu_t11::module_cycle_fails_prepare
        SKIP [         ] (───) velnor-actions-orchestrator::velnor_orchestrator impl_tofu_t12::dynamic_base_source_widens_with_recorded_warning
        SKIP [         ] (───) velnor-actions-orchestrator::velnor_orchestrator impl_tofu_t12::module_target_change_selects_calling_root_only
        SKIP [         ] (───) velnor-actions-orchestrator::velnor_orchestrator impl_tofu_t12::removed_base_edge_still_selects_its_caller
        SKIP [         ] (───) velnor-actions-orchestrator::velnor_orchestrator impl_tofu_t12::rust_change_leaves_tofu_unaffected
        SKIP [         ] (───) velnor-actions-orchestrator::velnor_orchestrator impl_tofu_t14::tofu_absent_table_means_no_tofu_diagnostics
        SKIP [         ] (───) velnor-actions-orchestrator::velnor_orchestrator impl_tofu_t14::tofu_bare_root_without_lock_stays_silent
        SKIP [         ] (───) velnor-actions-orchestrator::velnor_orchestrator impl_tofu_t14::tofu_committed_lock_on_provider_root_plans
        SKIP [         ] (───) velnor-actions-orchestrator::velnor_orchestrator impl_tofu_t14::tofu_corrupt_lock_surfaces_a_recommendation
        SKIP [         ] (───) velnor-actions-orchestrator::velnor_orchestrator impl_tofu_t14::tofu_discovery_keeps_locks_and_workdirs_clean
        SKIP [         ] (───) velnor-actions-orchestrator::velnor_orchestrator impl_tofu_t14::tofu_generate_keeps_locks_clean
        SKIP [         ] (───) velnor-actions-orchestrator::velnor_orchestrator impl_tofu_t14::tofu_ignored_stack_means_no_tofu_diagnostics
        SKIP [         ] (───) velnor-actions-orchestrator::velnor_orchestrator impl_tofu_t14::tofu_missing_lock_on_provider_root_fails_planning
        SKIP [         ] (───) velnor-actions-orchestrator::velnor_orchestrator impl_tofu_t14::tofu_plan_keeps_locks_and_workdirs_clean
        SKIP [         ] (───) velnor-actions-orchestrator::velnor_orchestrator impl_tofu_t14::tofu_stale_lock_surfaces_a_recommendation
        SKIP [         ] (───) velnor-actions-orchestrator::velnor_orchestrator impl_tofu_t14::tofu_version_aligned_with_mise_pin_stays_silent
        SKIP [         ] (───) velnor-actions-orchestrator::velnor_orchestrator impl_tofu_t14::tofu_version_excluding_mise_pin_surfaces_a_recommendation
        SKIP [         ] (───) velnor-actions-orchestrator::velnor_orchestrator impl_tofu_t17::mixed_repo_plan_carries_union_with_pure_tofu_group
        SKIP [         ] (───) velnor-actions-orchestrator::velnor_orchestrator impl_tofu_t17::pure_tofu_repo_drops_all_rust_setup
        SKIP [         ] (───) velnor-actions-orchestrator::velnor_orchestrator impl_tofu_t18::init_runs_once_per_root
        SKIP [         ] (───) velnor-actions-orchestrator::velnor_orchestrator impl_tofu_t18::nested_roots_format_once_at_outer_scope
        SKIP [         ] (───) velnor-actions-orchestrator::velnor_orchestrator impl_tofu_t18::one_job_per_validation_root_with_ordered_steps
        SKIP [         ] (───) velnor-actions-orchestrator::velnor_orchestrator impl_tofu_t18::restore_precedes_init_precedes_validate
        SKIP [         ] (───) velnor-actions-orchestrator::velnor_orchestrator impl_tofu_t18::root_jobs_render_capped_strategy_without_markers
        SKIP [         ] (───) velnor-actions-orchestrator::velnor_orchestrator impl_tofu_t18::root_jobs_stage_needs_by_max_parallel
        SKIP [         ] (───) velnor-actions-orchestrator::velnor_orchestrator impl_tofu_t18::staged_root_jobs_carry_always_while_first_lane_stays_default
        SKIP [         ] (───) velnor-actions-orchestrator::velnor_orchestrator impl_tofu_t19::affected_tofu_root_marks_its_triple_changed
        SKIP [         ] (───) velnor-actions-orchestrator::velnor_orchestrator impl_tofu_t19::docs_only_marks_tofu_obligations_unchanged
        SKIP [         ] (───) velnor-actions-orchestrator::velnor_orchestrator impl_tofu_t19::empty_inventory_fails_tofu_plan_closed
        SKIP [         ] (───) velnor-actions-orchestrator::velnor_orchestrator impl_tofu_t19::missing_plan_on_tofu_inventory_diagnoses_planning_failed
        SKIP [         ] (───) velnor-actions-orchestrator::velnor_orchestrator impl_tofu_t19::missing_tofu_report_fails_required_closed
        SKIP [         ] (───) velnor-actions-orchestrator::velnor_orchestrator impl_tofu_t19::plan_counts_tofu_roots_on_their_own_line
        SKIP [         ] (───) velnor-actions-orchestrator::velnor_orchestrator impl_tofu_t19::plan_job_carries_no_tofu_format_scope
        SKIP [         ] (───) velnor-actions-orchestrator::velnor_orchestrator impl_tofu_t19::tofu_passed_round_trip
        SKIP [         ] (───) velnor-actions-orchestrator::velnor_orchestrator impl_tofu_t19::tofu_roots_join_the_package_inventory
        SKIP [         ] (───) velnor-actions-orchestrator::velnor_orchestrator impl_tofu_t19::tofu_validator_fold_marks_exact_set
        SKIP [         ] (───) velnor-actions-orchestrator::velnor_orchestrator impl_tofu_t20::repo_root_tofu_job_names_the_dot_root
        SKIP [         ] (───) velnor-actions-orchestrator::velnor_orchestrator impl_tofu_t20::required_needs_span_plan_tofu_and_lint
        SKIP [         ] (───) velnor-actions-orchestrator::velnor_orchestrator impl_tofu_t20::tofu_display_lines_carry_no_expressions
        SKIP [         ] (───) velnor-actions-orchestrator::velnor_orchestrator impl_tofu_t20::tofu_root_jobs_carry_opentofu_display_names
        SKIP [         ] (───) velnor-actions-orchestrator::velnor_orchestrator impl_tofu_t20::tofu_steps_are_single_line_scalars_without_setup_action
        SKIP [         ] (───) velnor-actions-orchestrator::velnor_orchestrator impl_tofu_t20::tofu_triggers_and_concurrency_match_rust_byte_for_byte
        SKIP [         ] (───) velnor-actions-orchestrator::velnor_orchestrator impl_tofu_t20_stable::tofu_cross_checkout_determinism
        SKIP [         ] (───) velnor-actions-orchestrator::velnor_orchestrator impl_tofu_t20_stable::tofu_generate_is_fixed_point_and_validated
        SKIP [         ] (───) velnor-actions-orchestrator::velnor_orchestrator impl_tofu_t20_stable::tofu_plan_and_generate_leave_every_byte
        SKIP [         ] (───) velnor-actions-orchestrator::velnor_orchestrator impl_tofu_t21::finalized_tofu_jobs_save_exactly_their_restored_key
        SKIP [         ] (───) velnor-actions-orchestrator::velnor_orchestrator impl_tofu_t21::provider_hit_still_runs_init_and_validate
        SKIP [         ] (───) velnor-actions-orchestrator::velnor_orchestrator impl_tofu_t21::tofu_reuse_claims_fail_closed_at_merge
        SKIP [         ] (───) velnor-actions-orchestrator::velnor_orchestrator impl_tofu_t22::cold_tree_plans_executes_and_generates_without_seeded_cache
        SKIP [         ] (───) velnor-actions-orchestrator::velnor_orchestrator impl_tofu_t22::corrupt_lock_diagnoses_while_provider_transport_renders
        SKIP [         ] (───) velnor-actions-orchestrator::velnor_orchestrator impl_tofu_t22::finalized_tofu_jobs_order_restore_before_work_before_save
        SKIP [         ] (───) velnor-actions-orchestrator::velnor_orchestrator impl_tofu_t22::fork_event_plans_pr_trust_and_generates_restore_only_roundtrip
        SKIP [         ] (───) velnor-actions-orchestrator::velnor_orchestrator impl_tofu_t22::missing_lock_fails_planning_before_provider_transport_renders
        SKIP [         ] (───) velnor-actions-orchestrator::velnor_orchestrator impl_tofu_t22::never_archive_mirrors_stay_equal_across_crates
        SKIP [         ] (───) velnor-actions-orchestrator::velnor_orchestrator impl_tofu_t22::provider_admission_discards_prefix_and_missing_matches
        SKIP [         ] (───) velnor-actions-orchestrator::velnor_orchestrator impl_tofu_t22::stale_lock_diagnoses_while_provider_transport_renders
        SKIP [         ] (───) velnor-actions-orchestrator::velnor_orchestrator impl_tofu_t22::version_excluding_toolchain_diagnoses_while_provider_transport_renders
        SKIP [         ] (───) velnor-actions-orchestrator::velnor_orchestrator impl_tofu_t23::unchanged_tofu_init_validate_refuse_reuse
        SKIP [         ] (───) velnor-actions-orchestrator::velnor_orchestrator impl_tofu_t23::validate_reports_executed_after_provider_cache_hit
        SKIP [         ] (───) velnor-actions-orchestrator::velnor_orchestrator impl_tofu_t24_bench::bench_tofu_cold_first_plan
        SKIP [         ] (───) velnor-actions-orchestrator::velnor_orchestrator impl_tofu_t24_bench::bench_tofu_docs_only
        SKIP [         ] (───) velnor-actions-orchestrator::velnor_orchestrator impl_tofu_t24_bench::bench_tofu_fork_event
        SKIP [         ] (───) velnor-actions-orchestrator::velnor_orchestrator impl_tofu_t24_bench::bench_tofu_lock_change
        SKIP [         ] (───) velnor-actions-orchestrator::velnor_orchestrator impl_tofu_t24_bench::bench_tofu_mixed_rust_change
        SKIP [         ] (───) velnor-actions-orchestrator::velnor_orchestrator impl_tofu_t24_bench::bench_tofu_root_change
        SKIP [         ] (───) velnor-actions-orchestrator::velnor_orchestrator impl_tofu_t24_bench::bench_tofu_shared_module_change
        SKIP [         ] (───) velnor-actions-orchestrator::velnor_orchestrator impl_tofu_t24_bench::bench_tofu_warm_second_plan
        SKIP [         ] (───) velnor-actions-orchestrator::velnor_orchestrator impl_tofu_t24_bench::plan_150_roots_reports_matrix_budget
        SKIP [         ] (───) velnor-actions-orchestrator::velnor_orchestrator impl_tofu_t24_gates2::gate5_cache_hit_never_replaces_validate
        SKIP [         ] (───) velnor-actions-orchestrator::velnor_orchestrator impl_tofu_t24_gates2::gate6_limits_bound_fanout_and_subprocess_budgets
        SKIP [         ] (───) velnor-actions-orchestrator::velnor_orchestrator impl_tofu_t24_gates2::gate7_docs_only_runs_zero_tofu_operations
        SKIP [         ] (───) velnor-actions-orchestrator::velnor_orchestrator impl_tofu_t24_gates::gate1_pure_tofu_installs_no_rust_toolchain
        SKIP [         ] (───) velnor-actions-orchestrator::velnor_orchestrator impl_tofu_t24_gates::gate2_plan_and_generate_run_zero_tofu_operations
        SKIP [         ] (───) velnor-actions-orchestrator::velnor_orchestrator impl_tofu_t24_gates::gate3_single_index_single_traversal_bounded_walks
        SKIP [         ] (───) velnor-actions-orchestrator::velnor_orchestrator impl_tofu_t24_provider_cache::gate4_init_once_fmt_once_no_duplicate_uploads
        SKIP [         ] (───) velnor-actions-orchestrator::velnor_orchestrator impl_tofu_t24_scale::tofu_generate_scales_with_root_count
        SKIP [         ] (───) velnor-actions-orchestrator::velnor_orchestrator impl_tofu_t24_scale::tofu_plan_scales_with_root_count
        SKIP [         ] (───) velnor-actions-orchestrator::velnor_orchestrator impl_tofu_t24_scale::tofu_prepare_scales_to_100_roots
        SKIP [         ] (───) velnor-actions-orchestrator::velnor_orchestrator impl_tofu_t25::file_cache_constructions_are_hoisted_per_phase
        SKIP [         ] (───) velnor-actions-orchestrator::velnor_orchestrator impl_tofu_t25::plan_artifact_downloads_exactly_once_per_job
        SKIP [         ] (───) velnor-actions-orchestrator::velnor_orchestrator impl_tofu_t25_bench::bench_tofu_corrupt_cache_rejects_and_plans
        SKIP [         ] (───) velnor-actions-orchestrator::velnor_orchestrator impl_tofu_t27_render::tofu_config_rejects_raw_yaml_keys
        SKIP [         ] (───) velnor-actions-orchestrator::velnor_orchestrator impl_tofu_t27_render::tofu_nondefault_backend_validates_without_backend_access
        SKIP [         ] (───) velnor-actions-orchestrator::velnor_orchestrator impl_tofu_t27_render::tofu_provider_backed_root_without_lock_fails_planning
        SKIP [         ] (───) velnor-actions-orchestrator::velnor_orchestrator impl_tofu_t27_render::tofu_provider_free_root_runs_without_lock_claims
        SKIP [         ] (───) velnor-actions-orchestrator::velnor_orchestrator impl_tofu_t27_render::tofu_rendered_steps_carry_no_custom_shell
        SKIP [         ] (───) velnor-actions-orchestrator::velnor_orchestrator impl_tofu_t27_reports::tofu_cancelled_task_fails_required_cancelled
        SKIP [         ] (───) velnor-actions-orchestrator::velnor_orchestrator impl_tofu_t27_reports::tofu_cancelled_validator_fails_required_cancelled
        SKIP [         ] (───) velnor-actions-orchestrator::velnor_orchestrator impl_tofu_t27_reports::tofu_duplicate_report_fails_required_not_run
        SKIP [         ] (───) velnor-actions-orchestrator::velnor_orchestrator impl_tofu_t27_reports::tofu_forged_task_digest_fails_required_planning_failed
        SKIP [         ] (───) velnor-actions-orchestrator::velnor_orchestrator impl_tofu_t27_reports::tofu_skipped_validator_fails_required_not_run
        SKIP [         ] (───) velnor-actions-orchestrator::velnor_orchestrator impl_tofu_t27_reports::tofu_stale_run_report_fails_required_not_run
        SKIP [         ] (───) velnor-actions-orchestrator::velnor_orchestrator impl_tofu_t27_reports::tofu_unknown_report_fails_required_planning_failed
        SKIP [         ] (───) velnor-actions-orchestrator::velnor_orchestrator impl_tofu_t27_reports::tofu_wrong_source_task_file_fails_required_planning_failed
        SKIP [         ] (───) velnor-actions-orchestrator::velnor_orchestrator impl_tofu_t27_reports_b::tofu_event_mismatch_fails_required_planning_failed
        SKIP [         ] (───) velnor-actions-orchestrator::velnor_orchestrator impl_tofu_t27_reports_b::tofu_pr_plan_stamps_pr_event_and_trust
        SKIP [         ] (───) velnor-actions-orchestrator::velnor_orchestrator impl_tofu_t27_reports_b::tofu_push_plan_stamps_push_event_and_trust
        SKIP [         ] (───) velnor-actions-orchestrator::velnor_orchestrator impl_tofu_t27_reports_b::tofu_shared_module_change_rides_plan_to_passed
        SKIP [         ] (───) velnor-actions-orchestrator::velnor_orchestrator impl_tofu_t32_negatives::t32_clean_tf_change_merges_passed
        SKIP [         ] (───) velnor-actions-orchestrator::velnor_orchestrator impl_tofu_t32_negatives::t32_failed_plan_reds_required_with_recorded_cause
        SKIP [         ] (───) velnor-actions-orchestrator::velnor_orchestrator impl_tofu_t32_negatives::t32_lock_change_selects_root_dot
        SKIP [         ] (───) velnor-actions-orchestrator::velnor_orchestrator impl_tofu_t32_negatives::t32_malformed_tf_fails_plan_closed_with_cause
        SKIP [         ] (───) velnor-actions-orchestrator::velnor_orchestrator impl_tofu_t32_negatives::t32_module_change_selects_root_dot
        SKIP [         ] (───) velnor-actions-orchestrator::velnor_orchestrator impl_tofu_t32_negatives::t32_unformatted_tf_failed_fmt_leg_reds_required
        SKIP [         ] (───) velnor-actions-orchestrator::velnor_orchestrator impl_tool_snapshot::snapshot_missing_files_stay_missing
        SKIP [         ] (───) velnor-actions-orchestrator::velnor_orchestrator impl_tool_snapshot::snapshot_tracks_mise_version_and_lock_files
        SKIP [         ] (───) velnor-actions-orchestrator::velnor_orchestrator impl_tool_snapshot::snapshot_unreadable_version_file_fails_closed
        SKIP [         ] (───) velnor-actions-orchestrator::velnor_orchestrator impl_trust::coverage_warn_notes_no_publish_attempt
        SKIP [         ] (───) velnor-actions-orchestrator::velnor_orchestrator impl_trust::injection_revs_broaden_without_spawning_flags
        SKIP [         ] (───) velnor-actions-orchestrator::velnor_orchestrator impl_trust::merge_flags_wrong_manifest_digest
        SKIP [         ] (───) velnor-actions-orchestrator::velnor_orchestrator impl_trust::new_package_at_head_marks_affected
        SKIP [         ] (───) velnor-actions-orchestrator::velnor_orchestrator impl_trust::plan_rejects_claimed_generator_identity
        SKIP [         ] (───) velnor-actions-orchestrator::velnor_orchestrator impl_trust::release_lock_never_resolves_generator_identity
        SKIP [         ] (───) velnor-actions-orchestrator::velnor_orchestrator impl_trust::short_sha_base_still_classifies
        SKIP [         ] (───) velnor-actions-orchestrator::velnor_orchestrator impl_trust_identity::identity_hint_scenarios
        SKIP [         ] (───) velnor-actions-orchestrator::velnor_orchestrator impl_trust_identity::trust_probe_identity_inner
        SKIP [         ] (───) velnor-actions-orchestrator::velnor_orchestrator impl_validators::git_args_reject_non_utf8_and_other_verbs
        SKIP [         ] (───) velnor-actions-orchestrator::velnor_orchestrator impl_validators::git_diff_accepts_deleted_call_shape
        SKIP [         ] (───) velnor-actions-orchestrator::velnor_orchestrator impl_validators::git_diff_accepts_selection_call_shapes
        SKIP [         ] (───) velnor-actions-orchestrator::velnor_orchestrator impl_validators::git_diff_rejects_injection
        SKIP [         ] (───) velnor-actions-orchestrator::velnor_orchestrator impl_validators::git_diff_rev_accepts_short_sha_for_selection
        SKIP [         ] (───) velnor-actions-orchestrator::velnor_orchestrator impl_validators::git_rev_accepts_full_sha_only
        SKIP [         ] (───) velnor-actions-orchestrator::velnor_orchestrator impl_validators::git_select_args_accept_short_sha_and_reject_injection
        SKIP [         ] (───) velnor-actions-orchestrator::velnor_orchestrator impl_validators::git_show_accepts_batch_call_shape
        SKIP [         ] (───) velnor-actions-orchestrator::velnor_orchestrator impl_validators::git_show_rejects_injection
        SKIP [         ] (───) velnor-actions-orchestrator::velnor_orchestrator impl_validators_repo::cache_action_transport_never_carries_mbx
        SKIP [         ] (───) velnor-actions-orchestrator::velnor_orchestrator impl_validators_repo::mbx_transport_stays_with_mr_boxington_action
        SKIP [         ] (───) velnor-actions-orchestrator::velnor_orchestrator impl_validators_repo::repo_config_sample_covers_schema_keys
        SKIP [         ] (───) velnor-actions-orchestrator::velnor_orchestrator impl_validators_repo::repo_config_sample_parses_through_prepare
        SKIP [         ] (───) velnor-actions-orchestrator::velnor_orchestrator impl_validators_repo::velnor_sources_transport_rejects_mbx_paths
        SKIP [         ] (───) velnor-actions-orchestrator::velnor_orchestrator impl_wire_w1::w1_actionlint_bridge_uses_configured_runner_label
        SKIP [         ] (───) velnor-actions-orchestrator::velnor_orchestrator impl_wire_w1::w1_actionlint_vars_emit_exact_v1_set
        SKIP [         ] (───) velnor-actions-orchestrator::velnor_orchestrator impl_wire_w1::w1_candidate_build_matches_mise_constructor
        SKIP [         ] (───) velnor-actions-orchestrator::velnor_orchestrator impl_wire_w1::w1_catalog_matches_actionlint_crate_pins
        SKIP [         ] (───) velnor-actions-orchestrator::velnor_orchestrator impl_wire_w1::w1_checkout_uses_pinned_action_ref
        SKIP [         ] (───) velnor-actions-orchestrator::velnor_orchestrator impl_wire_w1::w1_lint_run_embeds_crate_tool_specs
        SKIP [         ] (───) velnor-actions-orchestrator::velnor_orchestrator impl_wire_w1::w1_native_parallelism_unqualified
        SKIP [         ] (───) velnor-actions-orchestrator::velnor_orchestrator impl_wire_w1::w1_plan_format_runs_fmt_check
        SKIP [         ] (───) velnor-actions-orchestrator::velnor_orchestrator impl_wire_w1::w1_plan_prepare_index_and_contract_order
        SKIP [         ] (───) velnor-actions-orchestrator::velnor_orchestrator impl_wire_w1::w1_pr_workflows_carry_no_msrv
        SKIP [         ] (───) velnor-actions-orchestrator::velnor_orchestrator impl_wire_w1::w1_runner_label_matches_actionlint_bridge
        SKIP [         ] (───) velnor-actions-orchestrator::velnor_orchestrator impl_wire_w1::w1_runs_on_hosted_labels_only
        SKIP [         ] (───) velnor-actions-orchestrator::velnor_orchestrator impl_wire_w1::w1_validators_carry_deny_machete_zizmor_in_order
        SKIP [         ] (───) velnor-actions-orchestrator::velnor_orchestrator impl_wire_w2::baseline_rejects_other_branch_manifests
        SKIP [         ] (───) velnor-actions-orchestrator::velnor_orchestrator impl_wire_w2::build_script_package_rejects_reuse_and_coverage
        SKIP [         ] (───) velnor-actions-orchestrator::velnor_orchestrator impl_wire_w2::cargo_test_shards_reject_config
        SKIP [         ] (───) velnor-actions-orchestrator::velnor_orchestrator impl_wire_w2::committed_drift_warns_never_fails
        SKIP [         ] (───) velnor-actions-orchestrator::velnor_orchestrator impl_wire_w2::empty_matrix_folds_conclusions
        SKIP [         ] (───) velnor-actions-orchestrator::velnor_orchestrator impl_wire_w2::fmt_needs_explicit_config
        SKIP [         ] (───) velnor-actions-orchestrator::velnor_orchestrator impl_wire_w2::fork_plans_use_pr_trust
        SKIP [         ] (───) velnor-actions-orchestrator::velnor_orchestrator impl_wire_w2::input_digest_is_deterministic
        SKIP [         ] (───) velnor-actions-orchestrator::velnor_orchestrator impl_wire_w2::local_select_uses_working_tree
        SKIP [         ] (───) velnor-actions-orchestrator::velnor_orchestrator impl_wire_w2::manifest_task_proofs_validate_per_task
        SKIP [         ] (───) velnor-actions-orchestrator::velnor_orchestrator impl_wire_w2::matrix_reports_entries_per_task
        SKIP [         ] (───) velnor-actions-orchestrator::velnor_orchestrator impl_wire_w2::nextest_shards_expand_plan_and_verify
        SKIP [         ] (───) velnor-actions-orchestrator::velnor_orchestrator impl_wire_w2::plan_files_match_contract_renderers
        SKIP [         ] (───) velnor-actions-orchestrator::velnor_orchestrator impl_wire_w2::resource_groups_validate_at_merge
        SKIP [         ] (───) velnor-actions-orchestrator::velnor_orchestrator impl_wire_w2::reused_reports_fail_without_restore_proof
        SKIP [         ] (───) velnor-actions-orchestrator::velnor_orchestrator impl_wire_w2::v1_push_plan_wiring
        PASS [   1.176s] (1/2) velnor-actions-orchestrator::velnor_orchestrator impl_bench_p13::bench_empty_caches_cold_plan
  stdout ───

    running 1 test
    Initialized empty Git repository in /private/var/folders/4s/k27jn48x1cggdq0ws6vsly4c0000gn/T/.tmpk8oMgH/.git/
    [testmain (root-commit) e2116bd] one
     24 files changed, 95 insertions(+)
     create mode 100644 .velnor/config.toml
     create mode 100644 .velnor/release-manifest.json
     create mode 100644 Cargo.toml
     create mode 100644 crates/c000/Cargo.toml
     create mode 100644 crates/c000/src/lib.rs
     create mode 100644 crates/c001/Cargo.toml
     create mode 100644 crates/c001/src/lib.rs
     create mode 100644 crates/c002/Cargo.toml
     create mode 100644 crates/c002/src/lib.rs
     create mode 100644 crates/c003/Cargo.toml
     create mode 100644 crates/c003/src/lib.rs
     create mode 100644 crates/c004/Cargo.toml
     create mode 100644 crates/c004/src/lib.rs
     create mode 100644 crates/c005/Cargo.toml
     create mode 100644 crates/c005/src/lib.rs
     create mode 100644 crates/c006/Cargo.toml
     create mode 100644 crates/c006/src/lib.rs
     create mode 100644 crates/c007/Cargo.toml
     create mode 100644 crates/c007/src/lib.rs
     create mode 100644 crates/c008/Cargo.toml
     create mode 100644 crates/c008/src/lib.rs
     create mode 100644 crates/c009/Cargo.toml
     create mode 100644 crates/c009/src/lib.rs
     create mode 100644 src/lib.rs
    [testmain 4f8ce53] two
     1 file changed, 1 insertion(+)
    test impl_bench_p13::bench_empty_caches_cold_plan ... ok

    test result: ok. 1 passed; 0 failed; 0 ignored; 0 measured; 674 filtered out; finished in 1.16s

  stderr ───
    bench: case=cold crates=10 setup_ms=119 plan_ms=965 metadata_ms=44 rss_kb=65168 obligations=44 selected=44 digest=cd8b34ba18f0982d plan_internal_us=751435 prepare_us=134597 metadata_commands=1 metadata_run_us=66957 metadata_parse_us=284 generator_sha_calls=1 generator_sha_us=332351 queue=na transfer_b=0 note=first-plan

        PASS [   1.552s] (2/2) velnor-actions-orchestrator::velnor_orchestrator impl_perf_p13::perf_harness_p13::phase_timing_tests::phase_timing_preserves_plan_and_workspace_inventory_reuse
────────────
     Summary [   1.556s] 2 tests run: 2 passed, 1204 skipped
mbx[cache]: 0 hits, 4 misses; 0 B downloaded, 0 B uploaded, 189.0 MiB stored locally
mbx[savings]: disposed of 85.6 GiB logical without being asked. that is rather the point.
