source_worktree_path	worktree_name	head_commit	original_relative_path	status_xy	index_stage	index_mode	index_blob_oid	object_type	archived_sha256	archived_bytes	archived_index_source_path
/private/tmp/velnor-scheduler-cleanup-composite	velnor-scheduler-cleanup-composite	7581150e73df43aeaa8a7b8ab80157c87afa02d7	crates/velnor-runner/crates/velnor-runner-cli/src/args.rs	M 	0	100644	1513114b8f3f57d59ea438f75a409374a557b288	blob	dc3eabb8b77e641c62367cf9622e418a740795e3986193ed9dc75c0d6243b1c6	3490	velnor-scheduler-cleanup-composite/index/stage-0/crates/velnor-runner/crates/velnor-runner-cli/src/args.rs.source
/private/tmp/velnor-scheduler-cleanup-composite	velnor-scheduler-cleanup-composite	7581150e73df43aeaa8a7b8ab80157c87afa02d7	crates/velnor-runner/crates/velnor-runner-cli/src/daemon_run.rs	M 	0	100644	52bbe013d05f335eeec77271de7c559abf95d08b	blob	1068bb9f67086bf65e0c5535ac0713c873c4ccd201d252e225d6e6209377c7b7	6412	velnor-scheduler-cleanup-composite/index/stage-0/crates/velnor-runner/crates/velnor-runner-cli/src/daemon_run.rs.source
/private/tmp/velnor-scheduler-cleanup-composite	velnor-scheduler-cleanup-composite	7581150e73df43aeaa8a7b8ab80157c87afa02d7	crates/velnor-runner/crates/velnor-runner-cli/src/dispatch.rs	M 	0	100644	913a729cba69527ba5c92573f8a88ef5d697ff24	blob	487c3ac37a00cad3d5a2028e26198ddc9c167e6b08b821d2390bccfe1ba7c7cb	8898	velnor-scheduler-cleanup-composite/index/stage-0/crates/velnor-runner/crates/velnor-runner-cli/src/dispatch.rs.source
/private/tmp/velnor-scheduler-cleanup-composite	velnor-scheduler-cleanup-composite	7581150e73df43aeaa8a7b8ab80157c87afa02d7	crates/velnor-runner/crates/velnor-runner-cli/src/dispatch/connect_tests.rs	M 	0	100644	b98b8922c278682e4bc9bbe25277730c340dd81a	blob	7b092535591fd572d5504c5ff35bc05eeb093fac64b1c16d24071fbbba560ec1	6412	velnor-scheduler-cleanup-composite/index/stage-0/crates/velnor-runner/crates/velnor-runner-cli/src/dispatch/connect_tests.rs.source
/private/tmp/velnor-scheduler-cleanup-composite	velnor-scheduler-cleanup-composite	7581150e73df43aeaa8a7b8ab80157c87afa02d7	crates/velnor-runner/crates/velnor-runner-host/examples/launch_once.rs	M 	0	100644	52b6bf59336b0e48290e6a5abe6cfa03b0afeb31	blob	c1e6c4c122e3cd495f9738e4a403c451ad794c2c909313d31fe32bec9a55d37e	3242	velnor-scheduler-cleanup-composite/index/stage-0/crates/velnor-runner/crates/velnor-runner-host/examples/launch_once.rs.source
/private/tmp/velnor-scheduler-cleanup-composite	velnor-scheduler-cleanup-composite	7581150e73df43aeaa8a7b8ab80157c87afa02d7	crates/velnor-runner/crates/velnor-runner-host/src/action_archive_seed.rs	M 	0	100644	02eabb2184bfdc585a28d3088448852d43dc0873	blob	c6933ae608d66a4dd3d60e646b76d674e3c768d5267cada67f7d78c2030dadf0	9702	velnor-scheduler-cleanup-composite/index/stage-0/crates/velnor-runner/crates/velnor-runner-host/src/action_archive_seed.rs.source
/private/tmp/velnor-scheduler-cleanup-composite	velnor-scheduler-cleanup-composite	7581150e73df43aeaa8a7b8ab80157c87afa02d7	crates/velnor-runner/crates/velnor-runner-host/src/config.rs	M 	0	100644	f159ee2dd2b85b73cb680272350c6cd9b0e76aa6	blob	dc90608122cd7fcf1e7eda86b11d8996d91f58eb8716dbed161358bfbd16f0aa	4012	velnor-scheduler-cleanup-composite/index/stage-0/crates/velnor-runner/crates/velnor-runner-host/src/config.rs.source
/private/tmp/velnor-scheduler-cleanup-composite	velnor-scheduler-cleanup-composite	7581150e73df43aeaa8a7b8ab80157c87afa02d7	crates/velnor-runner/crates/velnor-runner-host/src/connect_tests.rs	M 	0	100644	536d7f6e3b39d49d6f44663e73261f9e9acfef69	blob	8bb0ddda3a1a38cca5055910258d6c302860103bdf04c3d4979c92bc7b6a7fac	7498	velnor-scheduler-cleanup-composite/index/stage-0/crates/velnor-runner/crates/velnor-runner-host/src/connect_tests.rs.source
/private/tmp/velnor-scheduler-cleanup-composite	velnor-scheduler-cleanup-composite	7581150e73df43aeaa8a7b8ab80157c87afa02d7	crates/velnor-runner/crates/velnor-runner-host/src/launch.rs	M 	0	100644	b04ba39369b9707807b090c992e76caff937f78d	blob	112856e87d197ddeea59815b7040e5ad433de77734319f82e3db76efad862096	10734	velnor-scheduler-cleanup-composite/index/stage-0/crates/velnor-runner/crates/velnor-runner-host/src/launch.rs.source
/private/tmp/velnor-scheduler-cleanup-composite	velnor-scheduler-cleanup-composite	7581150e73df43aeaa8a7b8ab80157c87afa02d7	crates/velnor-runner/crates/velnor-runner-host/src/launch/completion/tests/engine.rs	 M	0	100644	29094452d8bca8f3c993e5aa9be184e07377ac8b	blob	cd2413747c53048fdb1b50a254b757f4acc010cffd7d23c05b1df76f4552a9fd	7035	velnor-scheduler-cleanup-composite/index/stage-0/crates/velnor-runner/crates/velnor-runner-host/src/launch/completion/tests/engine.rs.source
/private/tmp/velnor-scheduler-cleanup-composite	velnor-scheduler-cleanup-composite	7581150e73df43aeaa8a7b8ab80157c87afa02d7	crates/velnor-runner/crates/velnor-runner-host/src/launch/lane.rs	A 	0	100644	367c4038348a54fb2c052a8ccef54631822c3003	blob	d8c4015a65e1deb565f971d16b571d7540ed376f874630a7485de47cd7b1a20c	1640	velnor-scheduler-cleanup-composite/index/stage-0/crates/velnor-runner/crates/velnor-runner-host/src/launch/lane.rs.source
/private/tmp/velnor-scheduler-cleanup-composite	velnor-scheduler-cleanup-composite	7581150e73df43aeaa8a7b8ab80157c87afa02d7	crates/velnor-runner/crates/velnor-runner-host/src/launch/turn.rs	M 	0	100644	999dff9d48f6f010eea0f3311348291a7ed1837b	blob	cdbbd4febd86c47884208693f29b31270945f52226e62d1a0b427c812789793f	12205	velnor-scheduler-cleanup-composite/index/stage-0/crates/velnor-runner/crates/velnor-runner-host/src/launch/turn.rs.source
/private/tmp/velnor-scheduler-cleanup-composite	velnor-scheduler-cleanup-composite	7581150e73df43aeaa8a7b8ab80157c87afa02d7	crates/velnor-runner/crates/velnor-runner-host/src/launch/turn/budget_tests.rs	A 	0	100644	c0e73dc4918c83c331c43091722e44a06e021afd	blob	9d0a65c9b59776af39c84e7fd4ceed7e2cdc250d5410cbbf18c28e7eec5c3145	3007	velnor-scheduler-cleanup-composite/index/stage-0/crates/velnor-runner/crates/velnor-runner-host/src/launch/turn/budget_tests.rs.source
/private/tmp/velnor-scheduler-cleanup-composite	velnor-scheduler-cleanup-composite	7581150e73df43aeaa8a7b8ab80157c87afa02d7	crates/velnor-runner/crates/velnor-runner-host/src/launch/turn/policy.rs	A 	0	100644	b84700f91fdf8b889a565ad2120fa4fcd8075b9b	blob	9e88fd9dd5b47adda92dc339e419fe843f5b98572c6fbc3ddb4875aa6ba05ed8	1221	velnor-scheduler-cleanup-composite/index/stage-0/crates/velnor-runner/crates/velnor-runner-host/src/launch/turn/policy.rs.source
/private/tmp/velnor-scheduler-cleanup-composite	velnor-scheduler-cleanup-composite	7581150e73df43aeaa8a7b8ab80157c87afa02d7	crates/velnor-runner/crates/velnor-runner-host/src/launch_blocking.rs	M 	0	100644	6138fd81fb5f22846a3e5fe86106e66baab2a809	blob	68c3077fc42a76d89a1fbf26bd7c70d2e00a812fb418e6b77a721dd6a3e87a5f	2300	velnor-scheduler-cleanup-composite/index/stage-0/crates/velnor-runner/crates/velnor-runner-host/src/launch_blocking.rs.source
/private/tmp/velnor-scheduler-cleanup-composite	velnor-scheduler-cleanup-composite	7581150e73df43aeaa8a7b8ab80157c87afa02d7	crates/velnor-runner/crates/velnor-runner-host/src/launch_harness.rs	M 	0	100644	e09ff715ff98f900f5ae608c8d54933f538b03b5	blob	cd8eb616bb7dbf3c2f6f73c551ea428b692f1a046ead345112dad8577b66989a	6851	velnor-scheduler-cleanup-composite/index/stage-0/crates/velnor-runner/crates/velnor-runner-host/src/launch_harness.rs.source
/private/tmp/velnor-scheduler-cleanup-composite	velnor-scheduler-cleanup-composite	7581150e73df43aeaa8a7b8ab80157c87afa02d7	crates/velnor-runner/crates/velnor-runner-host/src/stage.rs	MM	0	100644	532dea6a302813144a0bf6f45740b0cb39441234	blob	6adf85a0a94d49d0dff37cdde4fcf09c5daa9e7b26d3dd637e2f5eb679b15b35	9814	velnor-scheduler-cleanup-composite/index/stage-0/crates/velnor-runner/crates/velnor-runner-host/src/stage.rs.source
/private/tmp/velnor-scheduler-cleanup-composite	velnor-scheduler-cleanup-composite	7581150e73df43aeaa8a7b8ab80157c87afa02d7	crates/velnor-runner/crates/velnor-runner-host/src/stage/cleanup.rs	MM	0	100644	433d7ee92476adef481f1362ad2aedf33b6a88b8	blob	94271c6af80a80b3970bc67ba651a166cca7c68e2d793fa3f067e54ae9471a42	2832	velnor-scheduler-cleanup-composite/index/stage-0/crates/velnor-runner/crates/velnor-runner-host/src/stage/cleanup.rs.source
/private/tmp/velnor-scheduler-cleanup-composite	velnor-scheduler-cleanup-composite	7581150e73df43aeaa8a7b8ab80157c87afa02d7	crates/velnor-runner/crates/velnor-runner-host/src/stage/engine.rs	AM	0	100644	302125d9df1b65dd6c173efec836faafeb59d7dc	blob	3e64f7404a8875a775103f2d608411aa27574da9168adaa1036d9def1957da75	4901	velnor-scheduler-cleanup-composite/index/stage-0/crates/velnor-runner/crates/velnor-runner-host/src/stage/engine.rs.source
/private/tmp/velnor-scheduler-cleanup-composite	velnor-scheduler-cleanup-composite	7581150e73df43aeaa8a7b8ab80157c87afa02d7	crates/velnor-runner/crates/velnor-runner-host/src/stage/reconcile.rs	M 	0	100644	58e5ae0c01bc52115fb5ff0862d4f6a01727785a	blob	782bb03d7c0a2b2794567d099b35fa1d228438fde2640b70992b23e575d7b3fd	6497	velnor-scheduler-cleanup-composite/index/stage-0/crates/velnor-runner/crates/velnor-runner-host/src/stage/reconcile.rs.source
/private/tmp/velnor-scheduler-cleanup-composite	velnor-scheduler-cleanup-composite	7581150e73df43aeaa8a7b8ab80157c87afa02d7	crates/velnor-runner/crates/velnor-runner-host/src/stage_tests.rs	M 	0	100644	eba47101814a6679d12b55eec917a6b368c80cd7	blob	e63fca724dc8b74161a4354850fec9c028afa3b9b8ae2716ab4fd4c3be10d48c	547	velnor-scheduler-cleanup-composite/index/stage-0/crates/velnor-runner/crates/velnor-runner-host/src/stage_tests.rs.source
/private/tmp/velnor-scheduler-cleanup-composite	velnor-scheduler-cleanup-composite	7581150e73df43aeaa8a7b8ab80157c87afa02d7	crates/velnor-runner/crates/velnor-runner-host/src/stage_tests/cleanup.rs	MM	0	100644	072eb72815a3026c7a146b7708effd0169a21b50	blob	dda87f78c0759a38e0eb6c30a8df6b8ba66227b5a2150ee78a23990be76df706	4529	velnor-scheduler-cleanup-composite/index/stage-0/crates/velnor-runner/crates/velnor-runner-host/src/stage_tests/cleanup.rs.source
/private/tmp/velnor-scheduler-cleanup-composite	velnor-scheduler-cleanup-composite	7581150e73df43aeaa8a7b8ab80157c87afa02d7	crates/velnor-runner/crates/velnor-runner-host/src/stage_tests/fake.rs	 M	0	100644	4b8a7e17a91ee9b57535dad1b5431c333374d154	blob	9479c48056c01529a7f627a72ccee20825b68fa9b393bfc0877155e8fca3b82f	9365	velnor-scheduler-cleanup-composite/index/stage-0/crates/velnor-runner/crates/velnor-runner-host/src/stage_tests/fake.rs.source
/private/tmp/velnor-scheduler-cleanup-composite	velnor-scheduler-cleanup-composite	7581150e73df43aeaa8a7b8ab80157c87afa02d7	crates/velnor-runner/crates/velnor-runner-host/src/stage_tests/preparation.rs	MM	0	100644	d667ec8bad81dd5485e878ee8c1695082f90961d	blob	7765f2e68b2d86b09ab3ba26079cff00e3e23572390b49061014fe9129478847	3796	velnor-scheduler-cleanup-composite/index/stage-0/crates/velnor-runner/crates/velnor-runner-host/src/stage_tests/preparation.rs.source
/private/tmp/velnor-scheduler-cleanup-composite	velnor-scheduler-cleanup-composite	7581150e73df43aeaa8a7b8ab80157c87afa02d7	crates/velnor-runner/crates/velnor-runner-host/src/stage_tests/reconcile.rs	M 	0	100644	ff809ad541ce61f208cf280b257da1af6463488a	blob	12149db40c42d6f15a0ba79fa72975841c7e68889bb85c5cb64aac972e9ee94e	5723	velnor-scheduler-cleanup-composite/index/stage-0/crates/velnor-runner/crates/velnor-runner-host/src/stage_tests/reconcile.rs.source
/private/tmp/velnor-scheduler-cleanup-composite	velnor-scheduler-cleanup-composite	7581150e73df43aeaa8a7b8ab80157c87afa02d7	crates/velnor-runner/crates/velnor-runner-host/src/stage_tests/runner.rs	M 	0	100644	77358212f88ebfe7aa382829f465ed52ef3409ab	blob	f40571fc3ce6b7a62907d3bd4501e66abf49b57a1abf70bab263193007a64c16	4153	velnor-scheduler-cleanup-composite/index/stage-0/crates/velnor-runner/crates/velnor-runner-host/src/stage_tests/runner.rs.source
/private/tmp/velnor-scheduler-cleanup-composite	velnor-scheduler-cleanup-composite	7581150e73df43aeaa8a7b8ab80157c87afa02d7	crates/velnor-runner/crates/velnor-runner-host/src/worker.rs	MM	0	100644	22c6c96347262dadc4ce3338fc19b6b185167ff9	blob	7b99e111da3bc5f436801fb8ada09e9f7e34f48b46f5603b4075317db0577109	12681	velnor-scheduler-cleanup-composite/index/stage-0/crates/velnor-runner/crates/velnor-runner-host/src/worker.rs.source
/private/tmp/velnor-scheduler-cleanup-composite	velnor-scheduler-cleanup-composite	7581150e73df43aeaa8a7b8ab80157c87afa02d7	crates/velnor-runner/crates/velnor-runner-host/src/worker/prepared.rs	M 	0	100644	d9eb01cccf978082a605b918e4ac33adfa4c853b	blob	985a2e7f1270b362541663f59e23b1f632cec12a2f709e607482b3fdfa865383	2645	velnor-scheduler-cleanup-composite/index/stage-0/crates/velnor-runner/crates/velnor-runner-host/src/worker/prepared.rs.source
/private/tmp/velnor-scheduler-cleanup-composite	velnor-scheduler-cleanup-composite	7581150e73df43aeaa8a7b8ab80157c87afa02d7	crates/velnor-runner/crates/velnor-runner-host/src/worker/projection.rs	M 	0	100644	1a6628f2723f2fc321efecea9e348d296cde3dd8	blob	c88dd3552d56d5a5e9b5f1ecad12ad0dbb759ae5a59c043d04665eb68f1a2d88	5388	velnor-scheduler-cleanup-composite/index/stage-0/crates/velnor-runner/crates/velnor-runner-host/src/worker/projection.rs.source
/private/tmp/velnor-scheduler-cleanup-composite	velnor-scheduler-cleanup-composite	7581150e73df43aeaa8a7b8ab80157c87afa02d7	crates/velnor-runner/crates/velnor-runner-host/src/worker/projection_tests.rs	M 	0	100644	2cc9d704c91e27522ce63ef40545e2fb5cd84217	blob	21cd763b010272d9bf68bed3a6e3d3f96c0439ebb16030c35ccaa9216cc2ba17	8225	velnor-scheduler-cleanup-composite/index/stage-0/crates/velnor-runner/crates/velnor-runner-host/src/worker/projection_tests.rs.source
/private/tmp/velnor-scheduler-cleanup-composite	velnor-scheduler-cleanup-composite	7581150e73df43aeaa8a7b8ab80157c87afa02d7	crates/velnor-runner/crates/velnor-runner-host/src/worker/resource_budget/mod.rs	A 	0	100644	01ddd1ddd3472284730e59471c613831b760704c	blob	b04f00aa880ddb3c75661edb5cf2b66f1eda5513bfc3f65a4340064f19aaf8b5	6861	velnor-scheduler-cleanup-composite/index/stage-0/crates/velnor-runner/crates/velnor-runner-host/src/worker/resource_budget/mod.rs.source
/private/tmp/velnor-scheduler-cleanup-composite	velnor-scheduler-cleanup-composite	7581150e73df43aeaa8a7b8ab80157c87afa02d7	crates/velnor-runner/crates/velnor-runner-host/src/worker/resource_budget/tests.rs	A 	0	100644	366de907c3a502b62b9b1f5c5d9586073f4d8a1e	blob	9c6b89db3ee370e6ba056ac7b69a48f65156f7ea4fb1f7172ed945d0110adf86	5835	velnor-scheduler-cleanup-composite/index/stage-0/crates/velnor-runner/crates/velnor-runner-host/src/worker/resource_budget/tests.rs.source
/private/tmp/velnor-scheduler-cleanup-composite	velnor-scheduler-cleanup-composite	7581150e73df43aeaa8a7b8ab80157c87afa02d7	crates/velnor-runner/crates/velnor-runner-host/src/worker/resources.rs	MM	0	100644	ce4723a734eecbdc0f903097091e9a93c15f4420	blob	8def83b16a46d4511c3a815b925767b24b3a5c948e445acc8aa502cae9cba050	9790	velnor-scheduler-cleanup-composite/index/stage-0/crates/velnor-runner/crates/velnor-runner-host/src/worker/resources.rs.source
/private/tmp/velnor-scheduler-cleanup-composite	velnor-scheduler-cleanup-composite	7581150e73df43aeaa8a7b8ab80157c87afa02d7	crates/velnor-runner/crates/velnor-runner-host/src/worker/resources/containers.rs	M 	0	100644	2c3382dfffc88c1a76ce36ea8a5f72f8381cf67c	blob	36bb73a29aac0eb4c5add1aec0d85681f1a6d559d7d00d2dd7922dfeddc6a403	13372	velnor-scheduler-cleanup-composite/index/stage-0/crates/velnor-runner/crates/velnor-runner-host/src/worker/resources/containers.rs.source
/private/tmp/velnor-scheduler-cleanup-composite	velnor-scheduler-cleanup-composite	7581150e73df43aeaa8a7b8ab80157c87afa02d7	crates/velnor-runner/crates/velnor-runner-host/src/worker/resources/containers_cgroupns_tests.rs	M 	0	100644	813305500c3c796cb26f877f13f10e3370914c54	blob	b58dd2f14eacee1fa79299321e8667cb5c2e5dfb0ce0ffd70ed3014b570acff6	984	velnor-scheduler-cleanup-composite/index/stage-0/crates/velnor-runner/crates/velnor-runner-host/src/worker/resources/containers_cgroupns_tests.rs.source
/private/tmp/velnor-scheduler-cleanup-composite	velnor-scheduler-cleanup-composite	7581150e73df43aeaa8a7b8ab80157c87afa02d7	crates/velnor-runner/crates/velnor-runner-host/src/worker/resources/containers_identity.rs	A 	0	100644	e8b458cae834e508883b0053e9311d408679dbbe	blob	58b243fa9506dca374196b660104cbe2a664be70ba0ff9c82503300629f9d856	767	velnor-scheduler-cleanup-composite/index/stage-0/crates/velnor-runner/crates/velnor-runner-host/src/worker/resources/containers_identity.rs.source
/private/tmp/velnor-scheduler-cleanup-composite	velnor-scheduler-cleanup-composite	7581150e73df43aeaa8a7b8ab80157c87afa02d7	crates/velnor-runner/crates/velnor-runner-host/src/worker/resources/containers_limits.rs	A 	0	100644	fd41e304cf1802008763152e7c1cc12c223c1807	blob	4cd8a44283ae60c963a1d81d6625890d33692391baf85f089563ab8720a6b218	740	velnor-scheduler-cleanup-composite/index/stage-0/crates/velnor-runner/crates/velnor-runner-host/src/worker/resources/containers_limits.rs.source
/private/tmp/velnor-scheduler-cleanup-composite	velnor-scheduler-cleanup-composite	7581150e73df43aeaa8a7b8ab80157c87afa02d7	crates/velnor-runner/crates/velnor-runner-host/src/worker/resources/containers_resource_tests.rs	A 	0	100644	f82f2731212730ec148095386cc5ca2fa46bf313	blob	d1c7001eeea4bc22ed794638da719f69efdfab4b3f549dc85be57fd9cf206160	2398	velnor-scheduler-cleanup-composite/index/stage-0/crates/velnor-runner/crates/velnor-runner-host/src/worker/resources/containers_resource_tests.rs.source
/private/tmp/velnor-scheduler-cleanup-composite	velnor-scheduler-cleanup-composite	7581150e73df43aeaa8a7b8ab80157c87afa02d7	crates/velnor-runner/crates/velnor-runner-host/src/worker/resources/containers_tests.rs	M 	0	100644	ab3aca0f2e7e845201a4628f1c2ec28d7a2e850f	blob	451a09a29064c3335a642065f87da9afda3fe44568f2f6a31e9c2b23769cf489	12440	velnor-scheduler-cleanup-composite/index/stage-0/crates/velnor-runner/crates/velnor-runner-host/src/worker/resources/containers_tests.rs.source
/private/tmp/velnor-scheduler-cleanup-composite	velnor-scheduler-cleanup-composite	7581150e73df43aeaa8a7b8ab80157c87afa02d7	crates/velnor-runner/crates/velnor-runner-host/src/worker_tests.rs	M 	0	100644	dab3fa33f7aba1c5ceac231e1ba3735d463ff9ab	blob	c726cdcae3e57fdc18bbd01e84d947a528278021c97757147dc90eb73fbcfe1a	8899	velnor-scheduler-cleanup-composite/index/stage-0/crates/velnor-runner/crates/velnor-runner-host/src/worker_tests.rs.source
/private/tmp/velnor-scheduler-cleanup-composite	velnor-scheduler-cleanup-composite	7581150e73df43aeaa8a7b8ab80157c87afa02d7	docs/proposed/macos-scaleset-runner.md	M 	0	100644	0d543d77662a58040e3ca1da7461ab1d8c1dd036	blob	53886d5fc43415e224ef7e5962d5263a73b9b596d9ad43c7115ba40e45cfbea4	10157	velnor-scheduler-cleanup-composite/index/stage-0/docs/proposed/macos-scaleset-runner.md.source
/private/tmp/velnor-scheduler-combined	velnor-scheduler-combined	2f0317f336b6f803376db85ac5404014768c06f4	crates/velnor-runner/crates/velnor-runner-host/src/journal_completion_effect_tests.rs	MM	0	100644	68abf821511652b9b12a99ed777151b44f87a639	blob	0381d0bab156398243badab794477e2ccb5c6dd328d5ddac5c3517e2a897e414	7664	velnor-scheduler-combined/index/stage-0/crates/velnor-runner/crates/velnor-runner-host/src/journal_completion_effect_tests.rs.source
/private/tmp/velnor-scheduler-completion-test	velnor-scheduler-completion-test	8a1d4e92f8a01c011de4e99e650ac78fa295a588	crates/velnor-runner/crates/velnor-runner-host/src/https.rs	M 	0	100644	2465a021f5bf196a3c0e7281339282efc652be44	blob	92f12e65ad25c379d0f03bb6d40cd7b40da5fce3eb87d5ee573c6619bac381da	8381	velnor-scheduler-completion-test/index/stage-0/crates/velnor-runner/crates/velnor-runner-host/src/https.rs.source
/private/tmp/velnor-scheduler-completion-test	velnor-scheduler-completion-test	8a1d4e92f8a01c011de4e99e650ac78fa295a588	crates/velnor-runner/crates/velnor-runner-host/src/https_tests.rs	M 	0	100644	2a69c1c504adbb28e79b4d2104266da9cc95edd4	blob	879369defd2059f821112df34b18c6735bc9299c1464f6667c07523205d15a20	1776	velnor-scheduler-completion-test/index/stage-0/crates/velnor-runner/crates/velnor-runner-host/src/https_tests.rs.source
/private/tmp/velnor-scheduler-completion-test	velnor-scheduler-completion-test	8a1d4e92f8a01c011de4e99e650ac78fa295a588	crates/velnor-runner/crates/velnor-runner-host/src/journal.rs	M 	0	100644	552cad510b344d0e43197c924dcb00dc3e8bcc0c	blob	72649858ae39eab78712bf9c960ccfa874c90c58dac892aa7f746f7b76d6333a	13379	velnor-scheduler-completion-test/index/stage-0/crates/velnor-runner/crates/velnor-runner-host/src/journal.rs.source
/private/tmp/velnor-scheduler-completion-test	velnor-scheduler-completion-test	8a1d4e92f8a01c011de4e99e650ac78fa295a588	crates/velnor-runner/crates/velnor-runner-host/src/journal_assignment.rs	M 	0	100644	fe0e2aaff1f1d0722f98ff3b048cfc813ac8ac12	blob	4082b50e7497a68c622ea6b8c5b4132e4023f4836b080002b320b89c668fff90	11035	velnor-scheduler-completion-test/index/stage-0/crates/velnor-runner/crates/velnor-runner-host/src/journal_assignment.rs.source
/private/tmp/velnor-scheduler-completion-test	velnor-scheduler-completion-test	8a1d4e92f8a01c011de4e99e650ac78fa295a588	crates/velnor-runner/crates/velnor-runner-host/src/journal_completion.rs	A 	0	100644	1e5b5cbe2386cce21368246146be74054daf2754	blob	a361516acb237c0c74802b73568d37c68445ad7eb0f84e970ca8df3d67bfcf05	8741	velnor-scheduler-completion-test/index/stage-0/crates/velnor-runner/crates/velnor-runner-host/src/journal_completion.rs.source
/private/tmp/velnor-scheduler-completion-test	velnor-scheduler-completion-test	8a1d4e92f8a01c011de4e99e650ac78fa295a588	crates/velnor-runner/crates/velnor-runner-host/src/journal_completion_tests.rs	A 	0	100644	a319eee59c43a9e02b2eea992589eaf983dc6d68	blob	9be95674113db4f833c73fdb2d31802e1d021b0fb28bc8c37dfab5a587ec766f	6471	velnor-scheduler-completion-test/index/stage-0/crates/velnor-runner/crates/velnor-runner-host/src/journal_completion_tests.rs.source
/private/tmp/velnor-scheduler-completion-test	velnor-scheduler-completion-test	8a1d4e92f8a01c011de4e99e650ac78fa295a588	crates/velnor-runner/crates/velnor-runner-host/src/journal_effects.rs	M 	0	100644	b53135dcbf990f4af24cab2838d652ed968ec7d5	blob	35754e139ca9b804c6e2cd2b1823e76d887f705485525a23915068c0d5d462da	4301	velnor-scheduler-completion-test/index/stage-0/crates/velnor-runner/crates/velnor-runner-host/src/journal_effects.rs.source
/private/tmp/velnor-scheduler-completion-test	velnor-scheduler-completion-test	8a1d4e92f8a01c011de4e99e650ac78fa295a588	crates/velnor-runner/crates/velnor-runner-host/src/journal_schema.rs	M 	0	100644	a27d5935d454e4fb81a23f61c17acd388e55107c	blob	aab53370cf9b8b2fa2dde0bf6862c63d7b062985d8e8aca0a4d87f357898cf43	12121	velnor-scheduler-completion-test/index/stage-0/crates/velnor-runner/crates/velnor-runner-host/src/journal_schema.rs.source
/private/tmp/velnor-scheduler-completion-test	velnor-scheduler-completion-test	8a1d4e92f8a01c011de4e99e650ac78fa295a588	crates/velnor-runner/crates/velnor-runner-host/src/journal_sql.rs	M 	0	100644	b44e8874f1b0473c252ecd2ae9781ccd3665a5ae	blob	9b062b8e1ca92cadfb7bfe5b2162b0f256f0e4612ec3b2cc37978448c50d4d02	3326	velnor-scheduler-completion-test/index/stage-0/crates/velnor-runner/crates/velnor-runner-host/src/journal_sql.rs.source
/private/tmp/velnor-scheduler-completion-test	velnor-scheduler-completion-test	8a1d4e92f8a01c011de4e99e650ac78fa295a588	crates/velnor-runner/crates/velnor-runner-host/src/launch.rs	M 	0	100644	82a0d3f7bcb3a0e6914636792d3f7c556f1eaf9b	blob	3583873d149778926f9c0b3082c63f96eb63bb07013c5443140c9e827621dda9	11286	velnor-scheduler-completion-test/index/stage-0/crates/velnor-runner/crates/velnor-runner-host/src/launch.rs.source
/private/tmp/velnor-scheduler-completion-test	velnor-scheduler-completion-test	8a1d4e92f8a01c011de4e99e650ac78fa295a588	crates/velnor-runner/crates/velnor-runner-host/src/launch/capacity.rs	M 	0	100644	e8fddb3d422f758f5a1e1c9084fe117c1b5b0d14	blob	774bb39e9d1cb126dbf0d7066d7b4e661e0672f539c8d417aeb7a50924b2f751	12241	velnor-scheduler-completion-test/index/stage-0/crates/velnor-runner/crates/velnor-runner-host/src/launch/capacity.rs.source
/private/tmp/velnor-scheduler-completion-test	velnor-scheduler-completion-test	8a1d4e92f8a01c011de4e99e650ac78fa295a588	crates/velnor-runner/crates/velnor-runner-host/src/launch/completion.rs	A 	0	100644	93a3d7e0f9c5c87a544383bd5b63d96f77f7b38a	blob	71b4c6358054d2b99ce9b4bde67ff03e1c7f9cf0c1f21e8b962167d56c3002c0	9708	velnor-scheduler-completion-test/index/stage-0/crates/velnor-runner/crates/velnor-runner-host/src/launch/completion.rs.source
/private/tmp/velnor-scheduler-completion-test	velnor-scheduler-completion-test	8a1d4e92f8a01c011de4e99e650ac78fa295a588	crates/velnor-runner/crates/velnor-runner-host/src/launch/completion/tests.rs	A 	0	100644	030f00595a05246b602bcd239ccfc759dd552b12	blob	87ff6c39573949da419d6e9fd0154a00f09de0c52bf67276b41bf9b3d593fa78	12552	velnor-scheduler-completion-test/index/stage-0/crates/velnor-runner/crates/velnor-runner-host/src/launch/completion/tests.rs.source
/private/tmp/velnor-scheduler-completion-test	velnor-scheduler-completion-test	8a1d4e92f8a01c011de4e99e650ac78fa295a588	crates/velnor-runner/crates/velnor-runner-host/src/launch/completion/tests/fair.rs	A 	0	100644	446ac135da5ecd934c05b504c7797d40218f1471	blob	07b438da2c84f9a39c9aa4fb9a731bf2cb8907df2567ff2dceb62d3e72253868	6138	velnor-scheduler-completion-test/index/stage-0/crates/velnor-runner/crates/velnor-runner-host/src/launch/completion/tests/fair.rs.source
/private/tmp/velnor-scheduler-completion-test	velnor-scheduler-completion-test	8a1d4e92f8a01c011de4e99e650ac78fa295a588	crates/velnor-runner/crates/velnor-runner-host/src/launch/completion/tests/lease.rs	A 	0	100644	e374f84e4a3c3fd6d2aac24ff4301c77a5198c60	blob	4cb5b664bd9aa841e4ff83a311499e0b3d173e58df2f581b39c21de9bff355d0	1406	velnor-scheduler-completion-test/index/stage-0/crates/velnor-runner/crates/velnor-runner-host/src/launch/completion/tests/lease.rs.source
/private/tmp/velnor-scheduler-completion-test	velnor-scheduler-completion-test	8a1d4e92f8a01c011de4e99e650ac78fa295a588	crates/velnor-runner/crates/velnor-runner-host/src/launch/completion/tests/retry.rs	A 	0	100644	915d9da015f5948c133646a19e7692c9a20cea17	blob	16b091aa2d447696cc6f54c5181b6627c76648a9a80bc55a56fef313ac33b371	2955	velnor-scheduler-completion-test/index/stage-0/crates/velnor-runner/crates/velnor-runner-host/src/launch/completion/tests/retry.rs.source
/private/tmp/velnor-scheduler-completion-test	velnor-scheduler-completion-test	8a1d4e92f8a01c011de4e99e650ac78fa295a588	crates/velnor-runner/crates/velnor-runner-host/src/launch/completion/tests/stalled.rs	A 	0	100644	c9ccf1e6a4e61089fc2788401a7cf51a208661f0	blob	e64f835ee8b43e5d0075e72ceddd074602a1016457a29869a01d635e00a2b141	5196	velnor-scheduler-completion-test/index/stage-0/crates/velnor-runner/crates/velnor-runner-host/src/launch/completion/tests/stalled.rs.source
/private/tmp/velnor-scheduler-completion-test	velnor-scheduler-completion-test	8a1d4e92f8a01c011de4e99e650ac78fa295a588	crates/velnor-runner/crates/velnor-runner-host/src/launch/steps.rs	M 	0	100644	93114f5dcee2da79f8930a05f43cfac9472e2cdd	blob	e50251c58872fac26564c4500ba691d7ee69a93be8f2583ce619f76e93112af1	8850	velnor-scheduler-completion-test/index/stage-0/crates/velnor-runner/crates/velnor-runner-host/src/launch/steps.rs.source
/private/tmp/velnor-scheduler-completion-test	velnor-scheduler-completion-test	8a1d4e92f8a01c011de4e99e650ac78fa295a588	crates/velnor-runner/crates/velnor-runner-host/src/launch/steps_acquire.rs	M 	0	100644	8baf3508b71bad47be01c90de3070b0c46acccf2	blob	bd9fedf2a0543bcdb047a1a80d85cdd11fb4b6c39715fec9119f2d00a532d613	6001	velnor-scheduler-completion-test/index/stage-0/crates/velnor-runner/crates/velnor-runner-host/src/launch/steps_acquire.rs.source
/private/tmp/velnor-scheduler-completion-test	velnor-scheduler-completion-test	8a1d4e92f8a01c011de4e99e650ac78fa295a588	crates/velnor-runner/crates/velnor-runner-host/src/launch/turn.rs	M 	0	100644	9e66e6340befb19ffef7613a73d10eb70a498e81	blob	65a0369b5d711d3a29a3a4fe8c97656d07d2e95fd371c934de454f741b267df8	10329	velnor-scheduler-completion-test/index/stage-0/crates/velnor-runner/crates/velnor-runner-host/src/launch/turn.rs.source
/private/tmp/velnor-scheduler-completion-test	velnor-scheduler-completion-test	8a1d4e92f8a01c011de4e99e650ac78fa295a588	crates/velnor-runner/crates/velnor-runner-host/src/launch/turn/admission_tests.rs	M 	0	100644	99440450603ca4bea210658e6fce3374fe6d5b78	blob	8994d612665bfcf34b487a592a3f184fe8bcc2362863326e328418994a1bd8e4	8666	velnor-scheduler-completion-test/index/stage-0/crates/velnor-runner/crates/velnor-runner-host/src/launch/turn/admission_tests.rs.source
/private/tmp/velnor-scheduler-completion-test	velnor-scheduler-completion-test	8a1d4e92f8a01c011de4e99e650ac78fa295a588	crates/velnor-runner/crates/velnor-runner-host/src/lib.rs	M 	0	100644	8845c679a61829e8cc3978d2dd03e5ceb68bdb19	blob	7b5d55007f705a281b94d9f5d0189d1e1608563a383ccf3797146593bf5dbbf2	2617	velnor-scheduler-completion-test/index/stage-0/crates/velnor-runner/crates/velnor-runner-host/src/lib.rs.source
/private/tmp/velnor-scheduler-completion-test	velnor-scheduler-completion-test	8a1d4e92f8a01c011de4e99e650ac78fa295a588	crates/velnor-runner/crates/velnor-runner-host/src/reconcile.rs	M 	0	100644	1e83c7a9e414bd2abe3625945307cc5a35f3874e	blob	5838baab2998b0e6e7874deb3c722f1909a7f04586309875f7257723784d752c	4655	velnor-scheduler-completion-test/index/stage-0/crates/velnor-runner/crates/velnor-runner-host/src/reconcile.rs.source
/private/tmp/velnor-scheduler-completion-test	velnor-scheduler-completion-test	8a1d4e92f8a01c011de4e99e650ac78fa295a588	crates/velnor-runner/crates/velnor-runner-host/src/reconcile_tests.rs	M 	0	100644	2a2039e3ae140cfeef7e3f827bee2ced19ff37be	blob	1a5fd80945cd619e726dfb3cf9db9392825c634c884762bcc44a7ea3212de260	5705	velnor-scheduler-completion-test/index/stage-0/crates/velnor-runner/crates/velnor-runner-host/src/reconcile_tests.rs.source
/private/tmp/velnor-scheduler-completion-test	velnor-scheduler-completion-test	8a1d4e92f8a01c011de4e99e650ac78fa295a588	crates/velnor-runner/crates/velnor-runner-host/src/stage/reconcile.rs	M 	0	100644	b984917590895f1102bbeca4a07b7d06d78e2c91	blob	9bf595703ed58ea761f84562a77fa724b2b2264408aa5e3e155854794728a346	4614	velnor-scheduler-completion-test/index/stage-0/crates/velnor-runner/crates/velnor-runner-host/src/stage/reconcile.rs.source
/private/tmp/velnor-scheduler-diagnostic-d3f1	velnor-scheduler-diagnostic-d3f1	81f3119e5bfcc03f55828cf789769bd0da978979	crates/velnor-runner/crates/velnor-runner-host/src/action_archive_seed.rs	M 	0	100644	e44e01b8a404a4ad5b6e5f88f07f4219c732fbae	blob	ad332bad441c3e04e7bd0cbfefa652ec63bb9cd99b9244dd6bb0c33057d9f9d8	9777	velnor-scheduler-diagnostic-d3f1/index/stage-0/crates/velnor-runner/crates/velnor-runner-host/src/action_archive_seed.rs.source
/private/tmp/velnor-scheduler-diagnostic-d3f1	velnor-scheduler-diagnostic-d3f1	81f3119e5bfcc03f55828cf789769bd0da978979	crates/velnor-runner/crates/velnor-runner-host/src/action_archive_seed/open_existing.rs	A 	0	100644	bedb5a1f8dd24c61bf0b01f32c18ea6f395a571b	blob	50cd676b7afd8bd68c76827b7d35580e4410f29df081de2663d42173b99758f9	5868	velnor-scheduler-diagnostic-d3f1/index/stage-0/crates/velnor-runner/crates/velnor-runner-host/src/action_archive_seed/open_existing.rs.source
/private/tmp/velnor-scheduler-diagnostic-d3f1	velnor-scheduler-diagnostic-d3f1	81f3119e5bfcc03f55828cf789769bd0da978979	crates/velnor-runner/crates/velnor-runner-host/src/action_archive_seed_tests.rs	M 	0	100644	fc5a471d12d04a235a8739ccf0b9d5628e7d2b6a	blob	2f757a4f8707d751457137594205c66c709ffeeaaa9a390552936f007bc925ba	13432	velnor-scheduler-diagnostic-d3f1/index/stage-0/crates/velnor-runner/crates/velnor-runner-host/src/action_archive_seed_tests.rs.source
/private/tmp/velnor-scheduler-diagnostic-d3f1	velnor-scheduler-diagnostic-d3f1	81f3119e5bfcc03f55828cf789769bd0da978979	crates/velnor-runner/crates/velnor-runner-host/src/action_archive_seed_tests/open_existing_tests.rs	A 	0	100644	15b9b799df61f0a79a293d154f90ac987a0c141d	blob	9d4ed86a3bd93c9c8f2d5548290ea2de531510cd937c4bbfc36e7e0502b46d4d	6238	velnor-scheduler-diagnostic-d3f1/index/stage-0/crates/velnor-runner/crates/velnor-runner-host/src/action_archive_seed_tests/open_existing_tests.rs.source
/private/tmp/velnor-scheduler-diagnostic-d3f1	velnor-scheduler-diagnostic-d3f1	81f3119e5bfcc03f55828cf789769bd0da978979	crates/velnor-runner/crates/velnor-runner-host/src/journal_completion.rs	M 	0	100644	2aec42201124d625170d98f240dc4b41fa5dcbfb	blob	9300748ff1e1db473978ce352b672e0764d09faf5b9d1ef843504e4d7ba6c993	11266	velnor-scheduler-diagnostic-d3f1/index/stage-0/crates/velnor-runner/crates/velnor-runner-host/src/journal_completion.rs.source
/private/tmp/velnor-scheduler-diagnostic-d3f1	velnor-scheduler-diagnostic-d3f1	81f3119e5bfcc03f55828cf789769bd0da978979	crates/velnor-runner/crates/velnor-runner-host/src/journal_completion_claim_tests.rs	A 	0	100644	adf7f7ff46a3ab5b8c43a4fc642eed75c3beb205	blob	115811926209a5d4b8e4a415a94094fb0ac528a41e32eace97d48163e88f592c	6196	velnor-scheduler-diagnostic-d3f1/index/stage-0/crates/velnor-runner/crates/velnor-runner-host/src/journal_completion_claim_tests.rs.source
/private/tmp/velnor-scheduler-diagnostic-d3f1	velnor-scheduler-diagnostic-d3f1	81f3119e5bfcc03f55828cf789769bd0da978979	crates/velnor-runner/crates/velnor-runner-host/src/journal_completion_tests.rs	M 	0	100644	303476d64a4ed9503c5f316c77b92e95d9f5ebba	blob	f97b9b9d95edf989aa2d2e83819d24648977680f1d6f140b348a30d4cef9e108	6535	velnor-scheduler-diagnostic-d3f1/index/stage-0/crates/velnor-runner/crates/velnor-runner-host/src/journal_completion_tests.rs.source
/private/tmp/velnor-scheduler-diagnostic-d3f1	velnor-scheduler-diagnostic-d3f1	81f3119e5bfcc03f55828cf789769bd0da978979	crates/velnor-runner/crates/velnor-runner-host/src/journal_schema.rs	M 	0	100644	c7321a7fc9f60130918a031413c873da4adee247	blob	100d5d61a58ff05d4f3a5df2fa3fc10b8e91f5adc162f1f3ea42779f1fa9eae8	13100	velnor-scheduler-diagnostic-d3f1/index/stage-0/crates/velnor-runner/crates/velnor-runner-host/src/journal_schema.rs.source
/private/tmp/velnor-scheduler-diagnostic-d3f1	velnor-scheduler-diagnostic-d3f1	81f3119e5bfcc03f55828cf789769bd0da978979	crates/velnor-runner/crates/velnor-runner-host/src/launch/completion.rs	M 	0	100644	a3dc3f473ce1ef31dd089876bf69e766f7dd6222	blob	c1d136c32bb8262747a21f4441b69dd279009218552d882db1a5cff5eb98ecd2	11105	velnor-scheduler-diagnostic-d3f1/index/stage-0/crates/velnor-runner/crates/velnor-runner-host/src/launch/completion.rs.source
/private/tmp/velnor-scheduler-diagnostic-d3f1	velnor-scheduler-diagnostic-d3f1	81f3119e5bfcc03f55828cf789769bd0da978979	crates/velnor-runner/crates/velnor-runner-host/src/launch/completion/support.rs	A 	0	100644	321fac0b4c1c36956b383fb9e446ab7743d40ef2	blob	4a2e6521e10668b9ae58f88c73d05585154eef9fc4c0edde5b16b36c7143720a	2479	velnor-scheduler-diagnostic-d3f1/index/stage-0/crates/velnor-runner/crates/velnor-runner-host/src/launch/completion/support.rs.source
/private/tmp/velnor-scheduler-diagnostic-d3f1	velnor-scheduler-diagnostic-d3f1	81f3119e5bfcc03f55828cf789769bd0da978979	crates/velnor-runner/crates/velnor-runner-host/src/launch/completion/tests.rs	M 	0	100644	2f7b6a18faa9475fbc87d5c4968a39b765d74d91	blob	e2ce51893e3eca6fb77e01cf76fa53b7f9a61b79a8ccc9a91f26ff543c0201f2	6433	velnor-scheduler-diagnostic-d3f1/index/stage-0/crates/velnor-runner/crates/velnor-runner-host/src/launch/completion/tests.rs.source
/private/tmp/velnor-scheduler-diagnostic-d3f1	velnor-scheduler-diagnostic-d3f1	81f3119e5bfcc03f55828cf789769bd0da978979	crates/velnor-runner/crates/velnor-runner-host/src/launch/completion/tests/engine.rs	A 	0	100644	29094452d8bca8f3c993e5aa9be184e07377ac8b	blob	cd2413747c53048fdb1b50a254b757f4acc010cffd7d23c05b1df76f4552a9fd	7035	velnor-scheduler-diagnostic-d3f1/index/stage-0/crates/velnor-runner/crates/velnor-runner-host/src/launch/completion/tests/engine.rs.source
/private/tmp/velnor-scheduler-diagnostic-d3f1	velnor-scheduler-diagnostic-d3f1	81f3119e5bfcc03f55828cf789769bd0da978979	crates/velnor-runner/crates/velnor-runner-host/src/launch/completion/tests/fair.rs	M 	0	100644	ad119b592c5fc0a97efa7855154443def187dfe9	blob	9724c57443963a3b48491bec01366574de8418e84b00fe5e4f8af1f98a5c4486	6147	velnor-scheduler-diagnostic-d3f1/index/stage-0/crates/velnor-runner/crates/velnor-runner-host/src/launch/completion/tests/fair.rs.source
/private/tmp/velnor-scheduler-diagnostic-d3f1	velnor-scheduler-diagnostic-d3f1	81f3119e5bfcc03f55828cf789769bd0da978979	crates/velnor-runner/crates/velnor-runner-host/src/launch/completion/tests/lease.rs	M 	0	100644	deb97a036bd64be2ccbc4a7f8b6e38ab6bbfd397	blob	f6781679665e1989cbb7faa98c6240c23784e4c8e589841fc9773ccfa9ed5946	6215	velnor-scheduler-diagnostic-d3f1/index/stage-0/crates/velnor-runner/crates/velnor-runner-host/src/launch/completion/tests/lease.rs.source
/private/tmp/velnor-scheduler-diagnostic-d3f1	velnor-scheduler-diagnostic-d3f1	81f3119e5bfcc03f55828cf789769bd0da978979	crates/velnor-runner/crates/velnor-runner-host/src/launch/completion/tests/retry.rs	M 	0	100644	ccc5eabbfc2bdee86ac12e28f230545d5d4d8322	blob	a6b7d107ca6cc8c13bfd341120be0100d965e130e4476549eefe4a5b15259552	2989	velnor-scheduler-diagnostic-d3f1/index/stage-0/crates/velnor-runner/crates/velnor-runner-host/src/launch/completion/tests/retry.rs.source
/private/tmp/velnor-scheduler-diagnostic-d3f1	velnor-scheduler-diagnostic-d3f1	81f3119e5bfcc03f55828cf789769bd0da978979	crates/velnor-runner/crates/velnor-runner-host/src/launch/completion/tests/stalled.rs	M 	0	100644	9ab83c47ca4208c8a07dc5a5309ef8506f212bf3	blob	31c8732d774603c5d6f08f2129f37a6becf3ab5799f32cb56a29d5372933a8ac	4643	velnor-scheduler-diagnostic-d3f1/index/stage-0/crates/velnor-runner/crates/velnor-runner-host/src/launch/completion/tests/stalled.rs.source
/private/tmp/velnor-scheduler-diagnostic-d3f1	velnor-scheduler-diagnostic-d3f1	81f3119e5bfcc03f55828cf789769bd0da978979	crates/velnor-runner/crates/velnor-runner-host/src/launch/turn.rs	M 	0	100644	91f5caafe6d7125aa9b808d3777d1eaf5e76c8ac	blob	7bf26196ce632c1b92dbbc5e191cfc241bd23de3215feeeb4af7ae457c994426	11669	velnor-scheduler-diagnostic-d3f1/index/stage-0/crates/velnor-runner/crates/velnor-runner-host/src/launch/turn.rs.source
/private/tmp/velnor-scheduler-docker-delete-test	velnor-scheduler-docker-delete-test	b018d078b82672c4e94647c044b2e61c11fa74b2	crates/velnor-runner/crates/velnor-runner-host/src/action_archive_seed_tests/preparation_tests.rs	M 	0	100644	1e07765249e571e3735cbd6ff576ef355eb51660	blob	bd5598275f0b279d8f9d20c89853d678f5d5f750d372473fdcc1eb446b4b2250	10040	velnor-scheduler-docker-delete-test/index/stage-0/crates/velnor-runner/crates/velnor-runner-host/src/action_archive_seed_tests/preparation_tests.rs.source
/private/tmp/velnor-scheduler-docker-delete-test	velnor-scheduler-docker-delete-test	b018d078b82672c4e94647c044b2e61c11fa74b2	crates/velnor-runner/crates/velnor-runner-host/src/journal.rs	M 	0	100644	b345730bfd0d4a9db2345952c954b756ded54390	blob	5173ba7c6f72c3b8304d82908625d145590ddd4d4ba942f30c56b6a6809a57e7	11300	velnor-scheduler-docker-delete-test/index/stage-0/crates/velnor-runner/crates/velnor-runner-host/src/journal.rs.source
/private/tmp/velnor-scheduler-docker-delete-test	velnor-scheduler-docker-delete-test	b018d078b82672c4e94647c044b2e61c11fa74b2	crates/velnor-runner/crates/velnor-runner-host/src/journal/process.rs	A 	0	100644	b80377556ff83defa1f494089c972bf6bbef97a3	blob	8b850142139f5ea7a982f24ea62e28f56b6421fc1dc901cb6db221c286de87f7	3249	velnor-scheduler-docker-delete-test/index/stage-0/crates/velnor-runner/crates/velnor-runner-host/src/journal/process.rs.source
/private/tmp/velnor-scheduler-docker-delete-test	velnor-scheduler-docker-delete-test	b018d078b82672c4e94647c044b2e61c11fa74b2	crates/velnor-runner/crates/velnor-runner-host/src/journal_completion.rs	M 	0	100644	d909522c93f4c2e11c2f886960f25a80b143597b	blob	3c0c17dcd4f2aa75b2eacd82d6de68fd70fae68322610ca35f92305191d72d16	4127	velnor-scheduler-docker-delete-test/index/stage-0/crates/velnor-runner/crates/velnor-runner-host/src/journal_completion.rs.source
/private/tmp/velnor-scheduler-docker-delete-test	velnor-scheduler-docker-delete-test	b018d078b82672c4e94647c044b2e61c11fa74b2	crates/velnor-runner/crates/velnor-runner-host/src/journal_completion/claim.rs	A 	0	100644	deb00f012ef0c99d365cebd1c00845ecd640ca57	blob	60bb3b92648bc901bb1a3fbd62c0102628f3b937dfcfcb7cd3242b2f5d966803	12858	velnor-scheduler-docker-delete-test/index/stage-0/crates/velnor-runner/crates/velnor-runner-host/src/journal_completion/claim.rs.source
/private/tmp/velnor-scheduler-docker-delete-test	velnor-scheduler-docker-delete-test	b018d078b82672c4e94647c044b2e61c11fa74b2	crates/velnor-runner/crates/velnor-runner-host/src/journal_completion/claim_current.rs	A 	0	100644	559cb82c24fdcf728c8a0bc676a75e21407f284e	blob	3b883b3c29f2b75ac50e790c1332ebc33394027a17d7786167ed320c26fb2473	2450	velnor-scheduler-docker-delete-test/index/stage-0/crates/velnor-runner/crates/velnor-runner-host/src/journal_completion/claim_current.rs.source
/private/tmp/velnor-scheduler-docker-delete-test	velnor-scheduler-docker-delete-test	b018d078b82672c4e94647c044b2e61c11fa74b2	crates/velnor-runner/crates/velnor-runner-host/src/journal_completion/claim_effect.rs	A 	0	100644	e59bc18d0bb221a06d49bec42fb22acd1dd5b3a3	blob	6a92b2c8c5de8daacc9e24987aa10b0bff18e8a290109b88c8e3c951e4672ed9	3471	velnor-scheduler-docker-delete-test/index/stage-0/crates/velnor-runner/crates/velnor-runner-host/src/journal_completion/claim_effect.rs.source
/private/tmp/velnor-scheduler-docker-delete-test	velnor-scheduler-docker-delete-test	b018d078b82672c4e94647c044b2e61c11fa74b2	crates/velnor-runner/crates/velnor-runner-host/src/journal_completion/claim_sql.rs	A 	0	100644	8fb3b4fb93a692ddb6065dcbb305bff9a8fef26e	blob	28d69eb9a468dc269f2fd8e1ff22bcc3d6f1b13554d9f1c551e52a8132eeeb98	2763	velnor-scheduler-docker-delete-test/index/stage-0/crates/velnor-runner/crates/velnor-runner-host/src/journal_completion/claim_sql.rs.source
/private/tmp/velnor-scheduler-docker-delete-test	velnor-scheduler-docker-delete-test	b018d078b82672c4e94647c044b2e61c11fa74b2	crates/velnor-runner/crates/velnor-runner-host/src/journal_completion_claim_tests.rs	M 	0	100644	eec611a9415b32b50967074a51d13d85776053a8	blob	f876651f2b21adb9106a0aaa918a6bd0e2d5d8aec672e800bf4bd4b4cf46bdf7	12269	velnor-scheduler-docker-delete-test/index/stage-0/crates/velnor-runner/crates/velnor-runner-host/src/journal_completion_claim_tests.rs.source
/private/tmp/velnor-scheduler-docker-delete-test	velnor-scheduler-docker-delete-test	b018d078b82672c4e94647c044b2e61c11fa74b2	crates/velnor-runner/crates/velnor-runner-host/src/journal_completion_clock_tests.rs	A 	0	100644	8a4447d4e3c88712eb9355698fa30d8cb8b70356	blob	a09beb3603b3fbdd88d66eb9e4a1f0dbf456226b00872cfe2913437061877a70	4282	velnor-scheduler-docker-delete-test/index/stage-0/crates/velnor-runner/crates/velnor-runner-host/src/journal_completion_clock_tests.rs.source
/private/tmp/velnor-scheduler-docker-delete-test	velnor-scheduler-docker-delete-test	b018d078b82672c4e94647c044b2e61c11fa74b2	crates/velnor-runner/crates/velnor-runner-host/src/journal_completion_effect_tests.rs	A 	0	100644	6068202cc81f35b036fd7d0b2e46bd1d43e02bd4	blob	45584ecd63392185cfe1aa86cff8da7adacde964283ce26e43e91f10ed321b03	7709	velnor-scheduler-docker-delete-test/index/stage-0/crates/velnor-runner/crates/velnor-runner-host/src/journal_completion_effect_tests.rs.source
/private/tmp/velnor-scheduler-docker-delete-test	velnor-scheduler-docker-delete-test	b018d078b82672c4e94647c044b2e61c11fa74b2	crates/velnor-runner/crates/velnor-runner-host/src/journal_completion_lineage_tests.rs	A 	0	100644	fff641c1f0fc84a28c84b5c5a6a0755891974d78	blob	db488775aec8de7740802a12471ddd78b8a87282a3922a89165a95d335726a25	8668	velnor-scheduler-docker-delete-test/index/stage-0/crates/velnor-runner/crates/velnor-runner-host/src/journal_completion_lineage_tests.rs.source
/private/tmp/velnor-scheduler-docker-delete-test	velnor-scheduler-docker-delete-test	b018d078b82672c4e94647c044b2e61c11fa74b2	crates/velnor-runner/crates/velnor-runner-host/src/journal_completion_tests.rs	M 	0	100644	85960d2565696d19fd0e75039f1ae8254aa820a0	blob	b596fb0484730c2851974cad92b56681ab8e26388a0b6b4be3c23e52b41d066f	6733	velnor-scheduler-docker-delete-test/index/stage-0/crates/velnor-runner/crates/velnor-runner-host/src/journal_completion_tests.rs.source
/private/tmp/velnor-scheduler-docker-delete-test	velnor-scheduler-docker-delete-test	b018d078b82672c4e94647c044b2e61c11fa74b2	crates/velnor-runner/crates/velnor-runner-host/src/journal_identity.rs	M 	0	100644	b1f4efde187316fad23b572eba07268f92475a33	blob	f56573dd3a61bdb50d4774d3c122de53b0e6ae32c62deef2abd09dba1ce61e00	9286	velnor-scheduler-docker-delete-test/index/stage-0/crates/velnor-runner/crates/velnor-runner-host/src/journal_identity.rs.source
/private/tmp/velnor-scheduler-docker-delete-test	velnor-scheduler-docker-delete-test	b018d078b82672c4e94647c044b2e61c11fa74b2	crates/velnor-runner/crates/velnor-runner-host/src/journal_identity_completion.rs	A 	0	100644	823ad0eabddd853065d5a5478fd30209219154ec	blob	df5e9ddf633a5c817032846f50b74fc90ed056db0f0082695a7ef46a4b30b4ab	3658	velnor-scheduler-docker-delete-test/index/stage-0/crates/velnor-runner/crates/velnor-runner-host/src/journal_identity_completion.rs.source
/private/tmp/velnor-scheduler-docker-delete-test	velnor-scheduler-docker-delete-test	b018d078b82672c4e94647c044b2e61c11fa74b2	crates/velnor-runner/crates/velnor-runner-host/src/journal_identity_completion_tests.rs	A 	0	100644	153974fa8f6f1fe648129043b9e3849632638135	blob	4157e1e2ad9200b16e33caff6a33759c3d0cd6c3ded3a30de2c9bda82a24f304	6075	velnor-scheduler-docker-delete-test/index/stage-0/crates/velnor-runner/crates/velnor-runner-host/src/journal_identity_completion_tests.rs.source
/private/tmp/velnor-scheduler-docker-delete-test	velnor-scheduler-docker-delete-test	b018d078b82672c4e94647c044b2e61c11fa74b2	crates/velnor-runner/crates/velnor-runner-host/src/journal_schema.rs	M 	0	100644	935d4d06a2340b6b782cb4278e61823fd54edbfb	blob	67098fc805fc65a24b8d460909fad3b33755af0d0bf7a571bf103d4a4639648b	13243	velnor-scheduler-docker-delete-test/index/stage-0/crates/velnor-runner/crates/velnor-runner-host/src/journal_schema.rs.source
/private/tmp/velnor-scheduler-docker-delete-test	velnor-scheduler-docker-delete-test	b018d078b82672c4e94647c044b2e61c11fa74b2	crates/velnor-runner/crates/velnor-runner-host/src/launch/completion.rs	M 	0	100644	343c5f7dd17555b51fac2866469a4de11bee53d1	blob	108fb3a95e0b2c493e817a734624124d693f32fe7afebfd3cbd9c835ce7c35da	1466	velnor-scheduler-docker-delete-test/index/stage-0/crates/velnor-runner/crates/velnor-runner-host/src/launch/completion.rs.source
/private/tmp/velnor-scheduler-docker-delete-test	velnor-scheduler-docker-delete-test	b018d078b82672c4e94647c044b2e61c11fa74b2	crates/velnor-runner/crates/velnor-runner-host/src/launch/completion/completion_effects.rs	A 	0	100644	d62814b1b5b262f01acc9f5039e4f255e6bd20b2	blob	43873620164e98322a1ce78d3e6be0bb4d02e5cff9c42a884a1e9607d066b7a1	6067	velnor-scheduler-docker-delete-test/index/stage-0/crates/velnor-runner/crates/velnor-runner-host/src/launch/completion/completion_effects.rs.source
/private/tmp/velnor-scheduler-docker-delete-test	velnor-scheduler-docker-delete-test	b018d078b82672c4e94647c044b2e61c11fa74b2	crates/velnor-runner/crates/velnor-runner-host/src/launch/completion/reconcile.rs	A 	0	100644	dba516710ec5021593dd079aa4c1682945e48b24	blob	55a04883f3715b80add781c18c140e98b5d787d9cbdf2083a964f1a5c7364a29	11047	velnor-scheduler-docker-delete-test/index/stage-0/crates/velnor-runner/crates/velnor-runner-host/src/launch/completion/reconcile.rs.source
/private/tmp/velnor-scheduler-docker-delete-test	velnor-scheduler-docker-delete-test	b018d078b82672c4e94647c044b2e61c11fa74b2	crates/velnor-runner/crates/velnor-runner-host/src/launch/completion/schedule.rs	A 	0	100644	12a15ad38564838f2308ccae8cd5d4101f058870	blob	d6277a4dc78c419e85995bdcbb82bb01fa01c02f0fa5640365077e0ceb1cb149	7879	velnor-scheduler-docker-delete-test/index/stage-0/crates/velnor-runner/crates/velnor-runner-host/src/launch/completion/schedule.rs.source
/private/tmp/velnor-scheduler-docker-delete-test	velnor-scheduler-docker-delete-test	b018d078b82672c4e94647c044b2e61c11fa74b2	crates/velnor-runner/crates/velnor-runner-host/src/launch/completion/support.rs	M 	0	100644	35d98ba6d20ebb2e103cbfd6f7eeeeb9b4f9d6f9	blob	82b62d50779169ff665d1ac1941456e8eb4aac974d265ab5d61a68e077bf2252	2405	velnor-scheduler-docker-delete-test/index/stage-0/crates/velnor-runner/crates/velnor-runner-host/src/launch/completion/support.rs.source
/private/tmp/velnor-scheduler-docker-delete-test	velnor-scheduler-docker-delete-test	b018d078b82672c4e94647c044b2e61c11fa74b2	crates/velnor-runner/crates/velnor-runner-host/src/launch/completion/tests.rs	M 	0	100644	2752e4bc0671dd680906d476b70925dce0715dc9	blob	db164d4cca8c84f15bf7c437eef5c33a2393d73dc763e56a17bf10021720b1b6	7500	velnor-scheduler-docker-delete-test/index/stage-0/crates/velnor-runner/crates/velnor-runner-host/src/launch/completion/tests.rs.source
/private/tmp/velnor-scheduler-docker-delete-test	velnor-scheduler-docker-delete-test	b018d078b82672c4e94647c044b2e61c11fa74b2	crates/velnor-runner/crates/velnor-runner-host/src/launch/completion/tests/claim_fence.rs	A 	0	100644	00441ff9e7b4f573159ebfdbb14a3b21eda80b91	blob	3dcf376f6583d56970645c5e8e1c7a5bf88546edebdea5e8374f8596ecd88927	9075	velnor-scheduler-docker-delete-test/index/stage-0/crates/velnor-runner/crates/velnor-runner-host/src/launch/completion/tests/claim_fence.rs.source
/private/tmp/velnor-scheduler-docker-delete-test	velnor-scheduler-docker-delete-test	b018d078b82672c4e94647c044b2e61c11fa74b2	crates/velnor-runner/crates/velnor-runner-host/src/launch/completion/tests/docker_transport.rs	A 	0	100644	547ea43f5d3deb97d7e8755a3e31848db0b35c74	blob	8366fe2ebc662657e1770efc9586d21aae26a577139c69750f3d9b636deb7160	12461	velnor-scheduler-docker-delete-test/index/stage-0/crates/velnor-runner/crates/velnor-runner-host/src/launch/completion/tests/docker_transport.rs.source
/private/tmp/velnor-scheduler-docker-delete-test	velnor-scheduler-docker-delete-test	b018d078b82672c4e94647c044b2e61c11fa74b2	crates/velnor-runner/crates/velnor-runner-host/src/launch/completion/tests/docker_transport_delayed.rs	A 	0	100644	bd9a9e4c5d830cb58f1eca3d04fd7a1803dd196a	blob	3cb4f3107cadbd2be1bbdeaadd40fe1ff4e62ddaa61c42e4361dd8f7c592bee2	9303	velnor-scheduler-docker-delete-test/index/stage-0/crates/velnor-runner/crates/velnor-runner-host/src/launch/completion/tests/docker_transport_delayed.rs.source
/private/tmp/velnor-scheduler-docker-delete-test	velnor-scheduler-docker-delete-test	b018d078b82672c4e94647c044b2e61c11fa74b2	crates/velnor-runner/crates/velnor-runner-host/src/launch/completion/tests/engine.rs	M 	0	100644	6dca4821c978ed36d7ef6a907d6efaf385170a16	blob	2ce56dc07ff6beb762360b19786cf69601cffe3158de32296f8711f90513d513	9159	velnor-scheduler-docker-delete-test/index/stage-0/crates/velnor-runner/crates/velnor-runner-host/src/launch/completion/tests/engine.rs.source
/private/tmp/velnor-scheduler-docker-delete-test	velnor-scheduler-docker-delete-test	b018d078b82672c4e94647c044b2e61c11fa74b2	crates/velnor-runner/crates/velnor-runner-host/src/launch/completion/tests/lease.rs	M 	0	100644	7c9ac2335d8d2fe1d8947601045f36cf2d2f219c	blob	19234cd6f8f618852a69b580c1e0a428a909006511c10c6c0e2df3365425637f	10635	velnor-scheduler-docker-delete-test/index/stage-0/crates/velnor-runner/crates/velnor-runner-host/src/launch/completion/tests/lease.rs.source
/private/tmp/velnor-scheduler-docker-delete-test	velnor-scheduler-docker-delete-test	b018d078b82672c4e94647c044b2e61c11fa74b2	crates/velnor-runner/crates/velnor-runner-host/src/launch/completion/tests/stalled.rs	M 	0	100644	ea5abdc3678dc6f326c9cd0e9e2d2e59c014fca6	blob	7cfc80206098f8f9a1bb008df7db6c740262906ccf841d0a7f913d47a5ae0b54	4652	velnor-scheduler-docker-delete-test/index/stage-0/crates/velnor-runner/crates/velnor-runner-host/src/launch/completion/tests/stalled.rs.source
/private/tmp/velnor-scheduler-docker-delete-test	velnor-scheduler-docker-delete-test	b018d078b82672c4e94647c044b2e61c11fa74b2	crates/velnor-runner/crates/velnor-runner-host/src/lib.rs	M 	0	100644	603acf8a0e81808dc183e134487cb3e9e30723b7	blob	ddda845c642cd5507184778e3cf6f40cdb9a4ca15b5d46fbbaa1c542f799ff63	2669	velnor-scheduler-docker-delete-test/index/stage-0/crates/velnor-runner/crates/velnor-runner-host/src/lib.rs.source
/private/tmp/velnor-scheduler-docker-delete-test	velnor-scheduler-docker-delete-test	b018d078b82672c4e94647c044b2e61c11fa74b2	crates/velnor-runner/crates/velnor-runner-host/src/stage.rs	M 	0	100644	1000050e0b11ee362633e1295bd3b0e30ed62560	blob	1f9ef32cba1b0c2e0133c36aadb4767086ef03e44bb3cd3da30a6ba9c6767f91	10266	velnor-scheduler-docker-delete-test/index/stage-0/crates/velnor-runner/crates/velnor-runner-host/src/stage.rs.source
/private/tmp/velnor-scheduler-docker-delete-test	velnor-scheduler-docker-delete-test	b018d078b82672c4e94647c044b2e61c11fa74b2	crates/velnor-runner/crates/velnor-runner-host/src/worker/resources/containers_resource_tests.rs	M 	0	100644	76d18a59186452ea3679061415e9e0542c0e6a66	blob	e8bf80841df7d5583f35b343604841691fa475aaf0148afbb98aa392fcf42c44	2409	velnor-scheduler-docker-delete-test/index/stage-0/crates/velnor-runner/crates/velnor-runner-host/src/worker/resources/containers_resource_tests.rs.source
/private/tmp/velnor-scheduler-lifecycle-fix	velnor-scheduler-lifecycle-fix	dac41338802dcf0ca55cd01d66dd099e08f06058	crates/velnor-runner/crates/velnor-runner-host/src/journal.rs	 M	0	100644	552cad510b344d0e43197c924dcb00dc3e8bcc0c	blob	72649858ae39eab78712bf9c960ccfa874c90c58dac892aa7f746f7b76d6333a	13379	velnor-scheduler-lifecycle-fix/index/stage-0/crates/velnor-runner/crates/velnor-runner-host/src/journal.rs.source
/private/tmp/velnor-scheduler-lifecycle-fix	velnor-scheduler-lifecycle-fix	dac41338802dcf0ca55cd01d66dd099e08f06058	crates/velnor-runner/crates/velnor-runner-host/src/journal_completion/claim.rs	 M	0	100644	f006776c6561c5178473a1f085b4156ecd077e5b	blob	64721a03c621f42895a60367354bdcd9cf55257c8f15ab4c76c2cd409811b783	13852	velnor-scheduler-lifecycle-fix/index/stage-0/crates/velnor-runner/crates/velnor-runner-host/src/journal_completion/claim.rs.source
/private/tmp/velnor-scheduler-lifecycle-fix	velnor-scheduler-lifecycle-fix	dac41338802dcf0ca55cd01d66dd099e08f06058	crates/velnor-runner/crates/velnor-runner-host/src/journal_completion_claim_tests.rs	 M	0	100644	1d0cbcb41b18ab3bf6d62106c614dda20332bab1	blob	d49ab32e3ca7fe0b4e39b9b4a39ae414a9ce7d570e17582a9c26826b1ebdcdd7	8809	velnor-scheduler-lifecycle-fix/index/stage-0/crates/velnor-runner/crates/velnor-runner-host/src/journal_completion_claim_tests.rs.source
/private/tmp/velnor-scheduler-lifecycle-fix	velnor-scheduler-lifecycle-fix	dac41338802dcf0ca55cd01d66dd099e08f06058	crates/velnor-runner/crates/velnor-runner-host/src/journal_completion_lineage_tests.rs	A 	0	100644	fff641c1f0fc84a28c84b5c5a6a0755891974d78	blob	db488775aec8de7740802a12471ddd78b8a87282a3922a89165a95d335726a25	8668	velnor-scheduler-lifecycle-fix/index/stage-0/crates/velnor-runner/crates/velnor-runner-host/src/journal_completion_lineage_tests.rs.source
/private/tmp/velnor-scheduler-lifecycle-fix	velnor-scheduler-lifecycle-fix	dac41338802dcf0ca55cd01d66dd099e08f06058	crates/velnor-runner/crates/velnor-runner-host/src/journal_completion_tests.rs	MM	0	100644	e55bf8aa63f342ecd231140e8b2645324c94ba82	blob	cf82c1e182d7e0369755c3be70becf46d349e81b779f42fa7403c3199052d59b	6667	velnor-scheduler-lifecycle-fix/index/stage-0/crates/velnor-runner/crates/velnor-runner-host/src/journal_completion_tests.rs.source
/private/tmp/velnor-scheduler-lifecycle-fix	velnor-scheduler-lifecycle-fix	dac41338802dcf0ca55cd01d66dd099e08f06058	crates/velnor-runner/crates/velnor-runner-host/src/journal_identity.rs	M 	0	100644	b1f4efde187316fad23b572eba07268f92475a33	blob	f56573dd3a61bdb50d4774d3c122de53b0e6ae32c62deef2abd09dba1ce61e00	9286	velnor-scheduler-lifecycle-fix/index/stage-0/crates/velnor-runner/crates/velnor-runner-host/src/journal_identity.rs.source
/private/tmp/velnor-scheduler-lifecycle-fix	velnor-scheduler-lifecycle-fix	dac41338802dcf0ca55cd01d66dd099e08f06058	crates/velnor-runner/crates/velnor-runner-host/src/journal_identity_completion.rs	AM	0	100644	19cad4e8c0497e037a70451a21f17682f5015cc3	blob	2d6e71af9e736227fec3b399d5e2be9111541aaede76522385a0288afc307069	3590	velnor-scheduler-lifecycle-fix/index/stage-0/crates/velnor-runner/crates/velnor-runner-host/src/journal_identity_completion.rs.source
/private/tmp/velnor-scheduler-lifecycle-fix	velnor-scheduler-lifecycle-fix	dac41338802dcf0ca55cd01d66dd099e08f06058	crates/velnor-runner/crates/velnor-runner-host/src/journal_identity_completion_tests.rs	AM	0	100644	d1cc10f1bd6e781a571c7e4ffa5eeacd7d6bf08c	blob	493e963bdc493a0817c2a867c052d52cae4b4862d98d4d22e7bec7b52b32c1ed	6075	velnor-scheduler-lifecycle-fix/index/stage-0/crates/velnor-runner/crates/velnor-runner-host/src/journal_identity_completion_tests.rs.source
/private/tmp/velnor-scheduler-lifecycle-fix	velnor-scheduler-lifecycle-fix	dac41338802dcf0ca55cd01d66dd099e08f06058	crates/velnor-runner/crates/velnor-runner-host/src/journal_schema.rs	M 	0	100644	935d4d06a2340b6b782cb4278e61823fd54edbfb	blob	67098fc805fc65a24b8d460909fad3b33755af0d0bf7a571bf103d4a4639648b	13243	velnor-scheduler-lifecycle-fix/index/stage-0/crates/velnor-runner/crates/velnor-runner-host/src/journal_schema.rs.source
/private/tmp/velnor-scheduler-lifecycle-fix	velnor-scheduler-lifecycle-fix	dac41338802dcf0ca55cd01d66dd099e08f06058	crates/velnor-runner/crates/velnor-runner-host/src/launch/completion/reconcile.rs	MM	0	100644	43823a2a5cc2c99674c587eeae2d5ce3b9419ad7	blob	9f9d599272828cecc8ba11b3750c5f6e6fb7d062ffad51b52598912a9ba99069	10775	velnor-scheduler-lifecycle-fix/index/stage-0/crates/velnor-runner/crates/velnor-runner-host/src/launch/completion/reconcile.rs.source
/private/tmp/velnor-scheduler-lifecycle-fix	velnor-scheduler-lifecycle-fix	dac41338802dcf0ca55cd01d66dd099e08f06058	crates/velnor-runner/crates/velnor-runner-host/src/launch/completion/tests.rs	 M	0	100644	7121dd0dd62562e13fc221cef8904bc9fd4965c8	blob	13d25b3eb486b2df4c0a3cf0ee6b26bd74b63ce0ddfdb78868fd32a70c315ad6	6472	velnor-scheduler-lifecycle-fix/index/stage-0/crates/velnor-runner/crates/velnor-runner-host/src/launch/completion/tests.rs.source
/private/tmp/velnor-scheduler-lifecycle-fix	velnor-scheduler-lifecycle-fix	dac41338802dcf0ca55cd01d66dd099e08f06058	crates/velnor-runner/crates/velnor-runner-host/src/launch/completion/tests/claim_fence.rs	 M	0	100644	807f5fce5b684cfc17a12742258db07edbb98e20	blob	140efe5c3de3612ed9994738f9c200253f0cd4beec3ed096c286ae5c7d585498	2743	velnor-scheduler-lifecycle-fix/index/stage-0/crates/velnor-runner/crates/velnor-runner-host/src/launch/completion/tests/claim_fence.rs.source
/private/tmp/velnor-scheduler-lifecycle-fix	velnor-scheduler-lifecycle-fix	dac41338802dcf0ca55cd01d66dd099e08f06058	crates/velnor-runner/crates/velnor-runner-host/src/lib.rs	M 	0	100644	603acf8a0e81808dc183e134487cb3e9e30723b7	blob	ddda845c642cd5507184778e3cf6f40cdb9a4ca15b5d46fbbaa1c542f799ff63	2669	velnor-scheduler-lifecycle-fix/index/stage-0/crates/velnor-runner/crates/velnor-runner-host/src/lib.rs.source
/private/tmp/velnor-scheduler-quota-composite	velnor-scheduler-quota-composite	7581150e73df43aeaa8a7b8ab80157c87afa02d7	crates/velnor-runner/crates/velnor-runner-cli/src/args.rs	M 	0	100644	1513114b8f3f57d59ea438f75a409374a557b288	blob	dc3eabb8b77e641c62367cf9622e418a740795e3986193ed9dc75c0d6243b1c6	3490	velnor-scheduler-quota-composite/index/stage-0/crates/velnor-runner/crates/velnor-runner-cli/src/args.rs.source
/private/tmp/velnor-scheduler-quota-composite	velnor-scheduler-quota-composite	7581150e73df43aeaa8a7b8ab80157c87afa02d7	crates/velnor-runner/crates/velnor-runner-cli/src/daemon_run.rs	M 	0	100644	52bbe013d05f335eeec77271de7c559abf95d08b	blob	1068bb9f67086bf65e0c5535ac0713c873c4ccd201d252e225d6e6209377c7b7	6412	velnor-scheduler-quota-composite/index/stage-0/crates/velnor-runner/crates/velnor-runner-cli/src/daemon_run.rs.source
/private/tmp/velnor-scheduler-quota-composite	velnor-scheduler-quota-composite	7581150e73df43aeaa8a7b8ab80157c87afa02d7	crates/velnor-runner/crates/velnor-runner-cli/src/dispatch.rs	M 	0	100644	913a729cba69527ba5c92573f8a88ef5d697ff24	blob	487c3ac37a00cad3d5a2028e26198ddc9c167e6b08b821d2390bccfe1ba7c7cb	8898	velnor-scheduler-quota-composite/index/stage-0/crates/velnor-runner/crates/velnor-runner-cli/src/dispatch.rs.source
/private/tmp/velnor-scheduler-quota-composite	velnor-scheduler-quota-composite	7581150e73df43aeaa8a7b8ab80157c87afa02d7	crates/velnor-runner/crates/velnor-runner-cli/src/dispatch/connect_tests.rs	M 	0	100644	b98b8922c278682e4bc9bbe25277730c340dd81a	blob	7b092535591fd572d5504c5ff35bc05eeb093fac64b1c16d24071fbbba560ec1	6412	velnor-scheduler-quota-composite/index/stage-0/crates/velnor-runner/crates/velnor-runner-cli/src/dispatch/connect_tests.rs.source
/private/tmp/velnor-scheduler-quota-composite	velnor-scheduler-quota-composite	7581150e73df43aeaa8a7b8ab80157c87afa02d7	crates/velnor-runner/crates/velnor-runner-host/examples/launch_once.rs	M 	0	100644	52b6bf59336b0e48290e6a5abe6cfa03b0afeb31	blob	c1e6c4c122e3cd495f9738e4a403c451ad794c2c909313d31fe32bec9a55d37e	3242	velnor-scheduler-quota-composite/index/stage-0/crates/velnor-runner/crates/velnor-runner-host/examples/launch_once.rs.source
/private/tmp/velnor-scheduler-quota-composite	velnor-scheduler-quota-composite	7581150e73df43aeaa8a7b8ab80157c87afa02d7	crates/velnor-runner/crates/velnor-runner-host/src/action_archive_seed.rs	M 	0	100644	02eabb2184bfdc585a28d3088448852d43dc0873	blob	c6933ae608d66a4dd3d60e646b76d674e3c768d5267cada67f7d78c2030dadf0	9702	velnor-scheduler-quota-composite/index/stage-0/crates/velnor-runner/crates/velnor-runner-host/src/action_archive_seed.rs.source
/private/tmp/velnor-scheduler-quota-composite	velnor-scheduler-quota-composite	7581150e73df43aeaa8a7b8ab80157c87afa02d7	crates/velnor-runner/crates/velnor-runner-host/src/config.rs	M 	0	100644	f159ee2dd2b85b73cb680272350c6cd9b0e76aa6	blob	dc90608122cd7fcf1e7eda86b11d8996d91f58eb8716dbed161358bfbd16f0aa	4012	velnor-scheduler-quota-composite/index/stage-0/crates/velnor-runner/crates/velnor-runner-host/src/config.rs.source
/private/tmp/velnor-scheduler-quota-composite	velnor-scheduler-quota-composite	7581150e73df43aeaa8a7b8ab80157c87afa02d7	crates/velnor-runner/crates/velnor-runner-host/src/connect_tests.rs	M 	0	100644	536d7f6e3b39d49d6f44663e73261f9e9acfef69	blob	8bb0ddda3a1a38cca5055910258d6c302860103bdf04c3d4979c92bc7b6a7fac	7498	velnor-scheduler-quota-composite/index/stage-0/crates/velnor-runner/crates/velnor-runner-host/src/connect_tests.rs.source
/private/tmp/velnor-scheduler-quota-composite	velnor-scheduler-quota-composite	7581150e73df43aeaa8a7b8ab80157c87afa02d7	crates/velnor-runner/crates/velnor-runner-host/src/launch.rs	M 	0	100644	b04ba39369b9707807b090c992e76caff937f78d	blob	112856e87d197ddeea59815b7040e5ad433de77734319f82e3db76efad862096	10734	velnor-scheduler-quota-composite/index/stage-0/crates/velnor-runner/crates/velnor-runner-host/src/launch.rs.source
/private/tmp/velnor-scheduler-quota-composite	velnor-scheduler-quota-composite	7581150e73df43aeaa8a7b8ab80157c87afa02d7	crates/velnor-runner/crates/velnor-runner-host/src/launch/lane.rs	A 	0	100644	367c4038348a54fb2c052a8ccef54631822c3003	blob	d8c4015a65e1deb565f971d16b571d7540ed376f874630a7485de47cd7b1a20c	1640	velnor-scheduler-quota-composite/index/stage-0/crates/velnor-runner/crates/velnor-runner-host/src/launch/lane.rs.source
/private/tmp/velnor-scheduler-quota-composite	velnor-scheduler-quota-composite	7581150e73df43aeaa8a7b8ab80157c87afa02d7	crates/velnor-runner/crates/velnor-runner-host/src/launch/turn.rs	M 	0	100644	999dff9d48f6f010eea0f3311348291a7ed1837b	blob	cdbbd4febd86c47884208693f29b31270945f52226e62d1a0b427c812789793f	12205	velnor-scheduler-quota-composite/index/stage-0/crates/velnor-runner/crates/velnor-runner-host/src/launch/turn.rs.source
/private/tmp/velnor-scheduler-quota-composite	velnor-scheduler-quota-composite	7581150e73df43aeaa8a7b8ab80157c87afa02d7	crates/velnor-runner/crates/velnor-runner-host/src/launch/turn/budget_tests.rs	A 	0	100644	c0e73dc4918c83c331c43091722e44a06e021afd	blob	9d0a65c9b59776af39c84e7fd4ceed7e2cdc250d5410cbbf18c28e7eec5c3145	3007	velnor-scheduler-quota-composite/index/stage-0/crates/velnor-runner/crates/velnor-runner-host/src/launch/turn/budget_tests.rs.source
/private/tmp/velnor-scheduler-quota-composite	velnor-scheduler-quota-composite	7581150e73df43aeaa8a7b8ab80157c87afa02d7	crates/velnor-runner/crates/velnor-runner-host/src/launch/turn/policy.rs	A 	0	100644	b84700f91fdf8b889a565ad2120fa4fcd8075b9b	blob	9e88fd9dd5b47adda92dc339e419fe843f5b98572c6fbc3ddb4875aa6ba05ed8	1221	velnor-scheduler-quota-composite/index/stage-0/crates/velnor-runner/crates/velnor-runner-host/src/launch/turn/policy.rs.source
/private/tmp/velnor-scheduler-quota-composite	velnor-scheduler-quota-composite	7581150e73df43aeaa8a7b8ab80157c87afa02d7	crates/velnor-runner/crates/velnor-runner-host/src/launch_blocking.rs	M 	0	100644	6138fd81fb5f22846a3e5fe86106e66baab2a809	blob	68c3077fc42a76d89a1fbf26bd7c70d2e00a812fb418e6b77a721dd6a3e87a5f	2300	velnor-scheduler-quota-composite/index/stage-0/crates/velnor-runner/crates/velnor-runner-host/src/launch_blocking.rs.source
/private/tmp/velnor-scheduler-quota-composite	velnor-scheduler-quota-composite	7581150e73df43aeaa8a7b8ab80157c87afa02d7	crates/velnor-runner/crates/velnor-runner-host/src/launch_harness.rs	M 	0	100644	e09ff715ff98f900f5ae608c8d54933f538b03b5	blob	cd8eb616bb7dbf3c2f6f73c551ea428b692f1a046ead345112dad8577b66989a	6851	velnor-scheduler-quota-composite/index/stage-0/crates/velnor-runner/crates/velnor-runner-host/src/launch_harness.rs.source
/private/tmp/velnor-scheduler-quota-composite	velnor-scheduler-quota-composite	7581150e73df43aeaa8a7b8ab80157c87afa02d7	crates/velnor-runner/crates/velnor-runner-host/src/stage.rs	M 	0	100644	532dea6a302813144a0bf6f45740b0cb39441234	blob	6adf85a0a94d49d0dff37cdde4fcf09c5daa9e7b26d3dd637e2f5eb679b15b35	9814	velnor-scheduler-quota-composite/index/stage-0/crates/velnor-runner/crates/velnor-runner-host/src/stage.rs.source
/private/tmp/velnor-scheduler-quota-composite	velnor-scheduler-quota-composite	7581150e73df43aeaa8a7b8ab80157c87afa02d7	crates/velnor-runner/crates/velnor-runner-host/src/stage/cleanup.rs	M 	0	100644	433d7ee92476adef481f1362ad2aedf33b6a88b8	blob	94271c6af80a80b3970bc67ba651a166cca7c68e2d793fa3f067e54ae9471a42	2832	velnor-scheduler-quota-composite/index/stage-0/crates/velnor-runner/crates/velnor-runner-host/src/stage/cleanup.rs.source
/private/tmp/velnor-scheduler-quota-composite	velnor-scheduler-quota-composite	7581150e73df43aeaa8a7b8ab80157c87afa02d7	crates/velnor-runner/crates/velnor-runner-host/src/stage/engine.rs	A 	0	100644	302125d9df1b65dd6c173efec836faafeb59d7dc	blob	3e64f7404a8875a775103f2d608411aa27574da9168adaa1036d9def1957da75	4901	velnor-scheduler-quota-composite/index/stage-0/crates/velnor-runner/crates/velnor-runner-host/src/stage/engine.rs.source
/private/tmp/velnor-scheduler-quota-composite	velnor-scheduler-quota-composite	7581150e73df43aeaa8a7b8ab80157c87afa02d7	crates/velnor-runner/crates/velnor-runner-host/src/stage/reconcile.rs	M 	0	100644	58e5ae0c01bc52115fb5ff0862d4f6a01727785a	blob	782bb03d7c0a2b2794567d099b35fa1d228438fde2640b70992b23e575d7b3fd	6497	velnor-scheduler-quota-composite/index/stage-0/crates/velnor-runner/crates/velnor-runner-host/src/stage/reconcile.rs.source
/private/tmp/velnor-scheduler-quota-composite	velnor-scheduler-quota-composite	7581150e73df43aeaa8a7b8ab80157c87afa02d7	crates/velnor-runner/crates/velnor-runner-host/src/stage_tests.rs	M 	0	100644	eba47101814a6679d12b55eec917a6b368c80cd7	blob	e63fca724dc8b74161a4354850fec9c028afa3b9b8ae2716ab4fd4c3be10d48c	547	velnor-scheduler-quota-composite/index/stage-0/crates/velnor-runner/crates/velnor-runner-host/src/stage_tests.rs.source
/private/tmp/velnor-scheduler-quota-composite	velnor-scheduler-quota-composite	7581150e73df43aeaa8a7b8ab80157c87afa02d7	crates/velnor-runner/crates/velnor-runner-host/src/stage_tests/cleanup.rs	M 	0	100644	072eb72815a3026c7a146b7708effd0169a21b50	blob	dda87f78c0759a38e0eb6c30a8df6b8ba66227b5a2150ee78a23990be76df706	4529	velnor-scheduler-quota-composite/index/stage-0/crates/velnor-runner/crates/velnor-runner-host/src/stage_tests/cleanup.rs.source
/private/tmp/velnor-scheduler-quota-composite	velnor-scheduler-quota-composite	7581150e73df43aeaa8a7b8ab80157c87afa02d7	crates/velnor-runner/crates/velnor-runner-host/src/stage_tests/preparation.rs	M 	0	100644	d667ec8bad81dd5485e878ee8c1695082f90961d	blob	7765f2e68b2d86b09ab3ba26079cff00e3e23572390b49061014fe9129478847	3796	velnor-scheduler-quota-composite/index/stage-0/crates/velnor-runner/crates/velnor-runner-host/src/stage_tests/preparation.rs.source
/private/tmp/velnor-scheduler-quota-composite	velnor-scheduler-quota-composite	7581150e73df43aeaa8a7b8ab80157c87afa02d7	crates/velnor-runner/crates/velnor-runner-host/src/stage_tests/reconcile.rs	M 	0	100644	ff809ad541ce61f208cf280b257da1af6463488a	blob	12149db40c42d6f15a0ba79fa72975841c7e68889bb85c5cb64aac972e9ee94e	5723	velnor-scheduler-quota-composite/index/stage-0/crates/velnor-runner/crates/velnor-runner-host/src/stage_tests/reconcile.rs.source
/private/tmp/velnor-scheduler-quota-composite	velnor-scheduler-quota-composite	7581150e73df43aeaa8a7b8ab80157c87afa02d7	crates/velnor-runner/crates/velnor-runner-host/src/stage_tests/runner.rs	M 	0	100644	77358212f88ebfe7aa382829f465ed52ef3409ab	blob	f40571fc3ce6b7a62907d3bd4501e66abf49b57a1abf70bab263193007a64c16	4153	velnor-scheduler-quota-composite/index/stage-0/crates/velnor-runner/crates/velnor-runner-host/src/stage_tests/runner.rs.source
/private/tmp/velnor-scheduler-quota-composite	velnor-scheduler-quota-composite	7581150e73df43aeaa8a7b8ab80157c87afa02d7	crates/velnor-runner/crates/velnor-runner-host/src/worker.rs	M 	0	100644	22c6c96347262dadc4ce3338fc19b6b185167ff9	blob	7b99e111da3bc5f436801fb8ada09e9f7e34f48b46f5603b4075317db0577109	12681	velnor-scheduler-quota-composite/index/stage-0/crates/velnor-runner/crates/velnor-runner-host/src/worker.rs.source
/private/tmp/velnor-scheduler-quota-composite	velnor-scheduler-quota-composite	7581150e73df43aeaa8a7b8ab80157c87afa02d7	crates/velnor-runner/crates/velnor-runner-host/src/worker/prepared.rs	M 	0	100644	d9eb01cccf978082a605b918e4ac33adfa4c853b	blob	985a2e7f1270b362541663f59e23b1f632cec12a2f709e607482b3fdfa865383	2645	velnor-scheduler-quota-composite/index/stage-0/crates/velnor-runner/crates/velnor-runner-host/src/worker/prepared.rs.source
/private/tmp/velnor-scheduler-quota-composite	velnor-scheduler-quota-composite	7581150e73df43aeaa8a7b8ab80157c87afa02d7	crates/velnor-runner/crates/velnor-runner-host/src/worker/projection.rs	M 	0	100644	1a6628f2723f2fc321efecea9e348d296cde3dd8	blob	c88dd3552d56d5a5e9b5f1ecad12ad0dbb759ae5a59c043d04665eb68f1a2d88	5388	velnor-scheduler-quota-composite/index/stage-0/crates/velnor-runner/crates/velnor-runner-host/src/worker/projection.rs.source
/private/tmp/velnor-scheduler-quota-composite	velnor-scheduler-quota-composite	7581150e73df43aeaa8a7b8ab80157c87afa02d7	crates/velnor-runner/crates/velnor-runner-host/src/worker/projection_tests.rs	M 	0	100644	2cc9d704c91e27522ce63ef40545e2fb5cd84217	blob	21cd763b010272d9bf68bed3a6e3d3f96c0439ebb16030c35ccaa9216cc2ba17	8225	velnor-scheduler-quota-composite/index/stage-0/crates/velnor-runner/crates/velnor-runner-host/src/worker/projection_tests.rs.source
/private/tmp/velnor-scheduler-quota-composite	velnor-scheduler-quota-composite	7581150e73df43aeaa8a7b8ab80157c87afa02d7	crates/velnor-runner/crates/velnor-runner-host/src/worker/resource_budget/mod.rs	A 	0	100644	01ddd1ddd3472284730e59471c613831b760704c	blob	b04f00aa880ddb3c75661edb5cf2b66f1eda5513bfc3f65a4340064f19aaf8b5	6861	velnor-scheduler-quota-composite/index/stage-0/crates/velnor-runner/crates/velnor-runner-host/src/worker/resource_budget/mod.rs.source
/private/tmp/velnor-scheduler-quota-composite	velnor-scheduler-quota-composite	7581150e73df43aeaa8a7b8ab80157c87afa02d7	crates/velnor-runner/crates/velnor-runner-host/src/worker/resource_budget/tests.rs	A 	0	100644	366de907c3a502b62b9b1f5c5d9586073f4d8a1e	blob	9c6b89db3ee370e6ba056ac7b69a48f65156f7ea4fb1f7172ed945d0110adf86	5835	velnor-scheduler-quota-composite/index/stage-0/crates/velnor-runner/crates/velnor-runner-host/src/worker/resource_budget/tests.rs.source
/private/tmp/velnor-scheduler-quota-composite	velnor-scheduler-quota-composite	7581150e73df43aeaa8a7b8ab80157c87afa02d7	crates/velnor-runner/crates/velnor-runner-host/src/worker/resources.rs	M 	0	100644	ce4723a734eecbdc0f903097091e9a93c15f4420	blob	8def83b16a46d4511c3a815b925767b24b3a5c948e445acc8aa502cae9cba050	9790	velnor-scheduler-quota-composite/index/stage-0/crates/velnor-runner/crates/velnor-runner-host/src/worker/resources.rs.source
/private/tmp/velnor-scheduler-quota-composite	velnor-scheduler-quota-composite	7581150e73df43aeaa8a7b8ab80157c87afa02d7	crates/velnor-runner/crates/velnor-runner-host/src/worker/resources/containers.rs	M 	0	100644	2c3382dfffc88c1a76ce36ea8a5f72f8381cf67c	blob	36bb73a29aac0eb4c5add1aec0d85681f1a6d559d7d00d2dd7922dfeddc6a403	13372	velnor-scheduler-quota-composite/index/stage-0/crates/velnor-runner/crates/velnor-runner-host/src/worker/resources/containers.rs.source
/private/tmp/velnor-scheduler-quota-composite	velnor-scheduler-quota-composite	7581150e73df43aeaa8a7b8ab80157c87afa02d7	crates/velnor-runner/crates/velnor-runner-host/src/worker/resources/containers_cgroupns_tests.rs	M 	0	100644	813305500c3c796cb26f877f13f10e3370914c54	blob	b58dd2f14eacee1fa79299321e8667cb5c2e5dfb0ce0ffd70ed3014b570acff6	984	velnor-scheduler-quota-composite/index/stage-0/crates/velnor-runner/crates/velnor-runner-host/src/worker/resources/containers_cgroupns_tests.rs.source
/private/tmp/velnor-scheduler-quota-composite	velnor-scheduler-quota-composite	7581150e73df43aeaa8a7b8ab80157c87afa02d7	crates/velnor-runner/crates/velnor-runner-host/src/worker/resources/containers_identity.rs	A 	0	100644	e8b458cae834e508883b0053e9311d408679dbbe	blob	58b243fa9506dca374196b660104cbe2a664be70ba0ff9c82503300629f9d856	767	velnor-scheduler-quota-composite/index/stage-0/crates/velnor-runner/crates/velnor-runner-host/src/worker/resources/containers_identity.rs.source
/private/tmp/velnor-scheduler-quota-composite	velnor-scheduler-quota-composite	7581150e73df43aeaa8a7b8ab80157c87afa02d7	crates/velnor-runner/crates/velnor-runner-host/src/worker/resources/containers_limits.rs	A 	0	100644	fd41e304cf1802008763152e7c1cc12c223c1807	blob	4cd8a44283ae60c963a1d81d6625890d33692391baf85f089563ab8720a6b218	740	velnor-scheduler-quota-composite/index/stage-0/crates/velnor-runner/crates/velnor-runner-host/src/worker/resources/containers_limits.rs.source
/private/tmp/velnor-scheduler-quota-composite	velnor-scheduler-quota-composite	7581150e73df43aeaa8a7b8ab80157c87afa02d7	crates/velnor-runner/crates/velnor-runner-host/src/worker/resources/containers_resource_tests.rs	A 	0	100644	f82f2731212730ec148095386cc5ca2fa46bf313	blob	d1c7001eeea4bc22ed794638da719f69efdfab4b3f549dc85be57fd9cf206160	2398	velnor-scheduler-quota-composite/index/stage-0/crates/velnor-runner/crates/velnor-runner-host/src/worker/resources/containers_resource_tests.rs.source
/private/tmp/velnor-scheduler-quota-composite	velnor-scheduler-quota-composite	7581150e73df43aeaa8a7b8ab80157c87afa02d7	crates/velnor-runner/crates/velnor-runner-host/src/worker/resources/containers_tests.rs	M 	0	100644	ab3aca0f2e7e845201a4628f1c2ec28d7a2e850f	blob	451a09a29064c3335a642065f87da9afda3fe44568f2f6a31e9c2b23769cf489	12440	velnor-scheduler-quota-composite/index/stage-0/crates/velnor-runner/crates/velnor-runner-host/src/worker/resources/containers_tests.rs.source
/private/tmp/velnor-scheduler-quota-composite	velnor-scheduler-quota-composite	7581150e73df43aeaa8a7b8ab80157c87afa02d7	crates/velnor-runner/crates/velnor-runner-host/src/worker_tests.rs	M 	0	100644	dab3fa33f7aba1c5ceac231e1ba3735d463ff9ab	blob	c726cdcae3e57fdc18bbd01e84d947a528278021c97757147dc90eb73fbcfe1a	8899	velnor-scheduler-quota-composite/index/stage-0/crates/velnor-runner/crates/velnor-runner-host/src/worker_tests.rs.source
/private/tmp/velnor-scheduler-quota-composite	velnor-scheduler-quota-composite	7581150e73df43aeaa8a7b8ab80157c87afa02d7	docs/proposed/macos-scaleset-runner.md	M 	0	100644	0d543d77662a58040e3ca1da7461ab1d8c1dd036	blob	53886d5fc43415e224ef7e5962d5263a73b9b596d9ad43c7115ba40e45cfbea4	10157	velnor-scheduler-quota-composite/index/stage-0/docs/proposed/macos-scaleset-runner.md.source
/private/tmp/velnor-scheduler-turn-path-test	velnor-scheduler-turn-path-test	7581150e73df43aeaa8a7b8ab80157c87afa02d7	crates/velnor-runner/crates/velnor-runner-cli/src/args.rs	M 	0	100644	1513114b8f3f57d59ea438f75a409374a557b288	blob	dc3eabb8b77e641c62367cf9622e418a740795e3986193ed9dc75c0d6243b1c6	3490	velnor-scheduler-turn-path-test/index/stage-0/crates/velnor-runner/crates/velnor-runner-cli/src/args.rs.source
/private/tmp/velnor-scheduler-turn-path-test	velnor-scheduler-turn-path-test	7581150e73df43aeaa8a7b8ab80157c87afa02d7	crates/velnor-runner/crates/velnor-runner-cli/src/daemon_run.rs	M 	0	100644	52bbe013d05f335eeec77271de7c559abf95d08b	blob	1068bb9f67086bf65e0c5535ac0713c873c4ccd201d252e225d6e6209377c7b7	6412	velnor-scheduler-turn-path-test/index/stage-0/crates/velnor-runner/crates/velnor-runner-cli/src/daemon_run.rs.source
/private/tmp/velnor-scheduler-turn-path-test	velnor-scheduler-turn-path-test	7581150e73df43aeaa8a7b8ab80157c87afa02d7	crates/velnor-runner/crates/velnor-runner-cli/src/dispatch.rs	M 	0	100644	913a729cba69527ba5c92573f8a88ef5d697ff24	blob	487c3ac37a00cad3d5a2028e26198ddc9c167e6b08b821d2390bccfe1ba7c7cb	8898	velnor-scheduler-turn-path-test/index/stage-0/crates/velnor-runner/crates/velnor-runner-cli/src/dispatch.rs.source
/private/tmp/velnor-scheduler-turn-path-test	velnor-scheduler-turn-path-test	7581150e73df43aeaa8a7b8ab80157c87afa02d7	crates/velnor-runner/crates/velnor-runner-cli/src/dispatch/connect_tests.rs	M 	0	100644	b98b8922c278682e4bc9bbe25277730c340dd81a	blob	7b092535591fd572d5504c5ff35bc05eeb093fac64b1c16d24071fbbba560ec1	6412	velnor-scheduler-turn-path-test/index/stage-0/crates/velnor-runner/crates/velnor-runner-cli/src/dispatch/connect_tests.rs.source
/private/tmp/velnor-scheduler-turn-path-test	velnor-scheduler-turn-path-test	7581150e73df43aeaa8a7b8ab80157c87afa02d7	crates/velnor-runner/crates/velnor-runner-host/examples/launch_once.rs	M 	0	100644	52b6bf59336b0e48290e6a5abe6cfa03b0afeb31	blob	c1e6c4c122e3cd495f9738e4a403c451ad794c2c909313d31fe32bec9a55d37e	3242	velnor-scheduler-turn-path-test/index/stage-0/crates/velnor-runner/crates/velnor-runner-host/examples/launch_once.rs.source
/private/tmp/velnor-scheduler-turn-path-test	velnor-scheduler-turn-path-test	7581150e73df43aeaa8a7b8ab80157c87afa02d7	crates/velnor-runner/crates/velnor-runner-host/src/config.rs	M 	0	100644	f159ee2dd2b85b73cb680272350c6cd9b0e76aa6	blob	dc90608122cd7fcf1e7eda86b11d8996d91f58eb8716dbed161358bfbd16f0aa	4012	velnor-scheduler-turn-path-test/index/stage-0/crates/velnor-runner/crates/velnor-runner-host/src/config.rs.source
/private/tmp/velnor-scheduler-turn-path-test	velnor-scheduler-turn-path-test	7581150e73df43aeaa8a7b8ab80157c87afa02d7	crates/velnor-runner/crates/velnor-runner-host/src/connect_tests.rs	M 	0	100644	536d7f6e3b39d49d6f44663e73261f9e9acfef69	blob	8bb0ddda3a1a38cca5055910258d6c302860103bdf04c3d4979c92bc7b6a7fac	7498	velnor-scheduler-turn-path-test/index/stage-0/crates/velnor-runner/crates/velnor-runner-host/src/connect_tests.rs.source
/private/tmp/velnor-scheduler-turn-path-test	velnor-scheduler-turn-path-test	7581150e73df43aeaa8a7b8ab80157c87afa02d7	crates/velnor-runner/crates/velnor-runner-host/src/launch.rs	M 	0	100644	c66b2f5e069dd524ebfc364db87e2e423c6bf1f5	blob	b3a775bde423c0193847cc08eae8097c9976d3709ea1888bc5692a1ec608f31d	10695	velnor-scheduler-turn-path-test/index/stage-0/crates/velnor-runner/crates/velnor-runner-host/src/launch.rs.source
/private/tmp/velnor-scheduler-turn-path-test	velnor-scheduler-turn-path-test	7581150e73df43aeaa8a7b8ab80157c87afa02d7	crates/velnor-runner/crates/velnor-runner-host/src/launch/lane.rs	A 	0	100644	faf029dff8f4c7b915aca346b94986e9f46a3fdf	blob	e7ab9c91226f46ed840f9e39bf9151ea7c9f103077b9a5d3d7a12784756532bb	1647	velnor-scheduler-turn-path-test/index/stage-0/crates/velnor-runner/crates/velnor-runner-host/src/launch/lane.rs.source
/private/tmp/velnor-scheduler-turn-path-test	velnor-scheduler-turn-path-test	7581150e73df43aeaa8a7b8ab80157c87afa02d7	crates/velnor-runner/crates/velnor-runner-host/src/launch/turn.rs	M 	0	100644	e4a509143cdce629e601bb8eadb6863a9b58a4a1	blob	7259073f7aec599d58799b90d9d2f16d042e85fb9a0ba9c2f5d7a89c77d092b9	12890	velnor-scheduler-turn-path-test/index/stage-0/crates/velnor-runner/crates/velnor-runner-host/src/launch/turn.rs.source
/private/tmp/velnor-scheduler-turn-path-test	velnor-scheduler-turn-path-test	7581150e73df43aeaa8a7b8ab80157c87afa02d7	crates/velnor-runner/crates/velnor-runner-host/src/launch/turn/budget_tests.rs	A 	0	100644	d6d148d98649912b9c54df43053bb90b94d1f15a	blob	1419497858878a744e59a6ed93b8367b67fb3f379cdc259122183cc71ff8c25c	7036	velnor-scheduler-turn-path-test/index/stage-0/crates/velnor-runner/crates/velnor-runner-host/src/launch/turn/budget_tests.rs.source
/private/tmp/velnor-scheduler-turn-path-test	velnor-scheduler-turn-path-test	7581150e73df43aeaa8a7b8ab80157c87afa02d7	crates/velnor-runner/crates/velnor-runner-host/src/launch/turn/policy.rs	A 	0	100644	b84700f91fdf8b889a565ad2120fa4fcd8075b9b	blob	9e88fd9dd5b47adda92dc339e419fe843f5b98572c6fbc3ddb4875aa6ba05ed8	1221	velnor-scheduler-turn-path-test/index/stage-0/crates/velnor-runner/crates/velnor-runner-host/src/launch/turn/policy.rs.source
/private/tmp/velnor-scheduler-turn-path-test	velnor-scheduler-turn-path-test	7581150e73df43aeaa8a7b8ab80157c87afa02d7	crates/velnor-runner/crates/velnor-runner-host/src/launch_blocking.rs	M 	0	100644	6138fd81fb5f22846a3e5fe86106e66baab2a809	blob	68c3077fc42a76d89a1fbf26bd7c70d2e00a812fb418e6b77a721dd6a3e87a5f	2300	velnor-scheduler-turn-path-test/index/stage-0/crates/velnor-runner/crates/velnor-runner-host/src/launch_blocking.rs.source
/private/tmp/velnor-scheduler-turn-path-test	velnor-scheduler-turn-path-test	7581150e73df43aeaa8a7b8ab80157c87afa02d7	crates/velnor-runner/crates/velnor-runner-host/src/launch_harness.rs	M 	0	100644	e09ff715ff98f900f5ae608c8d54933f538b03b5	blob	cd8eb616bb7dbf3c2f6f73c551ea428b692f1a046ead345112dad8577b66989a	6851	velnor-scheduler-turn-path-test/index/stage-0/crates/velnor-runner/crates/velnor-runner-host/src/launch_harness.rs.source
/private/tmp/velnor-scheduler-turn-path-test	velnor-scheduler-turn-path-test	7581150e73df43aeaa8a7b8ab80157c87afa02d7	crates/velnor-runner/crates/velnor-runner-host/src/stage.rs	M 	0	100644	5e5d65180d3a90e84d96e35c1c33d3551a1c38f4	blob	81da08febabc259450527425d5fffe96ee938768aa399c853556f912c6568666	9830	velnor-scheduler-turn-path-test/index/stage-0/crates/velnor-runner/crates/velnor-runner-host/src/stage.rs.source
/private/tmp/velnor-scheduler-turn-path-test	velnor-scheduler-turn-path-test	7581150e73df43aeaa8a7b8ab80157c87afa02d7	crates/velnor-runner/crates/velnor-runner-host/src/stage/cleanup.rs	M 	0	100644	433d7ee92476adef481f1362ad2aedf33b6a88b8	blob	94271c6af80a80b3970bc67ba651a166cca7c68e2d793fa3f067e54ae9471a42	2832	velnor-scheduler-turn-path-test/index/stage-0/crates/velnor-runner/crates/velnor-runner-host/src/stage/cleanup.rs.source
/private/tmp/velnor-scheduler-turn-path-test	velnor-scheduler-turn-path-test	7581150e73df43aeaa8a7b8ab80157c87afa02d7	crates/velnor-runner/crates/velnor-runner-host/src/stage/engine.rs	A 	0	100644	302125d9df1b65dd6c173efec836faafeb59d7dc	blob	3e64f7404a8875a775103f2d608411aa27574da9168adaa1036d9def1957da75	4901	velnor-scheduler-turn-path-test/index/stage-0/crates/velnor-runner/crates/velnor-runner-host/src/stage/engine.rs.source
/private/tmp/velnor-scheduler-turn-path-test	velnor-scheduler-turn-path-test	7581150e73df43aeaa8a7b8ab80157c87afa02d7	crates/velnor-runner/crates/velnor-runner-host/src/stage/reconcile.rs	M 	0	100644	58e5ae0c01bc52115fb5ff0862d4f6a01727785a	blob	782bb03d7c0a2b2794567d099b35fa1d228438fde2640b70992b23e575d7b3fd	6497	velnor-scheduler-turn-path-test/index/stage-0/crates/velnor-runner/crates/velnor-runner-host/src/stage/reconcile.rs.source
/private/tmp/velnor-scheduler-turn-path-test	velnor-scheduler-turn-path-test	7581150e73df43aeaa8a7b8ab80157c87afa02d7	crates/velnor-runner/crates/velnor-runner-host/src/stage_tests.rs	M 	0	100644	eba47101814a6679d12b55eec917a6b368c80cd7	blob	e63fca724dc8b74161a4354850fec9c028afa3b9b8ae2716ab4fd4c3be10d48c	547	velnor-scheduler-turn-path-test/index/stage-0/crates/velnor-runner/crates/velnor-runner-host/src/stage_tests.rs.source
/private/tmp/velnor-scheduler-turn-path-test	velnor-scheduler-turn-path-test	7581150e73df43aeaa8a7b8ab80157c87afa02d7	crates/velnor-runner/crates/velnor-runner-host/src/stage_tests/cleanup.rs	M 	0	100644	072eb72815a3026c7a146b7708effd0169a21b50	blob	dda87f78c0759a38e0eb6c30a8df6b8ba66227b5a2150ee78a23990be76df706	4529	velnor-scheduler-turn-path-test/index/stage-0/crates/velnor-runner/crates/velnor-runner-host/src/stage_tests/cleanup.rs.source
/private/tmp/velnor-scheduler-turn-path-test	velnor-scheduler-turn-path-test	7581150e73df43aeaa8a7b8ab80157c87afa02d7	crates/velnor-runner/crates/velnor-runner-host/src/stage_tests/preparation.rs	M 	0	100644	d667ec8bad81dd5485e878ee8c1695082f90961d	blob	7765f2e68b2d86b09ab3ba26079cff00e3e23572390b49061014fe9129478847	3796	velnor-scheduler-turn-path-test/index/stage-0/crates/velnor-runner/crates/velnor-runner-host/src/stage_tests/preparation.rs.source
/private/tmp/velnor-scheduler-turn-path-test	velnor-scheduler-turn-path-test	7581150e73df43aeaa8a7b8ab80157c87afa02d7	crates/velnor-runner/crates/velnor-runner-host/src/stage_tests/reconcile.rs	M 	0	100644	ff809ad541ce61f208cf280b257da1af6463488a	blob	12149db40c42d6f15a0ba79fa72975841c7e68889bb85c5cb64aac972e9ee94e	5723	velnor-scheduler-turn-path-test/index/stage-0/crates/velnor-runner/crates/velnor-runner-host/src/stage_tests/reconcile.rs.source
/private/tmp/velnor-scheduler-turn-path-test	velnor-scheduler-turn-path-test	7581150e73df43aeaa8a7b8ab80157c87afa02d7	crates/velnor-runner/crates/velnor-runner-host/src/stage_tests/runner.rs	M 	0	100644	77358212f88ebfe7aa382829f465ed52ef3409ab	blob	f40571fc3ce6b7a62907d3bd4501e66abf49b57a1abf70bab263193007a64c16	4153	velnor-scheduler-turn-path-test/index/stage-0/crates/velnor-runner/crates/velnor-runner-host/src/stage_tests/runner.rs.source
/private/tmp/velnor-scheduler-turn-path-test	velnor-scheduler-turn-path-test	7581150e73df43aeaa8a7b8ab80157c87afa02d7	crates/velnor-runner/crates/velnor-runner-host/src/worker.rs	M 	0	100644	0dfd822c5dddbc071530d1d80344e694e039b51b	blob	560b9348116d6bd8466f232c0d4fb079a487fb18f7ae1957ac79d91f3a758d6b	12708	velnor-scheduler-turn-path-test/index/stage-0/crates/velnor-runner/crates/velnor-runner-host/src/worker.rs.source
/private/tmp/velnor-scheduler-turn-path-test	velnor-scheduler-turn-path-test	7581150e73df43aeaa8a7b8ab80157c87afa02d7	crates/velnor-runner/crates/velnor-runner-host/src/worker/prepared.rs	M 	0	100644	d9eb01cccf978082a605b918e4ac33adfa4c853b	blob	985a2e7f1270b362541663f59e23b1f632cec12a2f709e607482b3fdfa865383	2645	velnor-scheduler-turn-path-test/index/stage-0/crates/velnor-runner/crates/velnor-runner-host/src/worker/prepared.rs.source
/private/tmp/velnor-scheduler-turn-path-test	velnor-scheduler-turn-path-test	7581150e73df43aeaa8a7b8ab80157c87afa02d7	crates/velnor-runner/crates/velnor-runner-host/src/worker/projection.rs	M 	0	100644	1a6628f2723f2fc321efecea9e348d296cde3dd8	blob	c88dd3552d56d5a5e9b5f1ecad12ad0dbb759ae5a59c043d04665eb68f1a2d88	5388	velnor-scheduler-turn-path-test/index/stage-0/crates/velnor-runner/crates/velnor-runner-host/src/worker/projection.rs.source
/private/tmp/velnor-scheduler-turn-path-test	velnor-scheduler-turn-path-test	7581150e73df43aeaa8a7b8ab80157c87afa02d7	crates/velnor-runner/crates/velnor-runner-host/src/worker/projection_tests.rs	M 	0	100644	2cc9d704c91e27522ce63ef40545e2fb5cd84217	blob	21cd763b010272d9bf68bed3a6e3d3f96c0439ebb16030c35ccaa9216cc2ba17	8225	velnor-scheduler-turn-path-test/index/stage-0/crates/velnor-runner/crates/velnor-runner-host/src/worker/projection_tests.rs.source
/private/tmp/velnor-scheduler-turn-path-test	velnor-scheduler-turn-path-test	7581150e73df43aeaa8a7b8ab80157c87afa02d7	crates/velnor-runner/crates/velnor-runner-host/src/worker/resource_budget/mod.rs	A 	0	100644	01ddd1ddd3472284730e59471c613831b760704c	blob	b04f00aa880ddb3c75661edb5cf2b66f1eda5513bfc3f65a4340064f19aaf8b5	6861	velnor-scheduler-turn-path-test/index/stage-0/crates/velnor-runner/crates/velnor-runner-host/src/worker/resource_budget/mod.rs.source
/private/tmp/velnor-scheduler-turn-path-test	velnor-scheduler-turn-path-test	7581150e73df43aeaa8a7b8ab80157c87afa02d7	crates/velnor-runner/crates/velnor-runner-host/src/worker/resource_budget/tests.rs	A 	0	100644	366de907c3a502b62b9b1f5c5d9586073f4d8a1e	blob	9c6b89db3ee370e6ba056ac7b69a48f65156f7ea4fb1f7172ed945d0110adf86	5835	velnor-scheduler-turn-path-test/index/stage-0/crates/velnor-runner/crates/velnor-runner-host/src/worker/resource_budget/tests.rs.source
/private/tmp/velnor-scheduler-turn-path-test	velnor-scheduler-turn-path-test	7581150e73df43aeaa8a7b8ab80157c87afa02d7	crates/velnor-runner/crates/velnor-runner-host/src/worker/resources.rs	M 	0	100644	ce4723a734eecbdc0f903097091e9a93c15f4420	blob	8def83b16a46d4511c3a815b925767b24b3a5c948e445acc8aa502cae9cba050	9790	velnor-scheduler-turn-path-test/index/stage-0/crates/velnor-runner/crates/velnor-runner-host/src/worker/resources.rs.source
/private/tmp/velnor-scheduler-turn-path-test	velnor-scheduler-turn-path-test	7581150e73df43aeaa8a7b8ab80157c87afa02d7	crates/velnor-runner/crates/velnor-runner-host/src/worker/resources/containers.rs	M 	0	100644	6832d563e640f9bf6915e8e36a8526451f1748ce	blob	fc7fe7f1dc8d283f78747c35c5daec918790507b7e3178c9b26b830052b963b6	13337	velnor-scheduler-turn-path-test/index/stage-0/crates/velnor-runner/crates/velnor-runner-host/src/worker/resources/containers.rs.source
/private/tmp/velnor-scheduler-turn-path-test	velnor-scheduler-turn-path-test	7581150e73df43aeaa8a7b8ab80157c87afa02d7	crates/velnor-runner/crates/velnor-runner-host/src/worker/resources/containers_cgroupns_tests.rs	M 	0	100644	813305500c3c796cb26f877f13f10e3370914c54	blob	b58dd2f14eacee1fa79299321e8667cb5c2e5dfb0ce0ffd70ed3014b570acff6	984	velnor-scheduler-turn-path-test/index/stage-0/crates/velnor-runner/crates/velnor-runner-host/src/worker/resources/containers_cgroupns_tests.rs.source
/private/tmp/velnor-scheduler-turn-path-test	velnor-scheduler-turn-path-test	7581150e73df43aeaa8a7b8ab80157c87afa02d7	crates/velnor-runner/crates/velnor-runner-host/src/worker/resources/containers_identity.rs	A 	0	100644	e8b458cae834e508883b0053e9311d408679dbbe	blob	58b243fa9506dca374196b660104cbe2a664be70ba0ff9c82503300629f9d856	767	velnor-scheduler-turn-path-test/index/stage-0/crates/velnor-runner/crates/velnor-runner-host/src/worker/resources/containers_identity.rs.source
/private/tmp/velnor-scheduler-turn-path-test	velnor-scheduler-turn-path-test	7581150e73df43aeaa8a7b8ab80157c87afa02d7	crates/velnor-runner/crates/velnor-runner-host/src/worker/resources/containers_limits.rs	A 	0	100644	fd41e304cf1802008763152e7c1cc12c223c1807	blob	4cd8a44283ae60c963a1d81d6625890d33692391baf85f089563ab8720a6b218	740	velnor-scheduler-turn-path-test/index/stage-0/crates/velnor-runner/crates/velnor-runner-host/src/worker/resources/containers_limits.rs.source
/private/tmp/velnor-scheduler-turn-path-test	velnor-scheduler-turn-path-test	7581150e73df43aeaa8a7b8ab80157c87afa02d7	crates/velnor-runner/crates/velnor-runner-host/src/worker/resources/containers_resource_tests.rs	A 	0	100644	f82f2731212730ec148095386cc5ca2fa46bf313	blob	d1c7001eeea4bc22ed794638da719f69efdfab4b3f549dc85be57fd9cf206160	2398	velnor-scheduler-turn-path-test/index/stage-0/crates/velnor-runner/crates/velnor-runner-host/src/worker/resources/containers_resource_tests.rs.source
/private/tmp/velnor-scheduler-turn-path-test	velnor-scheduler-turn-path-test	7581150e73df43aeaa8a7b8ab80157c87afa02d7	crates/velnor-runner/crates/velnor-runner-host/src/worker/resources/containers_tests.rs	M 	0	100644	ab3aca0f2e7e845201a4628f1c2ec28d7a2e850f	blob	451a09a29064c3335a642065f87da9afda3fe44568f2f6a31e9c2b23769cf489	12440	velnor-scheduler-turn-path-test/index/stage-0/crates/velnor-runner/crates/velnor-runner-host/src/worker/resources/containers_tests.rs.source
/private/tmp/velnor-scheduler-turn-path-test	velnor-scheduler-turn-path-test	7581150e73df43aeaa8a7b8ab80157c87afa02d7	crates/velnor-runner/crates/velnor-runner-host/src/worker_tests.rs	M 	0	100644	dab3fa33f7aba1c5ceac231e1ba3735d463ff9ab	blob	c726cdcae3e57fdc18bbd01e84d947a528278021c97757147dc90eb73fbcfe1a	8899	velnor-scheduler-turn-path-test/index/stage-0/crates/velnor-runner/crates/velnor-runner-host/src/worker_tests.rs.source
/private/tmp/velnor-scheduler-turn-path-test	velnor-scheduler-turn-path-test	7581150e73df43aeaa8a7b8ab80157c87afa02d7	docs/proposed/macos-scaleset-runner.md	M 	0	100644	0d543d77662a58040e3ca1da7461ab1d8c1dd036	blob	53886d5fc43415e224ef7e5962d5263a73b9b596d9ad43c7115ba40e45cfbea4	10157	velnor-scheduler-turn-path-test/index/stage-0/docs/proposed/macos-scaleset-runner.md.source
/private/tmp/velnor-scheduler-work	velnor-scheduler-work	ed6a8096a3e0b8cb37aaf20b59a73c9c9a907663	crates/velnor-runner/crates/velnor-runner-host/src/journal_completion.rs	 M	0	100644	1e5b5cbe2386cce21368246146be74054daf2754	blob	a361516acb237c0c74802b73568d37c68445ad7eb0f84e970ca8df3d67bfcf05	8741	velnor-scheduler-work/index/stage-0/crates/velnor-runner/crates/velnor-runner-host/src/journal_completion.rs.source
/private/tmp/velnor-scheduler-work	velnor-scheduler-work	ed6a8096a3e0b8cb37aaf20b59a73c9c9a907663	crates/velnor-runner/crates/velnor-runner-host/src/journal_completion_tests.rs	 M	0	100644	a319eee59c43a9e02b2eea992589eaf983dc6d68	blob	9be95674113db4f833c73fdb2d31802e1d021b0fb28bc8c37dfab5a587ec766f	6471	velnor-scheduler-work/index/stage-0/crates/velnor-runner/crates/velnor-runner-host/src/journal_completion_tests.rs.source
/private/tmp/velnor-scheduler-work	velnor-scheduler-work	ed6a8096a3e0b8cb37aaf20b59a73c9c9a907663	crates/velnor-runner/crates/velnor-runner-host/src/journal_schema.rs	 M	0	100644	a27d5935d454e4fb81a23f61c17acd388e55107c	blob	aab53370cf9b8b2fa2dde0bf6862c63d7b062985d8e8aca0a4d87f357898cf43	12121	velnor-scheduler-work/index/stage-0/crates/velnor-runner/crates/velnor-runner-host/src/journal_schema.rs.source
/private/tmp/velnor-scheduler-work	velnor-scheduler-work	ed6a8096a3e0b8cb37aaf20b59a73c9c9a907663	crates/velnor-runner/crates/velnor-runner-host/src/launch/completion.rs	 M	0	100644	93a3d7e0f9c5c87a544383bd5b63d96f77f7b38a	blob	71b4c6358054d2b99ce9b4bde67ff03e1c7f9cf0c1f21e8b962167d56c3002c0	9708	velnor-scheduler-work/index/stage-0/crates/velnor-runner/crates/velnor-runner-host/src/launch/completion.rs.source
/private/tmp/velnor-scheduler-work	velnor-scheduler-work	ed6a8096a3e0b8cb37aaf20b59a73c9c9a907663	crates/velnor-runner/crates/velnor-runner-host/src/launch/completion/tests.rs	 M	0	100644	030f00595a05246b602bcd239ccfc759dd552b12	blob	87ff6c39573949da419d6e9fd0154a00f09de0c52bf67276b41bf9b3d593fa78	12552	velnor-scheduler-work/index/stage-0/crates/velnor-runner/crates/velnor-runner-host/src/launch/completion/tests.rs.source
/private/tmp/velnor-scheduler-work	velnor-scheduler-work	ed6a8096a3e0b8cb37aaf20b59a73c9c9a907663	crates/velnor-runner/crates/velnor-runner-host/src/launch/completion/tests/fair.rs	 M	0	100644	446ac135da5ecd934c05b504c7797d40218f1471	blob	07b438da2c84f9a39c9aa4fb9a731bf2cb8907df2567ff2dceb62d3e72253868	6138	velnor-scheduler-work/index/stage-0/crates/velnor-runner/crates/velnor-runner-host/src/launch/completion/tests/fair.rs.source
/private/tmp/velnor-scheduler-work	velnor-scheduler-work	ed6a8096a3e0b8cb37aaf20b59a73c9c9a907663	crates/velnor-runner/crates/velnor-runner-host/src/launch/completion/tests/lease.rs	 M	0	100644	e374f84e4a3c3fd6d2aac24ff4301c77a5198c60	blob	4cb5b664bd9aa841e4ff83a311499e0b3d173e58df2f581b39c21de9bff355d0	1406	velnor-scheduler-work/index/stage-0/crates/velnor-runner/crates/velnor-runner-host/src/launch/completion/tests/lease.rs.source
/private/tmp/velnor-scheduler-work	velnor-scheduler-work	ed6a8096a3e0b8cb37aaf20b59a73c9c9a907663	crates/velnor-runner/crates/velnor-runner-host/src/launch/completion/tests/retry.rs	 M	0	100644	915d9da015f5948c133646a19e7692c9a20cea17	blob	16b091aa2d447696cc6f54c5181b6627c76648a9a80bc55a56fef313ac33b371	2955	velnor-scheduler-work/index/stage-0/crates/velnor-runner/crates/velnor-runner-host/src/launch/completion/tests/retry.rs.source
/private/tmp/velnor-scheduler-work	velnor-scheduler-work	ed6a8096a3e0b8cb37aaf20b59a73c9c9a907663	crates/velnor-runner/crates/velnor-runner-host/src/launch/completion/tests/stalled.rs	 M	0	100644	c9ccf1e6a4e61089fc2788401a7cf51a208661f0	blob	e64f835ee8b43e5d0075e72ceddd074602a1016457a29869a01d635e00a2b141	5196	velnor-scheduler-work/index/stage-0/crates/velnor-runner/crates/velnor-runner-host/src/launch/completion/tests/stalled.rs.source
/private/tmp/velnor-scheduler-work	velnor-scheduler-work	ed6a8096a3e0b8cb37aaf20b59a73c9c9a907663	crates/velnor-runner/crates/velnor-runner-host/src/launch/turn.rs	 M	0	100644	9e66e6340befb19ffef7613a73d10eb70a498e81	blob	65a0369b5d711d3a29a3a4fe8c97656d07d2e95fd371c934de454f741b267df8	10329	velnor-scheduler-work/index/stage-0/crates/velnor-runner/crates/velnor-runner-host/src/launch/turn.rs.source
/private/tmp/velnor-seeds-durability-test	velnor-seeds-durability-test	eaebeb96a8ff53ec9c412870cacd93d8a6461452	crates/velnor-runner/crates/velnor-runner-host/src/action_archive_seed/preparation.rs	 M	0	100644	891081a37ace4e5591a65414bab1a273c520f1e0	blob	6d184ea7ce60a8f5ea021adaf4228367821b36443c22651f33cf590b4cf9c850	5276	velnor-seeds-durability-test/index/stage-0/crates/velnor-runner/crates/velnor-runner-host/src/action_archive_seed/preparation.rs.source
/private/tmp/velnor-seeds-durability-test	velnor-seeds-durability-test	eaebeb96a8ff53ec9c412870cacd93d8a6461452	crates/velnor-runner/crates/velnor-runner-host/src/action_archive_seed_tests/preparation_tests.rs	 M	0	100644	fddbde1857b5b7c4f2aad308b73c2c48810a34e7	blob	b5dde0d4b4c5aa757e6cbfcca6272a060a58ea477505acd60a89d72e88cafe99	8730	velnor-seeds-durability-test/index/stage-0/crates/velnor-runner/crates/velnor-runner-host/src/action_archive_seed_tests/preparation_tests.rs.source
/private/tmp/velnor-seeds-open-existing-final-test	velnor-seeds-open-existing-final-test	81f3119e5bfcc03f55828cf789769bd0da978979	crates/velnor-runner/crates/velnor-runner-host/src/action_archive_seed.rs	M 	0	100644	e44e01b8a404a4ad5b6e5f88f07f4219c732fbae	blob	ad332bad441c3e04e7bd0cbfefa652ec63bb9cd99b9244dd6bb0c33057d9f9d8	9777	velnor-seeds-open-existing-final-test/index/stage-0/crates/velnor-runner/crates/velnor-runner-host/src/action_archive_seed.rs.source
/private/tmp/velnor-seeds-open-existing-final-test	velnor-seeds-open-existing-final-test	81f3119e5bfcc03f55828cf789769bd0da978979	crates/velnor-runner/crates/velnor-runner-host/src/action_archive_seed/open_existing.rs	A 	0	100644	bedb5a1f8dd24c61bf0b01f32c18ea6f395a571b	blob	50cd676b7afd8bd68c76827b7d35580e4410f29df081de2663d42173b99758f9	5868	velnor-seeds-open-existing-final-test/index/stage-0/crates/velnor-runner/crates/velnor-runner-host/src/action_archive_seed/open_existing.rs.source
/private/tmp/velnor-seeds-open-existing-final-test	velnor-seeds-open-existing-final-test	81f3119e5bfcc03f55828cf789769bd0da978979	crates/velnor-runner/crates/velnor-runner-host/src/action_archive_seed_tests.rs	M 	0	100644	fc5a471d12d04a235a8739ccf0b9d5628e7d2b6a	blob	2f757a4f8707d751457137594205c66c709ffeeaaa9a390552936f007bc925ba	13432	velnor-seeds-open-existing-final-test/index/stage-0/crates/velnor-runner/crates/velnor-runner-host/src/action_archive_seed_tests.rs.source
/private/tmp/velnor-seeds-open-existing-final-test	velnor-seeds-open-existing-final-test	81f3119e5bfcc03f55828cf789769bd0da978979	crates/velnor-runner/crates/velnor-runner-host/src/action_archive_seed_tests/open_existing_tests.rs	A 	0	100644	15b9b799df61f0a79a293d154f90ac987a0c141d	blob	9d4ed86a3bd93c9c8f2d5548290ea2de531510cd937c4bbfc36e7e0502b46d4d	6238	velnor-seeds-open-existing-final-test/index/stage-0/crates/velnor-runner/crates/velnor-runner-host/src/action_archive_seed_tests/open_existing_tests.rs.source
/private/tmp/velnor-seeds-open-existing-test	velnor-seeds-open-existing-test	81f3119e5bfcc03f55828cf789769bd0da978979	crates/velnor-runner/crates/velnor-runner-host/src/action_archive_seed.rs	 M	0	100644	f5f71af916cb7eb656a9df77807f1586e134d6c5	blob	401426f817e6ef7507919b208d99a4902c29dcdfec836290bd66300ea89832ce	9758	velnor-seeds-open-existing-test/index/stage-0/crates/velnor-runner/crates/velnor-runner-host/src/action_archive_seed.rs.source
/private/tmp/velnor-seeds-open-existing-test	velnor-seeds-open-existing-test	81f3119e5bfcc03f55828cf789769bd0da978979	crates/velnor-runner/crates/velnor-runner-host/src/action_archive_seed_tests.rs	 M	0	100644	987e672f860f1c4d7247b5f10f85a79b73cd59aa	blob	ccca140bbb205ea8459c4ba00f923ec57991bb0073c4bf843c14e209d9048d6c	13346	velnor-seeds-open-existing-test/index/stage-0/crates/velnor-runner/crates/velnor-runner-host/src/action_archive_seed_tests.rs.source
/private/tmp/velnor-seeds-prep-final	velnor-seeds-prep-final	0b5e8eb3353256a75281ef62a8f453b8b6ecde6b	crates/velnor-runner/crates/velnor-runner-host/src/action_archive_seed.rs	 M	0	100644	50417ead691881b476b83cd5a7af6afde8e85273	blob	924da749c4436e898fb16470a6dff06fd3cda53e527f7e0908a40d84e9b5a3a0	9470	velnor-seeds-prep-final/index/stage-0/crates/velnor-runner/crates/velnor-runner-host/src/action_archive_seed.rs.source
/private/tmp/velnor-seeds-prep-nogetter	velnor-seeds-prep-nogetter	0b5e8eb3353256a75281ef62a8f453b8b6ecde6b	crates/velnor-runner/crates/velnor-runner-host/src/action_archive_seed.rs	 M	0	100644	50417ead691881b476b83cd5a7af6afde8e85273	blob	924da749c4436e898fb16470a6dff06fd3cda53e527f7e0908a40d84e9b5a3a0	9470	velnor-seeds-prep-nogetter/index/stage-0/crates/velnor-runner/crates/velnor-runner-host/src/action_archive_seed.rs.source
/private/tmp/velnor-seeds-prep-test	velnor-seeds-prep-test	0b5e8eb3353256a75281ef62a8f453b8b6ecde6b	crates/velnor-runner/crates/velnor-runner-host/src/action_archive_seed.rs	 M	0	100644	50417ead691881b476b83cd5a7af6afde8e85273	blob	924da749c4436e898fb16470a6dff06fd3cda53e527f7e0908a40d84e9b5a3a0	9470	velnor-seeds-prep-test/index/stage-0/crates/velnor-runner/crates/velnor-runner-host/src/action_archive_seed.rs.source
/private/tmp/velnor-seeds-recovery-durable-test	velnor-seeds-recovery-durable-test	eaebeb96a8ff53ec9c412870cacd93d8a6461452	crates/velnor-runner/crates/velnor-runner-host/src/action_archive_seed.rs	 M	0	100644	e0410e747d9b2abd17432a574dc72f0b90a9e8cb	blob	0bd27f98b7cdd489c04d0117ebd2262c28b849f958864b5131dcaaeeb887d98f	9657	velnor-seeds-recovery-durable-test/index/stage-0/crates/velnor-runner/crates/velnor-runner-host/src/action_archive_seed.rs.source
/private/tmp/velnor-seeds-recovery-durable-test	velnor-seeds-recovery-durable-test	eaebeb96a8ff53ec9c412870cacd93d8a6461452	crates/velnor-runner/crates/velnor-runner-host/src/action_archive_seed/lease.rs	 M	0	100644	be10443e7e4f4d91e7d567b84d15a923d638e335	blob	a0fc66bf81319cfab012463a70bf4648da49f6bd252ed86b60ba8fc0d254e9b1	11865	velnor-seeds-recovery-durable-test/index/stage-0/crates/velnor-runner/crates/velnor-runner-host/src/action_archive_seed/lease.rs.source
/private/tmp/velnor-seeds-recovery-durable-test	velnor-seeds-recovery-durable-test	eaebeb96a8ff53ec9c412870cacd93d8a6461452	crates/velnor-runner/crates/velnor-runner-host/src/action_archive_seed/preparation.rs	 M	0	100644	891081a37ace4e5591a65414bab1a273c520f1e0	blob	6d184ea7ce60a8f5ea021adaf4228367821b36443c22651f33cf590b4cf9c850	5276	velnor-seeds-recovery-durable-test/index/stage-0/crates/velnor-runner/crates/velnor-runner-host/src/action_archive_seed/preparation.rs.source
/private/tmp/velnor-seeds-recovery-durable-test	velnor-seeds-recovery-durable-test	eaebeb96a8ff53ec9c412870cacd93d8a6461452	crates/velnor-runner/crates/velnor-runner-host/src/action_archive_seed_tests/preparation_tests.rs	 M	0	100644	fddbde1857b5b7c4f2aad308b73c2c48810a34e7	blob	b5dde0d4b4c5aa757e6cbfcca6272a060a58ea477505acd60a89d72e88cafe99	8730	velnor-seeds-recovery-durable-test/index/stage-0/crates/velnor-runner/crates/velnor-runner-host/src/action_archive_seed_tests/preparation_tests.rs.source
/private/tmp/velnor-seeds-recovery-isolated	velnor-seeds-recovery-isolated	eaebeb96a8ff53ec9c412870cacd93d8a6461452	crates/velnor-runner/crates/velnor-runner-host/src/action_archive_seed.rs	 M	0	100644	e0410e747d9b2abd17432a574dc72f0b90a9e8cb	blob	0bd27f98b7cdd489c04d0117ebd2262c28b849f958864b5131dcaaeeb887d98f	9657	velnor-seeds-recovery-isolated/index/stage-0/crates/velnor-runner/crates/velnor-runner-host/src/action_archive_seed.rs.source
/private/tmp/velnor-seeds-recovery-isolated	velnor-seeds-recovery-isolated	eaebeb96a8ff53ec9c412870cacd93d8a6461452	crates/velnor-runner/crates/velnor-runner-host/src/action_archive_seed/lease.rs	 M	0	100644	be10443e7e4f4d91e7d567b84d15a923d638e335	blob	a0fc66bf81319cfab012463a70bf4648da49f6bd252ed86b60ba8fc0d254e9b1	11865	velnor-seeds-recovery-isolated/index/stage-0/crates/velnor-runner/crates/velnor-runner-host/src/action_archive_seed/lease.rs.source
/private/tmp/velnor-seeds-recovery-isolated	velnor-seeds-recovery-isolated	eaebeb96a8ff53ec9c412870cacd93d8a6461452	crates/velnor-runner/crates/velnor-runner-host/src/action_archive_seed/preparation.rs	 M	0	100644	891081a37ace4e5591a65414bab1a273c520f1e0	blob	6d184ea7ce60a8f5ea021adaf4228367821b36443c22651f33cf590b4cf9c850	5276	velnor-seeds-recovery-isolated/index/stage-0/crates/velnor-runner/crates/velnor-runner-host/src/action_archive_seed/preparation.rs.source
/private/tmp/velnor-seeds-recovery-isolated	velnor-seeds-recovery-isolated	eaebeb96a8ff53ec9c412870cacd93d8a6461452	crates/velnor-runner/crates/velnor-runner-host/src/action_archive_seed_tests/preparation_tests.rs	 M	0	100644	fddbde1857b5b7c4f2aad308b73c2c48810a34e7	blob	b5dde0d4b4c5aa757e6cbfcca6272a060a58ea477505acd60a89d72e88cafe99	8730	velnor-seeds-recovery-isolated/index/stage-0/crates/velnor-runner/crates/velnor-runner-host/src/action_archive_seed_tests/preparation_tests.rs.source
/private/tmp/velnor-seeds-recovery-test	velnor-seeds-recovery-test	e7f24f4439a38e1f101cec6ad083e0c587742c64	crates/velnor-runner/crates/velnor-runner-host/src/action_archive_seed.rs	 M	0	100644	e0410e747d9b2abd17432a574dc72f0b90a9e8cb	blob	0bd27f98b7cdd489c04d0117ebd2262c28b849f958864b5131dcaaeeb887d98f	9657	velnor-seeds-recovery-test/index/stage-0/crates/velnor-runner/crates/velnor-runner-host/src/action_archive_seed.rs.source
/private/tmp/velnor-seeds-recovery-test	velnor-seeds-recovery-test	e7f24f4439a38e1f101cec6ad083e0c587742c64	crates/velnor-runner/crates/velnor-runner-host/src/action_archive_seed/lease.rs	 M	0	100644	be10443e7e4f4d91e7d567b84d15a923d638e335	blob	a0fc66bf81319cfab012463a70bf4648da49f6bd252ed86b60ba8fc0d254e9b1	11865	velnor-seeds-recovery-test/index/stage-0/crates/velnor-runner/crates/velnor-runner-host/src/action_archive_seed/lease.rs.source
/private/tmp/velnor-seeds-test	velnor-seeds-test	a0d97950d880d37c764d739bbfba09d0d061e1c0	crates/velnor-runner/crates/velnor-runner-host/src/lib.rs	 M	0	100644	707681acc3fb742c584b8de093722cb5fa363cad	blob	0c06c2b459a33f3c4759f76a0e38988cd87552836d764d71efb97ad68dac64b8	2373	velnor-seeds-test/index/stage-0/crates/velnor-runner/crates/velnor-runner-host/src/lib.rs.source
