source_worktree_path	worktree_name	head_commit	head_tree	branch	original_relative_path	status_xy	change_side	status_kind	rename_from	head_mode	head_blob_oid	index_stage_mode_blob_ids	worktree_kind	worktree_git_mode	worktree_fs_mode	worktree_blob_oid	worktree_sha256	worktree_bytes	archived_worktree_source_path
/private/tmp/velnor-scheduler-cleanup-composite	velnor-scheduler-cleanup-composite	7581150e73df43aeaa8a7b8ab80157c87afa02d7	01e84a09f7040a9cc317b336f853f6f141bb9a12	(detached)	crates/velnor-runner/crates/velnor-runner-cli/src/args.rs	M 	staged	modified		100644	6445faff9ae1514321d4e2a210dac14eee0d23f5	0:100644:1513114b8f3f57d59ea438f75a409374a557b288	regular	100644	0o644	1513114b8f3f57d59ea438f75a409374a557b288	dc3eabb8b77e641c62367cf9622e418a740795e3986193ed9dc75c0d6243b1c6	3490	velnor-scheduler-cleanup-composite/worktree/crates/velnor-runner/crates/velnor-runner-cli/src/args.rs.source
/private/tmp/velnor-scheduler-cleanup-composite	velnor-scheduler-cleanup-composite	7581150e73df43aeaa8a7b8ab80157c87afa02d7	01e84a09f7040a9cc317b336f853f6f141bb9a12	(detached)	crates/velnor-runner/crates/velnor-runner-cli/src/daemon_run.rs	M 	staged	modified		100644	1d6c4e1a64490adbca2d73931fe14f6726d08cdc	0:100644:52bbe013d05f335eeec77271de7c559abf95d08b	regular	100644	0o644	52bbe013d05f335eeec77271de7c559abf95d08b	1068bb9f67086bf65e0c5535ac0713c873c4ccd201d252e225d6e6209377c7b7	6412	velnor-scheduler-cleanup-composite/worktree/crates/velnor-runner/crates/velnor-runner-cli/src/daemon_run.rs.source
/private/tmp/velnor-scheduler-cleanup-composite	velnor-scheduler-cleanup-composite	7581150e73df43aeaa8a7b8ab80157c87afa02d7	01e84a09f7040a9cc317b336f853f6f141bb9a12	(detached)	crates/velnor-runner/crates/velnor-runner-cli/src/dispatch.rs	M 	staged	modified		100644	3411898a9823eb1da6890e4bfa076b5960300149	0:100644:913a729cba69527ba5c92573f8a88ef5d697ff24	regular	100644	0o644	913a729cba69527ba5c92573f8a88ef5d697ff24	487c3ac37a00cad3d5a2028e26198ddc9c167e6b08b821d2390bccfe1ba7c7cb	8898	velnor-scheduler-cleanup-composite/worktree/crates/velnor-runner/crates/velnor-runner-cli/src/dispatch.rs.source
/private/tmp/velnor-scheduler-cleanup-composite	velnor-scheduler-cleanup-composite	7581150e73df43aeaa8a7b8ab80157c87afa02d7	01e84a09f7040a9cc317b336f853f6f141bb9a12	(detached)	crates/velnor-runner/crates/velnor-runner-cli/src/dispatch/connect_tests.rs	M 	staged	modified		100644	c9fc950d852c8939583ab38dd00fb8a0147785b2	0:100644:b98b8922c278682e4bc9bbe25277730c340dd81a	regular	100644	0o644	b98b8922c278682e4bc9bbe25277730c340dd81a	7b092535591fd572d5504c5ff35bc05eeb093fac64b1c16d24071fbbba560ec1	6412	velnor-scheduler-cleanup-composite/worktree/crates/velnor-runner/crates/velnor-runner-cli/src/dispatch/connect_tests.rs.source
/private/tmp/velnor-scheduler-cleanup-composite	velnor-scheduler-cleanup-composite	7581150e73df43aeaa8a7b8ab80157c87afa02d7	01e84a09f7040a9cc317b336f853f6f141bb9a12	(detached)	crates/velnor-runner/crates/velnor-runner-host/examples/launch_once.rs	M 	staged	modified		100644	41930fda092ed59584cd3d3b93a27bf995327300	0:100644:52b6bf59336b0e48290e6a5abe6cfa03b0afeb31	regular	100644	0o644	52b6bf59336b0e48290e6a5abe6cfa03b0afeb31	c1e6c4c122e3cd495f9738e4a403c451ad794c2c909313d31fe32bec9a55d37e	3242	velnor-scheduler-cleanup-composite/worktree/crates/velnor-runner/crates/velnor-runner-host/examples/launch_once.rs.source
/private/tmp/velnor-scheduler-cleanup-composite	velnor-scheduler-cleanup-composite	7581150e73df43aeaa8a7b8ab80157c87afa02d7	01e84a09f7040a9cc317b336f853f6f141bb9a12	(detached)	crates/velnor-runner/crates/velnor-runner-host/src/action_archive_seed.rs	M 	staged	modified		100644	e44e01b8a404a4ad5b6e5f88f07f4219c732fbae	0:100644:02eabb2184bfdc585a28d3088448852d43dc0873	regular	100644	0o644	02eabb2184bfdc585a28d3088448852d43dc0873	c6933ae608d66a4dd3d60e646b76d674e3c768d5267cada67f7d78c2030dadf0	9702	velnor-scheduler-cleanup-composite/worktree/crates/velnor-runner/crates/velnor-runner-host/src/action_archive_seed.rs.source
/private/tmp/velnor-scheduler-cleanup-composite	velnor-scheduler-cleanup-composite	7581150e73df43aeaa8a7b8ab80157c87afa02d7	01e84a09f7040a9cc317b336f853f6f141bb9a12	(detached)	crates/velnor-runner/crates/velnor-runner-host/src/config.rs	M 	staged	modified		100644	7e7db2c73f457d8fed7d3a41d6494e4104952df0	0:100644:f159ee2dd2b85b73cb680272350c6cd9b0e76aa6	regular	100644	0o644	f159ee2dd2b85b73cb680272350c6cd9b0e76aa6	dc90608122cd7fcf1e7eda86b11d8996d91f58eb8716dbed161358bfbd16f0aa	4012	velnor-scheduler-cleanup-composite/worktree/crates/velnor-runner/crates/velnor-runner-host/src/config.rs.source
/private/tmp/velnor-scheduler-cleanup-composite	velnor-scheduler-cleanup-composite	7581150e73df43aeaa8a7b8ab80157c87afa02d7	01e84a09f7040a9cc317b336f853f6f141bb9a12	(detached)	crates/velnor-runner/crates/velnor-runner-host/src/connect_tests.rs	M 	staged	modified		100644	0ad80b0c1cee60c7c7573ecc7dfa7272c64354f8	0:100644:536d7f6e3b39d49d6f44663e73261f9e9acfef69	regular	100644	0o644	536d7f6e3b39d49d6f44663e73261f9e9acfef69	8bb0ddda3a1a38cca5055910258d6c302860103bdf04c3d4979c92bc7b6a7fac	7498	velnor-scheduler-cleanup-composite/worktree/crates/velnor-runner/crates/velnor-runner-host/src/connect_tests.rs.source
/private/tmp/velnor-scheduler-cleanup-composite	velnor-scheduler-cleanup-composite	7581150e73df43aeaa8a7b8ab80157c87afa02d7	01e84a09f7040a9cc317b336f853f6f141bb9a12	(detached)	crates/velnor-runner/crates/velnor-runner-host/src/launch.rs	M 	staged	modified		100644	82a0d3f7bcb3a0e6914636792d3f7c556f1eaf9b	0:100644:b04ba39369b9707807b090c992e76caff937f78d	regular	100644	0o644	b04ba39369b9707807b090c992e76caff937f78d	112856e87d197ddeea59815b7040e5ad433de77734319f82e3db76efad862096	10734	velnor-scheduler-cleanup-composite/worktree/crates/velnor-runner/crates/velnor-runner-host/src/launch.rs.source
/private/tmp/velnor-scheduler-cleanup-composite	velnor-scheduler-cleanup-composite	7581150e73df43aeaa8a7b8ab80157c87afa02d7	01e84a09f7040a9cc317b336f853f6f141bb9a12	(detached)	crates/velnor-runner/crates/velnor-runner-host/src/launch/completion/tests/engine.rs	 M	unstaged/untracked	modified		100644	29094452d8bca8f3c993e5aa9be184e07377ac8b	0:100644:29094452d8bca8f3c993e5aa9be184e07377ac8b	regular	100644	0o644	c2725eb3215ca7ecdfcf541aa347bf9d56423060	99824a66bb367a6face8e34f3aefb0bdef01df7b5f4119c1173f7dc94f11fbc2	7915	velnor-scheduler-cleanup-composite/worktree/crates/velnor-runner/crates/velnor-runner-host/src/launch/completion/tests/engine.rs.source
/private/tmp/velnor-scheduler-cleanup-composite	velnor-scheduler-cleanup-composite	7581150e73df43aeaa8a7b8ab80157c87afa02d7	01e84a09f7040a9cc317b336f853f6f141bb9a12	(detached)	crates/velnor-runner/crates/velnor-runner-host/src/launch/lane.rs	A 	staged	added				0:100644:367c4038348a54fb2c052a8ccef54631822c3003	regular	100644	0o644	367c4038348a54fb2c052a8ccef54631822c3003	d8c4015a65e1deb565f971d16b571d7540ed376f874630a7485de47cd7b1a20c	1640	velnor-scheduler-cleanup-composite/worktree/crates/velnor-runner/crates/velnor-runner-host/src/launch/lane.rs.source
/private/tmp/velnor-scheduler-cleanup-composite	velnor-scheduler-cleanup-composite	7581150e73df43aeaa8a7b8ab80157c87afa02d7	01e84a09f7040a9cc317b336f853f6f141bb9a12	(detached)	crates/velnor-runner/crates/velnor-runner-host/src/launch/turn.rs	M 	staged	modified		100644	91f5caafe6d7125aa9b808d3777d1eaf5e76c8ac	0:100644:999dff9d48f6f010eea0f3311348291a7ed1837b	regular	100644	0o644	999dff9d48f6f010eea0f3311348291a7ed1837b	cdbbd4febd86c47884208693f29b31270945f52226e62d1a0b427c812789793f	12205	velnor-scheduler-cleanup-composite/worktree/crates/velnor-runner/crates/velnor-runner-host/src/launch/turn.rs.source
/private/tmp/velnor-scheduler-cleanup-composite	velnor-scheduler-cleanup-composite	7581150e73df43aeaa8a7b8ab80157c87afa02d7	01e84a09f7040a9cc317b336f853f6f141bb9a12	(detached)	crates/velnor-runner/crates/velnor-runner-host/src/launch/turn/budget_tests.rs	A 	staged	added				0:100644:c0e73dc4918c83c331c43091722e44a06e021afd	regular	100644	0o644	c0e73dc4918c83c331c43091722e44a06e021afd	9d0a65c9b59776af39c84e7fd4ceed7e2cdc250d5410cbbf18c28e7eec5c3145	3007	velnor-scheduler-cleanup-composite/worktree/crates/velnor-runner/crates/velnor-runner-host/src/launch/turn/budget_tests.rs.source
/private/tmp/velnor-scheduler-cleanup-composite	velnor-scheduler-cleanup-composite	7581150e73df43aeaa8a7b8ab80157c87afa02d7	01e84a09f7040a9cc317b336f853f6f141bb9a12	(detached)	crates/velnor-runner/crates/velnor-runner-host/src/launch/turn/policy.rs	A 	staged	added				0:100644:b84700f91fdf8b889a565ad2120fa4fcd8075b9b	regular	100644	0o644	b84700f91fdf8b889a565ad2120fa4fcd8075b9b	9e88fd9dd5b47adda92dc339e419fe843f5b98572c6fbc3ddb4875aa6ba05ed8	1221	velnor-scheduler-cleanup-composite/worktree/crates/velnor-runner/crates/velnor-runner-host/src/launch/turn/policy.rs.source
/private/tmp/velnor-scheduler-cleanup-composite	velnor-scheduler-cleanup-composite	7581150e73df43aeaa8a7b8ab80157c87afa02d7	01e84a09f7040a9cc317b336f853f6f141bb9a12	(detached)	crates/velnor-runner/crates/velnor-runner-host/src/launch_blocking.rs	M 	staged	modified		100644	12035af4d176370252b87e893ffcc48900e5badc	0:100644:6138fd81fb5f22846a3e5fe86106e66baab2a809	regular	100644	0o644	6138fd81fb5f22846a3e5fe86106e66baab2a809	68c3077fc42a76d89a1fbf26bd7c70d2e00a812fb418e6b77a721dd6a3e87a5f	2300	velnor-scheduler-cleanup-composite/worktree/crates/velnor-runner/crates/velnor-runner-host/src/launch_blocking.rs.source
/private/tmp/velnor-scheduler-cleanup-composite	velnor-scheduler-cleanup-composite	7581150e73df43aeaa8a7b8ab80157c87afa02d7	01e84a09f7040a9cc317b336f853f6f141bb9a12	(detached)	crates/velnor-runner/crates/velnor-runner-host/src/launch_harness.rs	M 	staged	modified		100644	d56474b43e4807833e68be63d1cfe9a492adc093	0:100644:e09ff715ff98f900f5ae608c8d54933f538b03b5	regular	100644	0o644	e09ff715ff98f900f5ae608c8d54933f538b03b5	cd8eb616bb7dbf3c2f6f73c551ea428b692f1a046ead345112dad8577b66989a	6851	velnor-scheduler-cleanup-composite/worktree/crates/velnor-runner/crates/velnor-runner-host/src/launch_harness.rs.source
/private/tmp/velnor-scheduler-cleanup-composite	velnor-scheduler-cleanup-composite	7581150e73df43aeaa8a7b8ab80157c87afa02d7	01e84a09f7040a9cc317b336f853f6f141bb9a12	(detached)	crates/velnor-runner/crates/velnor-runner-host/src/stage.rs	MM	staged	modified		100644	ac7d6cadb520fbb49308a427bc290a0069830e13	0:100644:532dea6a302813144a0bf6f45740b0cb39441234	regular	100644	0o644	4553fa72cd519a67fff230306cb163eb5d1ec901	fb81346af784928915b8649fda95afcc28a84efcf86710ef5b9d2fdafb4fff9e	10294	velnor-scheduler-cleanup-composite/worktree/crates/velnor-runner/crates/velnor-runner-host/src/stage.rs.source
/private/tmp/velnor-scheduler-cleanup-composite	velnor-scheduler-cleanup-composite	7581150e73df43aeaa8a7b8ab80157c87afa02d7	01e84a09f7040a9cc317b336f853f6f141bb9a12	(detached)	crates/velnor-runner/crates/velnor-runner-host/src/stage/cleanup.rs	MM	staged	modified		100644	bb08c04ea817a1fca5a0a852cd24b6a258c1d4db	0:100644:433d7ee92476adef481f1362ad2aedf33b6a88b8	regular	100644	0o644	d903c977e0980e9aaec96a624042d5f979d8abba	86903376542d1bc3ab22e62edc8aa1cd71a9cace79097df13ce2afd490bec6cc	4708	velnor-scheduler-cleanup-composite/worktree/crates/velnor-runner/crates/velnor-runner-host/src/stage/cleanup.rs.source
/private/tmp/velnor-scheduler-cleanup-composite	velnor-scheduler-cleanup-composite	7581150e73df43aeaa8a7b8ab80157c87afa02d7	01e84a09f7040a9cc317b336f853f6f141bb9a12	(detached)	crates/velnor-runner/crates/velnor-runner-host/src/stage/engine.rs	AM	staged	added				0:100644:302125d9df1b65dd6c173efec836faafeb59d7dc	regular	100644	0o644	35488ebce685f760d0a84d2fc13dbb2d7716f66a	4628d0f4e87a8305054553dd8619301f11b3ccf6bb98acb01f7b1410e1316ed8	5207	velnor-scheduler-cleanup-composite/worktree/crates/velnor-runner/crates/velnor-runner-host/src/stage/engine.rs.source
/private/tmp/velnor-scheduler-cleanup-composite	velnor-scheduler-cleanup-composite	7581150e73df43aeaa8a7b8ab80157c87afa02d7	01e84a09f7040a9cc317b336f853f6f141bb9a12	(detached)	crates/velnor-runner/crates/velnor-runner-host/src/stage/reconcile.rs	M 	staged	modified		100644	b984917590895f1102bbeca4a07b7d06d78e2c91	0:100644:58e5ae0c01bc52115fb5ff0862d4f6a01727785a	regular	100644	0o644	58e5ae0c01bc52115fb5ff0862d4f6a01727785a	782bb03d7c0a2b2794567d099b35fa1d228438fde2640b70992b23e575d7b3fd	6497	velnor-scheduler-cleanup-composite/worktree/crates/velnor-runner/crates/velnor-runner-host/src/stage/reconcile.rs.source
/private/tmp/velnor-scheduler-cleanup-composite	velnor-scheduler-cleanup-composite	7581150e73df43aeaa8a7b8ab80157c87afa02d7	01e84a09f7040a9cc317b336f853f6f141bb9a12	(detached)	crates/velnor-runner/crates/velnor-runner-host/src/stage_tests.rs	M 	staged	modified		100644	e42282e132a779145c4bc61d32a1e9b7b7d0a957	0:100644:eba47101814a6679d12b55eec917a6b368c80cd7	regular	100644	0o644	eba47101814a6679d12b55eec917a6b368c80cd7	e63fca724dc8b74161a4354850fec9c028afa3b9b8ae2716ab4fd4c3be10d48c	547	velnor-scheduler-cleanup-composite/worktree/crates/velnor-runner/crates/velnor-runner-host/src/stage_tests.rs.source
/private/tmp/velnor-scheduler-cleanup-composite	velnor-scheduler-cleanup-composite	7581150e73df43aeaa8a7b8ab80157c87afa02d7	01e84a09f7040a9cc317b336f853f6f141bb9a12	(detached)	crates/velnor-runner/crates/velnor-runner-host/src/stage_tests/cleanup.rs	MM	staged	modified		100644	b0e5b6755cb6400af2f9684501fb1848a9c3ba17	0:100644:072eb72815a3026c7a146b7708effd0169a21b50	regular	100644	0o644	6076a34b38a8a579325a0a792c3d37cd44790214	137545bedff3f9afd7a66d81237cb32f9a0640818282c91d3059f43acff31cbe	5643	velnor-scheduler-cleanup-composite/worktree/crates/velnor-runner/crates/velnor-runner-host/src/stage_tests/cleanup.rs.source
/private/tmp/velnor-scheduler-cleanup-composite	velnor-scheduler-cleanup-composite	7581150e73df43aeaa8a7b8ab80157c87afa02d7	01e84a09f7040a9cc317b336f853f6f141bb9a12	(detached)	crates/velnor-runner/crates/velnor-runner-host/src/stage_tests/fake.rs	 M	unstaged/untracked	modified		100644	4b8a7e17a91ee9b57535dad1b5431c333374d154	0:100644:4b8a7e17a91ee9b57535dad1b5431c333374d154	regular	100644	0o644	00f5d5d6f137ef3bb01126d37cbc62ed2a53545c	d36c8c6d8c854a3718ef7488e2c0c0d016a3ffcb79e25ba1d5222fa49f048736	10452	velnor-scheduler-cleanup-composite/worktree/crates/velnor-runner/crates/velnor-runner-host/src/stage_tests/fake.rs.source
/private/tmp/velnor-scheduler-cleanup-composite	velnor-scheduler-cleanup-composite	7581150e73df43aeaa8a7b8ab80157c87afa02d7	01e84a09f7040a9cc317b336f853f6f141bb9a12	(detached)	crates/velnor-runner/crates/velnor-runner-host/src/stage_tests/preparation.rs	MM	staged	modified		100644	0deee317aef3fd6b571dda0b19b9d37d7669b8f2	0:100644:d667ec8bad81dd5485e878ee8c1695082f90961d	regular	100644	0o644	e7db1c3c06369bac44451fecd9c5e604ce54ebf7	eff2ce838032c845ebd17b0f161d717ca36e9fabbe81005cce9f347780180277	4290	velnor-scheduler-cleanup-composite/worktree/crates/velnor-runner/crates/velnor-runner-host/src/stage_tests/preparation.rs.source
/private/tmp/velnor-scheduler-cleanup-composite	velnor-scheduler-cleanup-composite	7581150e73df43aeaa8a7b8ab80157c87afa02d7	01e84a09f7040a9cc317b336f853f6f141bb9a12	(detached)	crates/velnor-runner/crates/velnor-runner-host/src/stage_tests/reconcile.rs	M 	staged	modified		100644	f8695c7cefa7fc9d5dcd936e2fb547211bcaa3db	0:100644:ff809ad541ce61f208cf280b257da1af6463488a	regular	100644	0o644	ff809ad541ce61f208cf280b257da1af6463488a	12149db40c42d6f15a0ba79fa72975841c7e68889bb85c5cb64aac972e9ee94e	5723	velnor-scheduler-cleanup-composite/worktree/crates/velnor-runner/crates/velnor-runner-host/src/stage_tests/reconcile.rs.source
/private/tmp/velnor-scheduler-cleanup-composite	velnor-scheduler-cleanup-composite	7581150e73df43aeaa8a7b8ab80157c87afa02d7	01e84a09f7040a9cc317b336f853f6f141bb9a12	(detached)	crates/velnor-runner/crates/velnor-runner-host/src/stage_tests/runner.rs	M 	staged	modified		100644	ea17a6da1187bf61e02c7156d3cd980062b8ca05	0:100644:77358212f88ebfe7aa382829f465ed52ef3409ab	regular	100644	0o644	77358212f88ebfe7aa382829f465ed52ef3409ab	f40571fc3ce6b7a62907d3bd4501e66abf49b57a1abf70bab263193007a64c16	4153	velnor-scheduler-cleanup-composite/worktree/crates/velnor-runner/crates/velnor-runner-host/src/stage_tests/runner.rs.source
/private/tmp/velnor-scheduler-cleanup-composite	velnor-scheduler-cleanup-composite	7581150e73df43aeaa8a7b8ab80157c87afa02d7	01e84a09f7040a9cc317b336f853f6f141bb9a12	(detached)	crates/velnor-runner/crates/velnor-runner-host/src/worker.rs	MM	staged	modified		100644	22da22de157c0ec2397b4639e896438768ccb35e	0:100644:22c6c96347262dadc4ce3338fc19b6b185167ff9	regular	100644	0o644	ccb829c78c4b7d6dad445deb3883c71de28e5fef	6037a9a343c5e3d706a5b8a63c67538afac079e9088b0058b02f3ec17b82b0f0	12701	velnor-scheduler-cleanup-composite/worktree/crates/velnor-runner/crates/velnor-runner-host/src/worker.rs.source
/private/tmp/velnor-scheduler-cleanup-composite	velnor-scheduler-cleanup-composite	7581150e73df43aeaa8a7b8ab80157c87afa02d7	01e84a09f7040a9cc317b336f853f6f141bb9a12	(detached)	crates/velnor-runner/crates/velnor-runner-host/src/worker/prepared.rs	M 	staged	modified		100644	e1192b72d173f301b7cec8aaea2b21d143d31569	0:100644:d9eb01cccf978082a605b918e4ac33adfa4c853b	regular	100644	0o644	d9eb01cccf978082a605b918e4ac33adfa4c853b	985a2e7f1270b362541663f59e23b1f632cec12a2f709e607482b3fdfa865383	2645	velnor-scheduler-cleanup-composite/worktree/crates/velnor-runner/crates/velnor-runner-host/src/worker/prepared.rs.source
/private/tmp/velnor-scheduler-cleanup-composite	velnor-scheduler-cleanup-composite	7581150e73df43aeaa8a7b8ab80157c87afa02d7	01e84a09f7040a9cc317b336f853f6f141bb9a12	(detached)	crates/velnor-runner/crates/velnor-runner-host/src/worker/projection.rs	M 	staged	modified		100644	a29bb6a991e9c523e2fd89e5618ac0bfefb9813e	0:100644:1a6628f2723f2fc321efecea9e348d296cde3dd8	regular	100644	0o644	1a6628f2723f2fc321efecea9e348d296cde3dd8	c88dd3552d56d5a5e9b5f1ecad12ad0dbb759ae5a59c043d04665eb68f1a2d88	5388	velnor-scheduler-cleanup-composite/worktree/crates/velnor-runner/crates/velnor-runner-host/src/worker/projection.rs.source
/private/tmp/velnor-scheduler-cleanup-composite	velnor-scheduler-cleanup-composite	7581150e73df43aeaa8a7b8ab80157c87afa02d7	01e84a09f7040a9cc317b336f853f6f141bb9a12	(detached)	crates/velnor-runner/crates/velnor-runner-host/src/worker/projection_tests.rs	M 	staged	modified		100644	023f6a93a5190a9ae205e5f1cc07821ed98f1484	0:100644:2cc9d704c91e27522ce63ef40545e2fb5cd84217	regular	100644	0o644	2cc9d704c91e27522ce63ef40545e2fb5cd84217	21cd763b010272d9bf68bed3a6e3d3f96c0439ebb16030c35ccaa9216cc2ba17	8225	velnor-scheduler-cleanup-composite/worktree/crates/velnor-runner/crates/velnor-runner-host/src/worker/projection_tests.rs.source
/private/tmp/velnor-scheduler-cleanup-composite	velnor-scheduler-cleanup-composite	7581150e73df43aeaa8a7b8ab80157c87afa02d7	01e84a09f7040a9cc317b336f853f6f141bb9a12	(detached)	crates/velnor-runner/crates/velnor-runner-host/src/worker/resource_budget/mod.rs	A 	staged	added				0:100644:01ddd1ddd3472284730e59471c613831b760704c	regular	100644	0o644	01ddd1ddd3472284730e59471c613831b760704c	b04f00aa880ddb3c75661edb5cf2b66f1eda5513bfc3f65a4340064f19aaf8b5	6861	velnor-scheduler-cleanup-composite/worktree/crates/velnor-runner/crates/velnor-runner-host/src/worker/resource_budget/mod.rs.source
/private/tmp/velnor-scheduler-cleanup-composite	velnor-scheduler-cleanup-composite	7581150e73df43aeaa8a7b8ab80157c87afa02d7	01e84a09f7040a9cc317b336f853f6f141bb9a12	(detached)	crates/velnor-runner/crates/velnor-runner-host/src/worker/resource_budget/tests.rs	A 	staged	added				0:100644:366de907c3a502b62b9b1f5c5d9586073f4d8a1e	regular	100644	0o644	366de907c3a502b62b9b1f5c5d9586073f4d8a1e	9c6b89db3ee370e6ba056ac7b69a48f65156f7ea4fb1f7172ed945d0110adf86	5835	velnor-scheduler-cleanup-composite/worktree/crates/velnor-runner/crates/velnor-runner-host/src/worker/resource_budget/tests.rs.source
/private/tmp/velnor-scheduler-cleanup-composite	velnor-scheduler-cleanup-composite	7581150e73df43aeaa8a7b8ab80157c87afa02d7	01e84a09f7040a9cc317b336f853f6f141bb9a12	(detached)	crates/velnor-runner/crates/velnor-runner-host/src/worker/resources.rs	MM	staged	modified		100644	6914928159bfed2562bdeef2318a9f3f9c465aeb	0:100644:ce4723a734eecbdc0f903097091e9a93c15f4420	regular	100644	0o644	ae0ec1401ee23b3359cf5b521de23d4b2d53a3d7	91a5ab46d767f37d1065fca589c3267629d078ead81c27c6c2b2305a51ed0fc6	10197	velnor-scheduler-cleanup-composite/worktree/crates/velnor-runner/crates/velnor-runner-host/src/worker/resources.rs.source
/private/tmp/velnor-scheduler-cleanup-composite	velnor-scheduler-cleanup-composite	7581150e73df43aeaa8a7b8ab80157c87afa02d7	01e84a09f7040a9cc317b336f853f6f141bb9a12	(detached)	crates/velnor-runner/crates/velnor-runner-host/src/worker/resources/containers.rs	M 	staged	modified		100644	7eeca1d8b0fff98fe9dd728ba1d5b6a9b7a5922d	0:100644:2c3382dfffc88c1a76ce36ea8a5f72f8381cf67c	regular	100644	0o644	2c3382dfffc88c1a76ce36ea8a5f72f8381cf67c	36bb73a29aac0eb4c5add1aec0d85681f1a6d559d7d00d2dd7922dfeddc6a403	13372	velnor-scheduler-cleanup-composite/worktree/crates/velnor-runner/crates/velnor-runner-host/src/worker/resources/containers.rs.source
/private/tmp/velnor-scheduler-cleanup-composite	velnor-scheduler-cleanup-composite	7581150e73df43aeaa8a7b8ab80157c87afa02d7	01e84a09f7040a9cc317b336f853f6f141bb9a12	(detached)	crates/velnor-runner/crates/velnor-runner-host/src/worker/resources/containers_cgroupns_tests.rs	M 	staged	modified		100644	1a9ab6e61c8c3982a161bbd1cab0aacfe082f561	0:100644:813305500c3c796cb26f877f13f10e3370914c54	regular	100644	0o644	813305500c3c796cb26f877f13f10e3370914c54	b58dd2f14eacee1fa79299321e8667cb5c2e5dfb0ce0ffd70ed3014b570acff6	984	velnor-scheduler-cleanup-composite/worktree/crates/velnor-runner/crates/velnor-runner-host/src/worker/resources/containers_cgroupns_tests.rs.source
/private/tmp/velnor-scheduler-cleanup-composite	velnor-scheduler-cleanup-composite	7581150e73df43aeaa8a7b8ab80157c87afa02d7	01e84a09f7040a9cc317b336f853f6f141bb9a12	(detached)	crates/velnor-runner/crates/velnor-runner-host/src/worker/resources/containers_identity.rs	A 	staged	added				0:100644:e8b458cae834e508883b0053e9311d408679dbbe	regular	100644	0o644	e8b458cae834e508883b0053e9311d408679dbbe	58b243fa9506dca374196b660104cbe2a664be70ba0ff9c82503300629f9d856	767	velnor-scheduler-cleanup-composite/worktree/crates/velnor-runner/crates/velnor-runner-host/src/worker/resources/containers_identity.rs.source
/private/tmp/velnor-scheduler-cleanup-composite	velnor-scheduler-cleanup-composite	7581150e73df43aeaa8a7b8ab80157c87afa02d7	01e84a09f7040a9cc317b336f853f6f141bb9a12	(detached)	crates/velnor-runner/crates/velnor-runner-host/src/worker/resources/containers_limits.rs	A 	staged	added				0:100644:fd41e304cf1802008763152e7c1cc12c223c1807	regular	100644	0o644	fd41e304cf1802008763152e7c1cc12c223c1807	4cd8a44283ae60c963a1d81d6625890d33692391baf85f089563ab8720a6b218	740	velnor-scheduler-cleanup-composite/worktree/crates/velnor-runner/crates/velnor-runner-host/src/worker/resources/containers_limits.rs.source
/private/tmp/velnor-scheduler-cleanup-composite	velnor-scheduler-cleanup-composite	7581150e73df43aeaa8a7b8ab80157c87afa02d7	01e84a09f7040a9cc317b336f853f6f141bb9a12	(detached)	crates/velnor-runner/crates/velnor-runner-host/src/worker/resources/containers_resource_tests.rs	A 	staged	added				0:100644:f82f2731212730ec148095386cc5ca2fa46bf313	regular	100644	0o644	f82f2731212730ec148095386cc5ca2fa46bf313	d1c7001eeea4bc22ed794638da719f69efdfab4b3f549dc85be57fd9cf206160	2398	velnor-scheduler-cleanup-composite/worktree/crates/velnor-runner/crates/velnor-runner-host/src/worker/resources/containers_resource_tests.rs.source
/private/tmp/velnor-scheduler-cleanup-composite	velnor-scheduler-cleanup-composite	7581150e73df43aeaa8a7b8ab80157c87afa02d7	01e84a09f7040a9cc317b336f853f6f141bb9a12	(detached)	crates/velnor-runner/crates/velnor-runner-host/src/worker/resources/containers_tests.rs	M 	staged	modified		100644	efe36d05ba614cd62a5968c796b0a55c13f1b68f	0:100644:ab3aca0f2e7e845201a4628f1c2ec28d7a2e850f	regular	100644	0o644	ab3aca0f2e7e845201a4628f1c2ec28d7a2e850f	451a09a29064c3335a642065f87da9afda3fe44568f2f6a31e9c2b23769cf489	12440	velnor-scheduler-cleanup-composite/worktree/crates/velnor-runner/crates/velnor-runner-host/src/worker/resources/containers_tests.rs.source
/private/tmp/velnor-scheduler-cleanup-composite	velnor-scheduler-cleanup-composite	7581150e73df43aeaa8a7b8ab80157c87afa02d7	01e84a09f7040a9cc317b336f853f6f141bb9a12	(detached)	crates/velnor-runner/crates/velnor-runner-host/src/worker_tests.rs	M 	staged	modified		100644	b7916e1451995a8aa5811c7360a9e6c1a3719b5b	0:100644:dab3fa33f7aba1c5ceac231e1ba3735d463ff9ab	regular	100644	0o644	dab3fa33f7aba1c5ceac231e1ba3735d463ff9ab	c726cdcae3e57fdc18bbd01e84d947a528278021c97757147dc90eb73fbcfe1a	8899	velnor-scheduler-cleanup-composite/worktree/crates/velnor-runner/crates/velnor-runner-host/src/worker_tests.rs.source
/private/tmp/velnor-scheduler-cleanup-composite	velnor-scheduler-cleanup-composite	7581150e73df43aeaa8a7b8ab80157c87afa02d7	01e84a09f7040a9cc317b336f853f6f141bb9a12	(detached)	docs/proposed/macos-scaleset-runner.md	M 	staged	modified		100644	d7fe770eb4ca325068df71482590c083183b7d9b	0:100644:0d543d77662a58040e3ca1da7461ab1d8c1dd036	regular	100644	0o644	0d543d77662a58040e3ca1da7461ab1d8c1dd036	53886d5fc43415e224ef7e5962d5263a73b9b596d9ad43c7115ba40e45cfbea4	10157	velnor-scheduler-cleanup-composite/worktree/docs/proposed/macos-scaleset-runner.md.source
/private/tmp/velnor-scheduler-combined	velnor-scheduler-combined	2f0317f336b6f803376db85ac5404014768c06f4	6db4ec7da907d806def765eea651fddba38002e4	(detached)	crates/velnor-runner/crates/velnor-runner-host/src/journal_completion_effect_tests.rs	MM	staged	modified		100644	6068202cc81f35b036fd7d0b2e46bd1d43e02bd4	0:100644:68abf821511652b9b12a99ed777151b44f87a639	regular	100644	0o644	6068202cc81f35b036fd7d0b2e46bd1d43e02bd4	45584ecd63392185cfe1aa86cff8da7adacde964283ce26e43e91f10ed321b03	7709	velnor-scheduler-combined/worktree/crates/velnor-runner/crates/velnor-runner-host/src/journal_completion_effect_tests.rs.source
/private/tmp/velnor-scheduler-completion-test	velnor-scheduler-completion-test	8a1d4e92f8a01c011de4e99e650ac78fa295a588	76c11ab47682d88ebe80823258c07323b1bc9dd3	(detached)	crates/velnor-runner/crates/velnor-runner-host/src/https.rs	M 	staged	modified		100644	6a9297483c4dbe7533096136b6911456a35525fe	0:100644:2465a021f5bf196a3c0e7281339282efc652be44	regular	100644	0o644	2465a021f5bf196a3c0e7281339282efc652be44	92f12e65ad25c379d0f03bb6d40cd7b40da5fce3eb87d5ee573c6619bac381da	8381	velnor-scheduler-completion-test/worktree/crates/velnor-runner/crates/velnor-runner-host/src/https.rs.source
/private/tmp/velnor-scheduler-completion-test	velnor-scheduler-completion-test	8a1d4e92f8a01c011de4e99e650ac78fa295a588	76c11ab47682d88ebe80823258c07323b1bc9dd3	(detached)	crates/velnor-runner/crates/velnor-runner-host/src/https_tests.rs	M 	staged	modified		100644	bb015c0d79c4a525f14c3986a188d9f285aba1fe	0:100644:2a69c1c504adbb28e79b4d2104266da9cc95edd4	regular	100644	0o644	2a69c1c504adbb28e79b4d2104266da9cc95edd4	879369defd2059f821112df34b18c6735bc9299c1464f6667c07523205d15a20	1776	velnor-scheduler-completion-test/worktree/crates/velnor-runner/crates/velnor-runner-host/src/https_tests.rs.source
/private/tmp/velnor-scheduler-completion-test	velnor-scheduler-completion-test	8a1d4e92f8a01c011de4e99e650ac78fa295a588	76c11ab47682d88ebe80823258c07323b1bc9dd3	(detached)	crates/velnor-runner/crates/velnor-runner-host/src/journal.rs	M 	staged	modified		100644	330d43106fb4ba2ae14fc43e5320420db05ae488	0:100644:552cad510b344d0e43197c924dcb00dc3e8bcc0c	regular	100644	0o644	552cad510b344d0e43197c924dcb00dc3e8bcc0c	72649858ae39eab78712bf9c960ccfa874c90c58dac892aa7f746f7b76d6333a	13379	velnor-scheduler-completion-test/worktree/crates/velnor-runner/crates/velnor-runner-host/src/journal.rs.source
/private/tmp/velnor-scheduler-completion-test	velnor-scheduler-completion-test	8a1d4e92f8a01c011de4e99e650ac78fa295a588	76c11ab47682d88ebe80823258c07323b1bc9dd3	(detached)	crates/velnor-runner/crates/velnor-runner-host/src/journal_assignment.rs	M 	staged	modified		100644	bf20bc1b3360f647b1d9d851c7f15f2af53bd4c3	0:100644:fe0e2aaff1f1d0722f98ff3b048cfc813ac8ac12	regular	100644	0o644	fe0e2aaff1f1d0722f98ff3b048cfc813ac8ac12	4082b50e7497a68c622ea6b8c5b4132e4023f4836b080002b320b89c668fff90	11035	velnor-scheduler-completion-test/worktree/crates/velnor-runner/crates/velnor-runner-host/src/journal_assignment.rs.source
/private/tmp/velnor-scheduler-completion-test	velnor-scheduler-completion-test	8a1d4e92f8a01c011de4e99e650ac78fa295a588	76c11ab47682d88ebe80823258c07323b1bc9dd3	(detached)	crates/velnor-runner/crates/velnor-runner-host/src/journal_completion.rs	A 	staged	added				0:100644:1e5b5cbe2386cce21368246146be74054daf2754	regular	100644	0o644	1e5b5cbe2386cce21368246146be74054daf2754	a361516acb237c0c74802b73568d37c68445ad7eb0f84e970ca8df3d67bfcf05	8741	velnor-scheduler-completion-test/worktree/crates/velnor-runner/crates/velnor-runner-host/src/journal_completion.rs.source
/private/tmp/velnor-scheduler-completion-test	velnor-scheduler-completion-test	8a1d4e92f8a01c011de4e99e650ac78fa295a588	76c11ab47682d88ebe80823258c07323b1bc9dd3	(detached)	crates/velnor-runner/crates/velnor-runner-host/src/journal_completion_tests.rs	A 	staged	added				0:100644:a319eee59c43a9e02b2eea992589eaf983dc6d68	regular	100644	0o644	a319eee59c43a9e02b2eea992589eaf983dc6d68	9be95674113db4f833c73fdb2d31802e1d021b0fb28bc8c37dfab5a587ec766f	6471	velnor-scheduler-completion-test/worktree/crates/velnor-runner/crates/velnor-runner-host/src/journal_completion_tests.rs.source
/private/tmp/velnor-scheduler-completion-test	velnor-scheduler-completion-test	8a1d4e92f8a01c011de4e99e650ac78fa295a588	76c11ab47682d88ebe80823258c07323b1bc9dd3	(detached)	crates/velnor-runner/crates/velnor-runner-host/src/journal_effects.rs	M 	staged	modified		100644	ebf5c9cfab77ea1e8e096a91c01bc9b913482a11	0:100644:b53135dcbf990f4af24cab2838d652ed968ec7d5	regular	100644	0o644	b53135dcbf990f4af24cab2838d652ed968ec7d5	35754e139ca9b804c6e2cd2b1823e76d887f705485525a23915068c0d5d462da	4301	velnor-scheduler-completion-test/worktree/crates/velnor-runner/crates/velnor-runner-host/src/journal_effects.rs.source
/private/tmp/velnor-scheduler-completion-test	velnor-scheduler-completion-test	8a1d4e92f8a01c011de4e99e650ac78fa295a588	76c11ab47682d88ebe80823258c07323b1bc9dd3	(detached)	crates/velnor-runner/crates/velnor-runner-host/src/journal_schema.rs	M 	staged	modified		100644	9dd7bbc5ff894fa25f179c705b6dbfdee08b328d	0:100644:a27d5935d454e4fb81a23f61c17acd388e55107c	regular	100644	0o644	a27d5935d454e4fb81a23f61c17acd388e55107c	aab53370cf9b8b2fa2dde0bf6862c63d7b062985d8e8aca0a4d87f357898cf43	12121	velnor-scheduler-completion-test/worktree/crates/velnor-runner/crates/velnor-runner-host/src/journal_schema.rs.source
/private/tmp/velnor-scheduler-completion-test	velnor-scheduler-completion-test	8a1d4e92f8a01c011de4e99e650ac78fa295a588	76c11ab47682d88ebe80823258c07323b1bc9dd3	(detached)	crates/velnor-runner/crates/velnor-runner-host/src/journal_sql.rs	M 	staged	modified		100644	5154bcfc67835c11d1817e9898cc3c2f83a88833	0:100644:b44e8874f1b0473c252ecd2ae9781ccd3665a5ae	regular	100644	0o644	b44e8874f1b0473c252ecd2ae9781ccd3665a5ae	9b062b8e1ca92cadfb7bfe5b2162b0f256f0e4612ec3b2cc37978448c50d4d02	3326	velnor-scheduler-completion-test/worktree/crates/velnor-runner/crates/velnor-runner-host/src/journal_sql.rs.source
/private/tmp/velnor-scheduler-completion-test	velnor-scheduler-completion-test	8a1d4e92f8a01c011de4e99e650ac78fa295a588	76c11ab47682d88ebe80823258c07323b1bc9dd3	(detached)	crates/velnor-runner/crates/velnor-runner-host/src/launch.rs	M 	staged	modified		100644	59a07bef691dacdf861e7cd9f6342be594957ac9	0:100644:82a0d3f7bcb3a0e6914636792d3f7c556f1eaf9b	regular	100644	0o644	82a0d3f7bcb3a0e6914636792d3f7c556f1eaf9b	3583873d149778926f9c0b3082c63f96eb63bb07013c5443140c9e827621dda9	11286	velnor-scheduler-completion-test/worktree/crates/velnor-runner/crates/velnor-runner-host/src/launch.rs.source
/private/tmp/velnor-scheduler-completion-test	velnor-scheduler-completion-test	8a1d4e92f8a01c011de4e99e650ac78fa295a588	76c11ab47682d88ebe80823258c07323b1bc9dd3	(detached)	crates/velnor-runner/crates/velnor-runner-host/src/launch/capacity.rs	M 	staged	modified		100644	5acf6fe5edd890c9d06bf8e7862e7e1f2cd6eaa8	0:100644:e8fddb3d422f758f5a1e1c9084fe117c1b5b0d14	regular	100644	0o644	e8fddb3d422f758f5a1e1c9084fe117c1b5b0d14	774bb39e9d1cb126dbf0d7066d7b4e661e0672f539c8d417aeb7a50924b2f751	12241	velnor-scheduler-completion-test/worktree/crates/velnor-runner/crates/velnor-runner-host/src/launch/capacity.rs.source
/private/tmp/velnor-scheduler-completion-test	velnor-scheduler-completion-test	8a1d4e92f8a01c011de4e99e650ac78fa295a588	76c11ab47682d88ebe80823258c07323b1bc9dd3	(detached)	crates/velnor-runner/crates/velnor-runner-host/src/launch/completion.rs	A 	staged	added				0:100644:93a3d7e0f9c5c87a544383bd5b63d96f77f7b38a	regular	100644	0o644	93a3d7e0f9c5c87a544383bd5b63d96f77f7b38a	71b4c6358054d2b99ce9b4bde67ff03e1c7f9cf0c1f21e8b962167d56c3002c0	9708	velnor-scheduler-completion-test/worktree/crates/velnor-runner/crates/velnor-runner-host/src/launch/completion.rs.source
/private/tmp/velnor-scheduler-completion-test	velnor-scheduler-completion-test	8a1d4e92f8a01c011de4e99e650ac78fa295a588	76c11ab47682d88ebe80823258c07323b1bc9dd3	(detached)	crates/velnor-runner/crates/velnor-runner-host/src/launch/completion/tests.rs	A 	staged	added				0:100644:030f00595a05246b602bcd239ccfc759dd552b12	regular	100644	0o644	030f00595a05246b602bcd239ccfc759dd552b12	87ff6c39573949da419d6e9fd0154a00f09de0c52bf67276b41bf9b3d593fa78	12552	velnor-scheduler-completion-test/worktree/crates/velnor-runner/crates/velnor-runner-host/src/launch/completion/tests.rs.source
/private/tmp/velnor-scheduler-completion-test	velnor-scheduler-completion-test	8a1d4e92f8a01c011de4e99e650ac78fa295a588	76c11ab47682d88ebe80823258c07323b1bc9dd3	(detached)	crates/velnor-runner/crates/velnor-runner-host/src/launch/completion/tests/fair.rs	A 	staged	added				0:100644:446ac135da5ecd934c05b504c7797d40218f1471	regular	100644	0o644	446ac135da5ecd934c05b504c7797d40218f1471	07b438da2c84f9a39c9aa4fb9a731bf2cb8907df2567ff2dceb62d3e72253868	6138	velnor-scheduler-completion-test/worktree/crates/velnor-runner/crates/velnor-runner-host/src/launch/completion/tests/fair.rs.source
/private/tmp/velnor-scheduler-completion-test	velnor-scheduler-completion-test	8a1d4e92f8a01c011de4e99e650ac78fa295a588	76c11ab47682d88ebe80823258c07323b1bc9dd3	(detached)	crates/velnor-runner/crates/velnor-runner-host/src/launch/completion/tests/lease.rs	A 	staged	added				0:100644:e374f84e4a3c3fd6d2aac24ff4301c77a5198c60	regular	100644	0o644	e374f84e4a3c3fd6d2aac24ff4301c77a5198c60	4cb5b664bd9aa841e4ff83a311499e0b3d173e58df2f581b39c21de9bff355d0	1406	velnor-scheduler-completion-test/worktree/crates/velnor-runner/crates/velnor-runner-host/src/launch/completion/tests/lease.rs.source
/private/tmp/velnor-scheduler-completion-test	velnor-scheduler-completion-test	8a1d4e92f8a01c011de4e99e650ac78fa295a588	76c11ab47682d88ebe80823258c07323b1bc9dd3	(detached)	crates/velnor-runner/crates/velnor-runner-host/src/launch/completion/tests/retry.rs	A 	staged	added				0:100644:915d9da015f5948c133646a19e7692c9a20cea17	regular	100644	0o644	915d9da015f5948c133646a19e7692c9a20cea17	16b091aa2d447696cc6f54c5181b6627c76648a9a80bc55a56fef313ac33b371	2955	velnor-scheduler-completion-test/worktree/crates/velnor-runner/crates/velnor-runner-host/src/launch/completion/tests/retry.rs.source
/private/tmp/velnor-scheduler-completion-test	velnor-scheduler-completion-test	8a1d4e92f8a01c011de4e99e650ac78fa295a588	76c11ab47682d88ebe80823258c07323b1bc9dd3	(detached)	crates/velnor-runner/crates/velnor-runner-host/src/launch/completion/tests/stalled.rs	A 	staged	added				0:100644:c9ccf1e6a4e61089fc2788401a7cf51a208661f0	regular	100644	0o644	c9ccf1e6a4e61089fc2788401a7cf51a208661f0	e64f835ee8b43e5d0075e72ceddd074602a1016457a29869a01d635e00a2b141	5196	velnor-scheduler-completion-test/worktree/crates/velnor-runner/crates/velnor-runner-host/src/launch/completion/tests/stalled.rs.source
/private/tmp/velnor-scheduler-completion-test	velnor-scheduler-completion-test	8a1d4e92f8a01c011de4e99e650ac78fa295a588	76c11ab47682d88ebe80823258c07323b1bc9dd3	(detached)	crates/velnor-runner/crates/velnor-runner-host/src/launch/steps.rs	M 	staged	modified		100644	b532646685d5ce587223e22e1a2bf154c28b081a	0:100644:93114f5dcee2da79f8930a05f43cfac9472e2cdd	regular	100644	0o644	93114f5dcee2da79f8930a05f43cfac9472e2cdd	e50251c58872fac26564c4500ba691d7ee69a93be8f2583ce619f76e93112af1	8850	velnor-scheduler-completion-test/worktree/crates/velnor-runner/crates/velnor-runner-host/src/launch/steps.rs.source
/private/tmp/velnor-scheduler-completion-test	velnor-scheduler-completion-test	8a1d4e92f8a01c011de4e99e650ac78fa295a588	76c11ab47682d88ebe80823258c07323b1bc9dd3	(detached)	crates/velnor-runner/crates/velnor-runner-host/src/launch/steps_acquire.rs	M 	staged	modified		100644	54a7d2b61762e0fa2c23d6956fce7f6193cef1d9	0:100644:8baf3508b71bad47be01c90de3070b0c46acccf2	regular	100644	0o644	8baf3508b71bad47be01c90de3070b0c46acccf2	bd9fedf2a0543bcdb047a1a80d85cdd11fb4b6c39715fec9119f2d00a532d613	6001	velnor-scheduler-completion-test/worktree/crates/velnor-runner/crates/velnor-runner-host/src/launch/steps_acquire.rs.source
/private/tmp/velnor-scheduler-completion-test	velnor-scheduler-completion-test	8a1d4e92f8a01c011de4e99e650ac78fa295a588	76c11ab47682d88ebe80823258c07323b1bc9dd3	(detached)	crates/velnor-runner/crates/velnor-runner-host/src/launch/turn.rs	M 	staged	modified		100644	9b94d78f67affe76a8edf4ba322f9c5f37d234b7	0:100644:9e66e6340befb19ffef7613a73d10eb70a498e81	regular	100644	0o644	9e66e6340befb19ffef7613a73d10eb70a498e81	65a0369b5d711d3a29a3a4fe8c97656d07d2e95fd371c934de454f741b267df8	10329	velnor-scheduler-completion-test/worktree/crates/velnor-runner/crates/velnor-runner-host/src/launch/turn.rs.source
/private/tmp/velnor-scheduler-completion-test	velnor-scheduler-completion-test	8a1d4e92f8a01c011de4e99e650ac78fa295a588	76c11ab47682d88ebe80823258c07323b1bc9dd3	(detached)	crates/velnor-runner/crates/velnor-runner-host/src/launch/turn/admission_tests.rs	M 	staged	modified		100644	85366808eabcdd10a49edaa6e6563b6a1f6695f8	0:100644:99440450603ca4bea210658e6fce3374fe6d5b78	regular	100644	0o644	99440450603ca4bea210658e6fce3374fe6d5b78	8994d612665bfcf34b487a592a3f184fe8bcc2362863326e328418994a1bd8e4	8666	velnor-scheduler-completion-test/worktree/crates/velnor-runner/crates/velnor-runner-host/src/launch/turn/admission_tests.rs.source
/private/tmp/velnor-scheduler-completion-test	velnor-scheduler-completion-test	8a1d4e92f8a01c011de4e99e650ac78fa295a588	76c11ab47682d88ebe80823258c07323b1bc9dd3	(detached)	crates/velnor-runner/crates/velnor-runner-host/src/lib.rs	M 	staged	modified		100644	e2dae6efb489d13974d6d2a7bdb0cb527eb98027	0:100644:8845c679a61829e8cc3978d2dd03e5ceb68bdb19	regular	100644	0o644	8845c679a61829e8cc3978d2dd03e5ceb68bdb19	7b5d55007f705a281b94d9f5d0189d1e1608563a383ccf3797146593bf5dbbf2	2617	velnor-scheduler-completion-test/worktree/crates/velnor-runner/crates/velnor-runner-host/src/lib.rs.source
/private/tmp/velnor-scheduler-completion-test	velnor-scheduler-completion-test	8a1d4e92f8a01c011de4e99e650ac78fa295a588	76c11ab47682d88ebe80823258c07323b1bc9dd3	(detached)	crates/velnor-runner/crates/velnor-runner-host/src/reconcile.rs	M 	staged	modified		100644	5c22dde98cadfee6c9285eecbc246060efee374b	0:100644:1e83c7a9e414bd2abe3625945307cc5a35f3874e	regular	100644	0o644	1e83c7a9e414bd2abe3625945307cc5a35f3874e	5838baab2998b0e6e7874deb3c722f1909a7f04586309875f7257723784d752c	4655	velnor-scheduler-completion-test/worktree/crates/velnor-runner/crates/velnor-runner-host/src/reconcile.rs.source
/private/tmp/velnor-scheduler-completion-test	velnor-scheduler-completion-test	8a1d4e92f8a01c011de4e99e650ac78fa295a588	76c11ab47682d88ebe80823258c07323b1bc9dd3	(detached)	crates/velnor-runner/crates/velnor-runner-host/src/reconcile_tests.rs	M 	staged	modified		100644	f0338b894b01cb0bf5acd42f906a0af9dcd7edc9	0:100644:2a2039e3ae140cfeef7e3f827bee2ced19ff37be	regular	100644	0o644	2a2039e3ae140cfeef7e3f827bee2ced19ff37be	1a5fd80945cd619e726dfb3cf9db9392825c634c884762bcc44a7ea3212de260	5705	velnor-scheduler-completion-test/worktree/crates/velnor-runner/crates/velnor-runner-host/src/reconcile_tests.rs.source
/private/tmp/velnor-scheduler-completion-test	velnor-scheduler-completion-test	8a1d4e92f8a01c011de4e99e650ac78fa295a588	76c11ab47682d88ebe80823258c07323b1bc9dd3	(detached)	crates/velnor-runner/crates/velnor-runner-host/src/stage/reconcile.rs	M 	staged	modified		100644	d2e5a4a7a7d5a438ede5e0a85d9cd42d1f6ae745	0:100644:b984917590895f1102bbeca4a07b7d06d78e2c91	regular	100644	0o644	b984917590895f1102bbeca4a07b7d06d78e2c91	9bf595703ed58ea761f84562a77fa724b2b2264408aa5e3e155854794728a346	4614	velnor-scheduler-completion-test/worktree/crates/velnor-runner/crates/velnor-runner-host/src/stage/reconcile.rs.source
/private/tmp/velnor-scheduler-diagnostic-d3f1	velnor-scheduler-diagnostic-d3f1	81f3119e5bfcc03f55828cf789769bd0da978979	b82591159d25172d5b01539bdb65640c7074a58b	(detached)	crates/velnor-runner/crates/velnor-runner-host/src/action_archive_seed.rs	M 	staged	modified		100644	f5f71af916cb7eb656a9df77807f1586e134d6c5	0:100644:e44e01b8a404a4ad5b6e5f88f07f4219c732fbae	regular	100644	0o644	e44e01b8a404a4ad5b6e5f88f07f4219c732fbae	ad332bad441c3e04e7bd0cbfefa652ec63bb9cd99b9244dd6bb0c33057d9f9d8	9777	velnor-scheduler-diagnostic-d3f1/worktree/crates/velnor-runner/crates/velnor-runner-host/src/action_archive_seed.rs.source
/private/tmp/velnor-scheduler-diagnostic-d3f1	velnor-scheduler-diagnostic-d3f1	81f3119e5bfcc03f55828cf789769bd0da978979	b82591159d25172d5b01539bdb65640c7074a58b	(detached)	crates/velnor-runner/crates/velnor-runner-host/src/action_archive_seed/open_existing.rs	A 	staged	added				0:100644:bedb5a1f8dd24c61bf0b01f32c18ea6f395a571b	regular	100644	0o644	bedb5a1f8dd24c61bf0b01f32c18ea6f395a571b	50cd676b7afd8bd68c76827b7d35580e4410f29df081de2663d42173b99758f9	5868	velnor-scheduler-diagnostic-d3f1/worktree/crates/velnor-runner/crates/velnor-runner-host/src/action_archive_seed/open_existing.rs.source
/private/tmp/velnor-scheduler-diagnostic-d3f1	velnor-scheduler-diagnostic-d3f1	81f3119e5bfcc03f55828cf789769bd0da978979	b82591159d25172d5b01539bdb65640c7074a58b	(detached)	crates/velnor-runner/crates/velnor-runner-host/src/action_archive_seed_tests.rs	M 	staged	modified		100644	987e672f860f1c4d7247b5f10f85a79b73cd59aa	0:100644:fc5a471d12d04a235a8739ccf0b9d5628e7d2b6a	regular	100644	0o644	fc5a471d12d04a235a8739ccf0b9d5628e7d2b6a	2f757a4f8707d751457137594205c66c709ffeeaaa9a390552936f007bc925ba	13432	velnor-scheduler-diagnostic-d3f1/worktree/crates/velnor-runner/crates/velnor-runner-host/src/action_archive_seed_tests.rs.source
/private/tmp/velnor-scheduler-diagnostic-d3f1	velnor-scheduler-diagnostic-d3f1	81f3119e5bfcc03f55828cf789769bd0da978979	b82591159d25172d5b01539bdb65640c7074a58b	(detached)	crates/velnor-runner/crates/velnor-runner-host/src/action_archive_seed_tests/open_existing_tests.rs	A 	staged	added				0:100644:15b9b799df61f0a79a293d154f90ac987a0c141d	regular	100644	0o644	15b9b799df61f0a79a293d154f90ac987a0c141d	9d4ed86a3bd93c9c8f2d5548290ea2de531510cd937c4bbfc36e7e0502b46d4d	6238	velnor-scheduler-diagnostic-d3f1/worktree/crates/velnor-runner/crates/velnor-runner-host/src/action_archive_seed_tests/open_existing_tests.rs.source
/private/tmp/velnor-scheduler-diagnostic-d3f1	velnor-scheduler-diagnostic-d3f1	81f3119e5bfcc03f55828cf789769bd0da978979	b82591159d25172d5b01539bdb65640c7074a58b	(detached)	crates/velnor-runner/crates/velnor-runner-host/src/journal_completion.rs	M 	staged	modified		100644	1e5b5cbe2386cce21368246146be74054daf2754	0:100644:2aec42201124d625170d98f240dc4b41fa5dcbfb	regular	100644	0o644	2aec42201124d625170d98f240dc4b41fa5dcbfb	9300748ff1e1db473978ce352b672e0764d09faf5b9d1ef843504e4d7ba6c993	11266	velnor-scheduler-diagnostic-d3f1/worktree/crates/velnor-runner/crates/velnor-runner-host/src/journal_completion.rs.source
/private/tmp/velnor-scheduler-diagnostic-d3f1	velnor-scheduler-diagnostic-d3f1	81f3119e5bfcc03f55828cf789769bd0da978979	b82591159d25172d5b01539bdb65640c7074a58b	(detached)	crates/velnor-runner/crates/velnor-runner-host/src/journal_completion_claim_tests.rs	A 	staged	added				0:100644:adf7f7ff46a3ab5b8c43a4fc642eed75c3beb205	regular	100644	0o644	adf7f7ff46a3ab5b8c43a4fc642eed75c3beb205	115811926209a5d4b8e4a415a94094fb0ac528a41e32eace97d48163e88f592c	6196	velnor-scheduler-diagnostic-d3f1/worktree/crates/velnor-runner/crates/velnor-runner-host/src/journal_completion_claim_tests.rs.source
/private/tmp/velnor-scheduler-diagnostic-d3f1	velnor-scheduler-diagnostic-d3f1	81f3119e5bfcc03f55828cf789769bd0da978979	b82591159d25172d5b01539bdb65640c7074a58b	(detached)	crates/velnor-runner/crates/velnor-runner-host/src/journal_completion_tests.rs	M 	staged	modified		100644	a319eee59c43a9e02b2eea992589eaf983dc6d68	0:100644:303476d64a4ed9503c5f316c77b92e95d9f5ebba	regular	100644	0o644	303476d64a4ed9503c5f316c77b92e95d9f5ebba	f97b9b9d95edf989aa2d2e83819d24648977680f1d6f140b348a30d4cef9e108	6535	velnor-scheduler-diagnostic-d3f1/worktree/crates/velnor-runner/crates/velnor-runner-host/src/journal_completion_tests.rs.source
/private/tmp/velnor-scheduler-diagnostic-d3f1	velnor-scheduler-diagnostic-d3f1	81f3119e5bfcc03f55828cf789769bd0da978979	b82591159d25172d5b01539bdb65640c7074a58b	(detached)	crates/velnor-runner/crates/velnor-runner-host/src/journal_schema.rs	M 	staged	modified		100644	a27d5935d454e4fb81a23f61c17acd388e55107c	0:100644:c7321a7fc9f60130918a031413c873da4adee247	regular	100644	0o644	c7321a7fc9f60130918a031413c873da4adee247	100d5d61a58ff05d4f3a5df2fa3fc10b8e91f5adc162f1f3ea42779f1fa9eae8	13100	velnor-scheduler-diagnostic-d3f1/worktree/crates/velnor-runner/crates/velnor-runner-host/src/journal_schema.rs.source
/private/tmp/velnor-scheduler-diagnostic-d3f1	velnor-scheduler-diagnostic-d3f1	81f3119e5bfcc03f55828cf789769bd0da978979	b82591159d25172d5b01539bdb65640c7074a58b	(detached)	crates/velnor-runner/crates/velnor-runner-host/src/launch/completion.rs	M 	staged	modified		100644	93a3d7e0f9c5c87a544383bd5b63d96f77f7b38a	0:100644:a3dc3f473ce1ef31dd089876bf69e766f7dd6222	regular	100644	0o644	a3dc3f473ce1ef31dd089876bf69e766f7dd6222	c1d136c32bb8262747a21f4441b69dd279009218552d882db1a5cff5eb98ecd2	11105	velnor-scheduler-diagnostic-d3f1/worktree/crates/velnor-runner/crates/velnor-runner-host/src/launch/completion.rs.source
/private/tmp/velnor-scheduler-diagnostic-d3f1	velnor-scheduler-diagnostic-d3f1	81f3119e5bfcc03f55828cf789769bd0da978979	b82591159d25172d5b01539bdb65640c7074a58b	(detached)	crates/velnor-runner/crates/velnor-runner-host/src/launch/completion/support.rs	A 	staged	added				0:100644:321fac0b4c1c36956b383fb9e446ab7743d40ef2	regular	100644	0o644	321fac0b4c1c36956b383fb9e446ab7743d40ef2	4a2e6521e10668b9ae58f88c73d05585154eef9fc4c0edde5b16b36c7143720a	2479	velnor-scheduler-diagnostic-d3f1/worktree/crates/velnor-runner/crates/velnor-runner-host/src/launch/completion/support.rs.source
/private/tmp/velnor-scheduler-diagnostic-d3f1	velnor-scheduler-diagnostic-d3f1	81f3119e5bfcc03f55828cf789769bd0da978979	b82591159d25172d5b01539bdb65640c7074a58b	(detached)	crates/velnor-runner/crates/velnor-runner-host/src/launch/completion/tests.rs	M 	staged	modified		100644	030f00595a05246b602bcd239ccfc759dd552b12	0:100644:2f7b6a18faa9475fbc87d5c4968a39b765d74d91	regular	100644	0o644	2f7b6a18faa9475fbc87d5c4968a39b765d74d91	e2ce51893e3eca6fb77e01cf76fa53b7f9a61b79a8ccc9a91f26ff543c0201f2	6433	velnor-scheduler-diagnostic-d3f1/worktree/crates/velnor-runner/crates/velnor-runner-host/src/launch/completion/tests.rs.source
/private/tmp/velnor-scheduler-diagnostic-d3f1	velnor-scheduler-diagnostic-d3f1	81f3119e5bfcc03f55828cf789769bd0da978979	b82591159d25172d5b01539bdb65640c7074a58b	(detached)	crates/velnor-runner/crates/velnor-runner-host/src/launch/completion/tests/engine.rs	A 	staged	added				0:100644:29094452d8bca8f3c993e5aa9be184e07377ac8b	regular	100644	0o644	29094452d8bca8f3c993e5aa9be184e07377ac8b	cd2413747c53048fdb1b50a254b757f4acc010cffd7d23c05b1df76f4552a9fd	7035	velnor-scheduler-diagnostic-d3f1/worktree/crates/velnor-runner/crates/velnor-runner-host/src/launch/completion/tests/engine.rs.source
/private/tmp/velnor-scheduler-diagnostic-d3f1	velnor-scheduler-diagnostic-d3f1	81f3119e5bfcc03f55828cf789769bd0da978979	b82591159d25172d5b01539bdb65640c7074a58b	(detached)	crates/velnor-runner/crates/velnor-runner-host/src/launch/completion/tests/fair.rs	M 	staged	modified		100644	446ac135da5ecd934c05b504c7797d40218f1471	0:100644:ad119b592c5fc0a97efa7855154443def187dfe9	regular	100644	0o644	ad119b592c5fc0a97efa7855154443def187dfe9	9724c57443963a3b48491bec01366574de8418e84b00fe5e4f8af1f98a5c4486	6147	velnor-scheduler-diagnostic-d3f1/worktree/crates/velnor-runner/crates/velnor-runner-host/src/launch/completion/tests/fair.rs.source
/private/tmp/velnor-scheduler-diagnostic-d3f1	velnor-scheduler-diagnostic-d3f1	81f3119e5bfcc03f55828cf789769bd0da978979	b82591159d25172d5b01539bdb65640c7074a58b	(detached)	crates/velnor-runner/crates/velnor-runner-host/src/launch/completion/tests/lease.rs	M 	staged	modified		100644	e374f84e4a3c3fd6d2aac24ff4301c77a5198c60	0:100644:deb97a036bd64be2ccbc4a7f8b6e38ab6bbfd397	regular	100644	0o644	deb97a036bd64be2ccbc4a7f8b6e38ab6bbfd397	f6781679665e1989cbb7faa98c6240c23784e4c8e589841fc9773ccfa9ed5946	6215	velnor-scheduler-diagnostic-d3f1/worktree/crates/velnor-runner/crates/velnor-runner-host/src/launch/completion/tests/lease.rs.source
/private/tmp/velnor-scheduler-diagnostic-d3f1	velnor-scheduler-diagnostic-d3f1	81f3119e5bfcc03f55828cf789769bd0da978979	b82591159d25172d5b01539bdb65640c7074a58b	(detached)	crates/velnor-runner/crates/velnor-runner-host/src/launch/completion/tests/retry.rs	M 	staged	modified		100644	915d9da015f5948c133646a19e7692c9a20cea17	0:100644:ccc5eabbfc2bdee86ac12e28f230545d5d4d8322	regular	100644	0o644	ccc5eabbfc2bdee86ac12e28f230545d5d4d8322	a6b7d107ca6cc8c13bfd341120be0100d965e130e4476549eefe4a5b15259552	2989	velnor-scheduler-diagnostic-d3f1/worktree/crates/velnor-runner/crates/velnor-runner-host/src/launch/completion/tests/retry.rs.source
/private/tmp/velnor-scheduler-diagnostic-d3f1	velnor-scheduler-diagnostic-d3f1	81f3119e5bfcc03f55828cf789769bd0da978979	b82591159d25172d5b01539bdb65640c7074a58b	(detached)	crates/velnor-runner/crates/velnor-runner-host/src/launch/completion/tests/stalled.rs	M 	staged	modified		100644	c9ccf1e6a4e61089fc2788401a7cf51a208661f0	0:100644:9ab83c47ca4208c8a07dc5a5309ef8506f212bf3	regular	100644	0o644	9ab83c47ca4208c8a07dc5a5309ef8506f212bf3	31c8732d774603c5d6f08f2129f37a6becf3ab5799f32cb56a29d5372933a8ac	4643	velnor-scheduler-diagnostic-d3f1/worktree/crates/velnor-runner/crates/velnor-runner-host/src/launch/completion/tests/stalled.rs.source
/private/tmp/velnor-scheduler-diagnostic-d3f1	velnor-scheduler-diagnostic-d3f1	81f3119e5bfcc03f55828cf789769bd0da978979	b82591159d25172d5b01539bdb65640c7074a58b	(detached)	crates/velnor-runner/crates/velnor-runner-host/src/launch/turn.rs	M 	staged	modified		100644	9e66e6340befb19ffef7613a73d10eb70a498e81	0:100644:91f5caafe6d7125aa9b808d3777d1eaf5e76c8ac	regular	100644	0o644	91f5caafe6d7125aa9b808d3777d1eaf5e76c8ac	7bf26196ce632c1b92dbbc5e191cfc241bd23de3215feeeb4af7ae457c994426	11669	velnor-scheduler-diagnostic-d3f1/worktree/crates/velnor-runner/crates/velnor-runner-host/src/launch/turn.rs.source
/private/tmp/velnor-scheduler-docker-delete-test	velnor-scheduler-docker-delete-test	b018d078b82672c4e94647c044b2e61c11fa74b2	00949e6c55a65155097cb9cb00bb5e4a41ffad21	(detached)	crates/velnor-runner/crates/velnor-runner-host/src/action_archive_seed_tests/preparation_tests.rs	M 	staged	modified		100644	74cedf6d31cb50e448d17fad6b5abfb2420f885e	0:100644:1e07765249e571e3735cbd6ff576ef355eb51660	regular	100644	0o644	1e07765249e571e3735cbd6ff576ef355eb51660	bd5598275f0b279d8f9d20c89853d678f5d5f750d372473fdcc1eb446b4b2250	10040	velnor-scheduler-docker-delete-test/worktree/crates/velnor-runner/crates/velnor-runner-host/src/action_archive_seed_tests/preparation_tests.rs.source
/private/tmp/velnor-scheduler-docker-delete-test	velnor-scheduler-docker-delete-test	b018d078b82672c4e94647c044b2e61c11fa74b2	00949e6c55a65155097cb9cb00bb5e4a41ffad21	(detached)	crates/velnor-runner/crates/velnor-runner-host/src/journal.rs	M 	staged	modified		100644	552cad510b344d0e43197c924dcb00dc3e8bcc0c	0:100644:b345730bfd0d4a9db2345952c954b756ded54390	regular	100644	0o644	b345730bfd0d4a9db2345952c954b756ded54390	5173ba7c6f72c3b8304d82908625d145590ddd4d4ba942f30c56b6a6809a57e7	11300	velnor-scheduler-docker-delete-test/worktree/crates/velnor-runner/crates/velnor-runner-host/src/journal.rs.source
/private/tmp/velnor-scheduler-docker-delete-test	velnor-scheduler-docker-delete-test	b018d078b82672c4e94647c044b2e61c11fa74b2	00949e6c55a65155097cb9cb00bb5e4a41ffad21	(detached)	crates/velnor-runner/crates/velnor-runner-host/src/journal/process.rs	A 	staged	added				0:100644:b80377556ff83defa1f494089c972bf6bbef97a3	regular	100644	0o644	b80377556ff83defa1f494089c972bf6bbef97a3	8b850142139f5ea7a982f24ea62e28f56b6421fc1dc901cb6db221c286de87f7	3249	velnor-scheduler-docker-delete-test/worktree/crates/velnor-runner/crates/velnor-runner-host/src/journal/process.rs.source
/private/tmp/velnor-scheduler-docker-delete-test	velnor-scheduler-docker-delete-test	b018d078b82672c4e94647c044b2e61c11fa74b2	00949e6c55a65155097cb9cb00bb5e4a41ffad21	(detached)	crates/velnor-runner/crates/velnor-runner-host/src/journal_completion.rs	M 	staged	modified		100644	2aec42201124d625170d98f240dc4b41fa5dcbfb	0:100644:d909522c93f4c2e11c2f886960f25a80b143597b	regular	100644	0o644	d909522c93f4c2e11c2f886960f25a80b143597b	3c0c17dcd4f2aa75b2eacd82d6de68fd70fae68322610ca35f92305191d72d16	4127	velnor-scheduler-docker-delete-test/worktree/crates/velnor-runner/crates/velnor-runner-host/src/journal_completion.rs.source
/private/tmp/velnor-scheduler-docker-delete-test	velnor-scheduler-docker-delete-test	b018d078b82672c4e94647c044b2e61c11fa74b2	00949e6c55a65155097cb9cb00bb5e4a41ffad21	(detached)	crates/velnor-runner/crates/velnor-runner-host/src/journal_completion/claim.rs	A 	staged	added				0:100644:deb00f012ef0c99d365cebd1c00845ecd640ca57	regular	100644	0o644	deb00f012ef0c99d365cebd1c00845ecd640ca57	60bb3b92648bc901bb1a3fbd62c0102628f3b937dfcfcb7cd3242b2f5d966803	12858	velnor-scheduler-docker-delete-test/worktree/crates/velnor-runner/crates/velnor-runner-host/src/journal_completion/claim.rs.source
/private/tmp/velnor-scheduler-docker-delete-test	velnor-scheduler-docker-delete-test	b018d078b82672c4e94647c044b2e61c11fa74b2	00949e6c55a65155097cb9cb00bb5e4a41ffad21	(detached)	crates/velnor-runner/crates/velnor-runner-host/src/journal_completion/claim_current.rs	A 	staged	added				0:100644:559cb82c24fdcf728c8a0bc676a75e21407f284e	regular	100644	0o644	559cb82c24fdcf728c8a0bc676a75e21407f284e	3b883b3c29f2b75ac50e790c1332ebc33394027a17d7786167ed320c26fb2473	2450	velnor-scheduler-docker-delete-test/worktree/crates/velnor-runner/crates/velnor-runner-host/src/journal_completion/claim_current.rs.source
/private/tmp/velnor-scheduler-docker-delete-test	velnor-scheduler-docker-delete-test	b018d078b82672c4e94647c044b2e61c11fa74b2	00949e6c55a65155097cb9cb00bb5e4a41ffad21	(detached)	crates/velnor-runner/crates/velnor-runner-host/src/journal_completion/claim_effect.rs	A 	staged	added				0:100644:e59bc18d0bb221a06d49bec42fb22acd1dd5b3a3	regular	100644	0o644	e59bc18d0bb221a06d49bec42fb22acd1dd5b3a3	6a92b2c8c5de8daacc9e24987aa10b0bff18e8a290109b88c8e3c951e4672ed9	3471	velnor-scheduler-docker-delete-test/worktree/crates/velnor-runner/crates/velnor-runner-host/src/journal_completion/claim_effect.rs.source
/private/tmp/velnor-scheduler-docker-delete-test	velnor-scheduler-docker-delete-test	b018d078b82672c4e94647c044b2e61c11fa74b2	00949e6c55a65155097cb9cb00bb5e4a41ffad21	(detached)	crates/velnor-runner/crates/velnor-runner-host/src/journal_completion/claim_sql.rs	A 	staged	added				0:100644:8fb3b4fb93a692ddb6065dcbb305bff9a8fef26e	regular	100644	0o644	8fb3b4fb93a692ddb6065dcbb305bff9a8fef26e	28d69eb9a468dc269f2fd8e1ff22bcc3d6f1b13554d9f1c551e52a8132eeeb98	2763	velnor-scheduler-docker-delete-test/worktree/crates/velnor-runner/crates/velnor-runner-host/src/journal_completion/claim_sql.rs.source
/private/tmp/velnor-scheduler-docker-delete-test	velnor-scheduler-docker-delete-test	b018d078b82672c4e94647c044b2e61c11fa74b2	00949e6c55a65155097cb9cb00bb5e4a41ffad21	(detached)	crates/velnor-runner/crates/velnor-runner-host/src/journal_completion_claim_tests.rs	M 	staged	modified		100644	adf7f7ff46a3ab5b8c43a4fc642eed75c3beb205	0:100644:eec611a9415b32b50967074a51d13d85776053a8	regular	100644	0o644	eec611a9415b32b50967074a51d13d85776053a8	f876651f2b21adb9106a0aaa918a6bd0e2d5d8aec672e800bf4bd4b4cf46bdf7	12269	velnor-scheduler-docker-delete-test/worktree/crates/velnor-runner/crates/velnor-runner-host/src/journal_completion_claim_tests.rs.source
/private/tmp/velnor-scheduler-docker-delete-test	velnor-scheduler-docker-delete-test	b018d078b82672c4e94647c044b2e61c11fa74b2	00949e6c55a65155097cb9cb00bb5e4a41ffad21	(detached)	crates/velnor-runner/crates/velnor-runner-host/src/journal_completion_clock_tests.rs	A 	staged	added				0:100644:8a4447d4e3c88712eb9355698fa30d8cb8b70356	regular	100644	0o644	8a4447d4e3c88712eb9355698fa30d8cb8b70356	a09beb3603b3fbdd88d66eb9e4a1f0dbf456226b00872cfe2913437061877a70	4282	velnor-scheduler-docker-delete-test/worktree/crates/velnor-runner/crates/velnor-runner-host/src/journal_completion_clock_tests.rs.source
/private/tmp/velnor-scheduler-docker-delete-test	velnor-scheduler-docker-delete-test	b018d078b82672c4e94647c044b2e61c11fa74b2	00949e6c55a65155097cb9cb00bb5e4a41ffad21	(detached)	crates/velnor-runner/crates/velnor-runner-host/src/journal_completion_effect_tests.rs	A 	staged	added				0:100644:6068202cc81f35b036fd7d0b2e46bd1d43e02bd4	regular	100644	0o644	6068202cc81f35b036fd7d0b2e46bd1d43e02bd4	45584ecd63392185cfe1aa86cff8da7adacde964283ce26e43e91f10ed321b03	7709	velnor-scheduler-docker-delete-test/worktree/crates/velnor-runner/crates/velnor-runner-host/src/journal_completion_effect_tests.rs.source
/private/tmp/velnor-scheduler-docker-delete-test	velnor-scheduler-docker-delete-test	b018d078b82672c4e94647c044b2e61c11fa74b2	00949e6c55a65155097cb9cb00bb5e4a41ffad21	(detached)	crates/velnor-runner/crates/velnor-runner-host/src/journal_completion_lineage_tests.rs	A 	staged	added				0:100644:fff641c1f0fc84a28c84b5c5a6a0755891974d78	regular	100644	0o644	fff641c1f0fc84a28c84b5c5a6a0755891974d78	db488775aec8de7740802a12471ddd78b8a87282a3922a89165a95d335726a25	8668	velnor-scheduler-docker-delete-test/worktree/crates/velnor-runner/crates/velnor-runner-host/src/journal_completion_lineage_tests.rs.source
/private/tmp/velnor-scheduler-docker-delete-test	velnor-scheduler-docker-delete-test	b018d078b82672c4e94647c044b2e61c11fa74b2	00949e6c55a65155097cb9cb00bb5e4a41ffad21	(detached)	crates/velnor-runner/crates/velnor-runner-host/src/journal_completion_tests.rs	M 	staged	modified		100644	303476d64a4ed9503c5f316c77b92e95d9f5ebba	0:100644:85960d2565696d19fd0e75039f1ae8254aa820a0	regular	100644	0o644	85960d2565696d19fd0e75039f1ae8254aa820a0	b596fb0484730c2851974cad92b56681ab8e26388a0b6b4be3c23e52b41d066f	6733	velnor-scheduler-docker-delete-test/worktree/crates/velnor-runner/crates/velnor-runner-host/src/journal_completion_tests.rs.source
/private/tmp/velnor-scheduler-docker-delete-test	velnor-scheduler-docker-delete-test	b018d078b82672c4e94647c044b2e61c11fa74b2	00949e6c55a65155097cb9cb00bb5e4a41ffad21	(detached)	crates/velnor-runner/crates/velnor-runner-host/src/journal_identity.rs	M 	staged	modified		100644	4a7fd11f67497f54e8c10e3c47a6a79b32e42647	0:100644:b1f4efde187316fad23b572eba07268f92475a33	regular	100644	0o644	b1f4efde187316fad23b572eba07268f92475a33	f56573dd3a61bdb50d4774d3c122de53b0e6ae32c62deef2abd09dba1ce61e00	9286	velnor-scheduler-docker-delete-test/worktree/crates/velnor-runner/crates/velnor-runner-host/src/journal_identity.rs.source
/private/tmp/velnor-scheduler-docker-delete-test	velnor-scheduler-docker-delete-test	b018d078b82672c4e94647c044b2e61c11fa74b2	00949e6c55a65155097cb9cb00bb5e4a41ffad21	(detached)	crates/velnor-runner/crates/velnor-runner-host/src/journal_identity_completion.rs	A 	staged	added				0:100644:823ad0eabddd853065d5a5478fd30209219154ec	regular	100644	0o644	823ad0eabddd853065d5a5478fd30209219154ec	df5e9ddf633a5c817032846f50b74fc90ed056db0f0082695a7ef46a4b30b4ab	3658	velnor-scheduler-docker-delete-test/worktree/crates/velnor-runner/crates/velnor-runner-host/src/journal_identity_completion.rs.source
/private/tmp/velnor-scheduler-docker-delete-test	velnor-scheduler-docker-delete-test	b018d078b82672c4e94647c044b2e61c11fa74b2	00949e6c55a65155097cb9cb00bb5e4a41ffad21	(detached)	crates/velnor-runner/crates/velnor-runner-host/src/journal_identity_completion_tests.rs	A 	staged	added				0:100644:153974fa8f6f1fe648129043b9e3849632638135	regular	100644	0o644	153974fa8f6f1fe648129043b9e3849632638135	4157e1e2ad9200b16e33caff6a33759c3d0cd6c3ded3a30de2c9bda82a24f304	6075	velnor-scheduler-docker-delete-test/worktree/crates/velnor-runner/crates/velnor-runner-host/src/journal_identity_completion_tests.rs.source
/private/tmp/velnor-scheduler-docker-delete-test	velnor-scheduler-docker-delete-test	b018d078b82672c4e94647c044b2e61c11fa74b2	00949e6c55a65155097cb9cb00bb5e4a41ffad21	(detached)	crates/velnor-runner/crates/velnor-runner-host/src/journal_schema.rs	M 	staged	modified		100644	c7321a7fc9f60130918a031413c873da4adee247	0:100644:935d4d06a2340b6b782cb4278e61823fd54edbfb	regular	100644	0o644	935d4d06a2340b6b782cb4278e61823fd54edbfb	67098fc805fc65a24b8d460909fad3b33755af0d0bf7a571bf103d4a4639648b	13243	velnor-scheduler-docker-delete-test/worktree/crates/velnor-runner/crates/velnor-runner-host/src/journal_schema.rs.source
/private/tmp/velnor-scheduler-docker-delete-test	velnor-scheduler-docker-delete-test	b018d078b82672c4e94647c044b2e61c11fa74b2	00949e6c55a65155097cb9cb00bb5e4a41ffad21	(detached)	crates/velnor-runner/crates/velnor-runner-host/src/launch/completion.rs	M 	staged	modified		100644	a3dc3f473ce1ef31dd089876bf69e766f7dd6222	0:100644:343c5f7dd17555b51fac2866469a4de11bee53d1	regular	100644	0o644	343c5f7dd17555b51fac2866469a4de11bee53d1	108fb3a95e0b2c493e817a734624124d693f32fe7afebfd3cbd9c835ce7c35da	1466	velnor-scheduler-docker-delete-test/worktree/crates/velnor-runner/crates/velnor-runner-host/src/launch/completion.rs.source
/private/tmp/velnor-scheduler-docker-delete-test	velnor-scheduler-docker-delete-test	b018d078b82672c4e94647c044b2e61c11fa74b2	00949e6c55a65155097cb9cb00bb5e4a41ffad21	(detached)	crates/velnor-runner/crates/velnor-runner-host/src/launch/completion/completion_effects.rs	A 	staged	added				0:100644:d62814b1b5b262f01acc9f5039e4f255e6bd20b2	regular	100644	0o644	d62814b1b5b262f01acc9f5039e4f255e6bd20b2	43873620164e98322a1ce78d3e6be0bb4d02e5cff9c42a884a1e9607d066b7a1	6067	velnor-scheduler-docker-delete-test/worktree/crates/velnor-runner/crates/velnor-runner-host/src/launch/completion/completion_effects.rs.source
/private/tmp/velnor-scheduler-docker-delete-test	velnor-scheduler-docker-delete-test	b018d078b82672c4e94647c044b2e61c11fa74b2	00949e6c55a65155097cb9cb00bb5e4a41ffad21	(detached)	crates/velnor-runner/crates/velnor-runner-host/src/launch/completion/reconcile.rs	A 	staged	added				0:100644:dba516710ec5021593dd079aa4c1682945e48b24	regular	100644	0o644	dba516710ec5021593dd079aa4c1682945e48b24	55a04883f3715b80add781c18c140e98b5d787d9cbdf2083a964f1a5c7364a29	11047	velnor-scheduler-docker-delete-test/worktree/crates/velnor-runner/crates/velnor-runner-host/src/launch/completion/reconcile.rs.source
/private/tmp/velnor-scheduler-docker-delete-test	velnor-scheduler-docker-delete-test	b018d078b82672c4e94647c044b2e61c11fa74b2	00949e6c55a65155097cb9cb00bb5e4a41ffad21	(detached)	crates/velnor-runner/crates/velnor-runner-host/src/launch/completion/schedule.rs	A 	staged	added				0:100644:12a15ad38564838f2308ccae8cd5d4101f058870	regular	100644	0o644	12a15ad38564838f2308ccae8cd5d4101f058870	d6277a4dc78c419e85995bdcbb82bb01fa01c02f0fa5640365077e0ceb1cb149	7879	velnor-scheduler-docker-delete-test/worktree/crates/velnor-runner/crates/velnor-runner-host/src/launch/completion/schedule.rs.source
/private/tmp/velnor-scheduler-docker-delete-test	velnor-scheduler-docker-delete-test	b018d078b82672c4e94647c044b2e61c11fa74b2	00949e6c55a65155097cb9cb00bb5e4a41ffad21	(detached)	crates/velnor-runner/crates/velnor-runner-host/src/launch/completion/support.rs	M 	staged	modified		100644	321fac0b4c1c36956b383fb9e446ab7743d40ef2	0:100644:35d98ba6d20ebb2e103cbfd6f7eeeeb9b4f9d6f9	regular	100644	0o644	35d98ba6d20ebb2e103cbfd6f7eeeeb9b4f9d6f9	82b62d50779169ff665d1ac1941456e8eb4aac974d265ab5d61a68e077bf2252	2405	velnor-scheduler-docker-delete-test/worktree/crates/velnor-runner/crates/velnor-runner-host/src/launch/completion/support.rs.source
/private/tmp/velnor-scheduler-docker-delete-test	velnor-scheduler-docker-delete-test	b018d078b82672c4e94647c044b2e61c11fa74b2	00949e6c55a65155097cb9cb00bb5e4a41ffad21	(detached)	crates/velnor-runner/crates/velnor-runner-host/src/launch/completion/tests.rs	M 	staged	modified		100644	2f7b6a18faa9475fbc87d5c4968a39b765d74d91	0:100644:2752e4bc0671dd680906d476b70925dce0715dc9	regular	100644	0o644	2752e4bc0671dd680906d476b70925dce0715dc9	db164d4cca8c84f15bf7c437eef5c33a2393d73dc763e56a17bf10021720b1b6	7500	velnor-scheduler-docker-delete-test/worktree/crates/velnor-runner/crates/velnor-runner-host/src/launch/completion/tests.rs.source
/private/tmp/velnor-scheduler-docker-delete-test	velnor-scheduler-docker-delete-test	b018d078b82672c4e94647c044b2e61c11fa74b2	00949e6c55a65155097cb9cb00bb5e4a41ffad21	(detached)	crates/velnor-runner/crates/velnor-runner-host/src/launch/completion/tests/claim_fence.rs	A 	staged	added				0:100644:00441ff9e7b4f573159ebfdbb14a3b21eda80b91	regular	100644	0o644	00441ff9e7b4f573159ebfdbb14a3b21eda80b91	3dcf376f6583d56970645c5e8e1c7a5bf88546edebdea5e8374f8596ecd88927	9075	velnor-scheduler-docker-delete-test/worktree/crates/velnor-runner/crates/velnor-runner-host/src/launch/completion/tests/claim_fence.rs.source
/private/tmp/velnor-scheduler-docker-delete-test	velnor-scheduler-docker-delete-test	b018d078b82672c4e94647c044b2e61c11fa74b2	00949e6c55a65155097cb9cb00bb5e4a41ffad21	(detached)	crates/velnor-runner/crates/velnor-runner-host/src/launch/completion/tests/docker_transport.rs	A 	staged	added				0:100644:547ea43f5d3deb97d7e8755a3e31848db0b35c74	regular	100644	0o644	547ea43f5d3deb97d7e8755a3e31848db0b35c74	8366fe2ebc662657e1770efc9586d21aae26a577139c69750f3d9b636deb7160	12461	velnor-scheduler-docker-delete-test/worktree/crates/velnor-runner/crates/velnor-runner-host/src/launch/completion/tests/docker_transport.rs.source
/private/tmp/velnor-scheduler-docker-delete-test	velnor-scheduler-docker-delete-test	b018d078b82672c4e94647c044b2e61c11fa74b2	00949e6c55a65155097cb9cb00bb5e4a41ffad21	(detached)	crates/velnor-runner/crates/velnor-runner-host/src/launch/completion/tests/docker_transport_delayed.rs	A 	staged	added				0:100644:bd9a9e4c5d830cb58f1eca3d04fd7a1803dd196a	regular	100644	0o644	bd9a9e4c5d830cb58f1eca3d04fd7a1803dd196a	3cb4f3107cadbd2be1bbdeaadd40fe1ff4e62ddaa61c42e4361dd8f7c592bee2	9303	velnor-scheduler-docker-delete-test/worktree/crates/velnor-runner/crates/velnor-runner-host/src/launch/completion/tests/docker_transport_delayed.rs.source
/private/tmp/velnor-scheduler-docker-delete-test	velnor-scheduler-docker-delete-test	b018d078b82672c4e94647c044b2e61c11fa74b2	00949e6c55a65155097cb9cb00bb5e4a41ffad21	(detached)	crates/velnor-runner/crates/velnor-runner-host/src/launch/completion/tests/engine.rs	M 	staged	modified		100644	c2725eb3215ca7ecdfcf541aa347bf9d56423060	0:100644:6dca4821c978ed36d7ef6a907d6efaf385170a16	regular	100644	0o644	6dca4821c978ed36d7ef6a907d6efaf385170a16	2ce56dc07ff6beb762360b19786cf69601cffe3158de32296f8711f90513d513	9159	velnor-scheduler-docker-delete-test/worktree/crates/velnor-runner/crates/velnor-runner-host/src/launch/completion/tests/engine.rs.source
/private/tmp/velnor-scheduler-docker-delete-test	velnor-scheduler-docker-delete-test	b018d078b82672c4e94647c044b2e61c11fa74b2	00949e6c55a65155097cb9cb00bb5e4a41ffad21	(detached)	crates/velnor-runner/crates/velnor-runner-host/src/launch/completion/tests/lease.rs	M 	staged	modified		100644	deb97a036bd64be2ccbc4a7f8b6e38ab6bbfd397	0:100644:7c9ac2335d8d2fe1d8947601045f36cf2d2f219c	regular	100644	0o644	7c9ac2335d8d2fe1d8947601045f36cf2d2f219c	19234cd6f8f618852a69b580c1e0a428a909006511c10c6c0e2df3365425637f	10635	velnor-scheduler-docker-delete-test/worktree/crates/velnor-runner/crates/velnor-runner-host/src/launch/completion/tests/lease.rs.source
/private/tmp/velnor-scheduler-docker-delete-test	velnor-scheduler-docker-delete-test	b018d078b82672c4e94647c044b2e61c11fa74b2	00949e6c55a65155097cb9cb00bb5e4a41ffad21	(detached)	crates/velnor-runner/crates/velnor-runner-host/src/launch/completion/tests/stalled.rs	M 	staged	modified		100644	9ab83c47ca4208c8a07dc5a5309ef8506f212bf3	0:100644:ea5abdc3678dc6f326c9cd0e9e2d2e59c014fca6	regular	100644	0o644	ea5abdc3678dc6f326c9cd0e9e2d2e59c014fca6	7cfc80206098f8f9a1bb008df7db6c740262906ccf841d0a7f913d47a5ae0b54	4652	velnor-scheduler-docker-delete-test/worktree/crates/velnor-runner/crates/velnor-runner-host/src/launch/completion/tests/stalled.rs.source
/private/tmp/velnor-scheduler-docker-delete-test	velnor-scheduler-docker-delete-test	b018d078b82672c4e94647c044b2e61c11fa74b2	00949e6c55a65155097cb9cb00bb5e4a41ffad21	(detached)	crates/velnor-runner/crates/velnor-runner-host/src/lib.rs	M 	staged	modified		100644	8845c679a61829e8cc3978d2dd03e5ceb68bdb19	0:100644:603acf8a0e81808dc183e134487cb3e9e30723b7	regular	100644	0o644	603acf8a0e81808dc183e134487cb3e9e30723b7	ddda845c642cd5507184778e3cf6f40cdb9a4ca15b5d46fbbaa1c542f799ff63	2669	velnor-scheduler-docker-delete-test/worktree/crates/velnor-runner/crates/velnor-runner-host/src/lib.rs.source
/private/tmp/velnor-scheduler-docker-delete-test	velnor-scheduler-docker-delete-test	b018d078b82672c4e94647c044b2e61c11fa74b2	00949e6c55a65155097cb9cb00bb5e4a41ffad21	(detached)	crates/velnor-runner/crates/velnor-runner-host/src/stage.rs	M 	staged	modified		100644	4553fa72cd519a67fff230306cb163eb5d1ec901	0:100644:1000050e0b11ee362633e1295bd3b0e30ed62560	regular	100644	0o644	1000050e0b11ee362633e1295bd3b0e30ed62560	1f9ef32cba1b0c2e0133c36aadb4767086ef03e44bb3cd3da30a6ba9c6767f91	10266	velnor-scheduler-docker-delete-test/worktree/crates/velnor-runner/crates/velnor-runner-host/src/stage.rs.source
/private/tmp/velnor-scheduler-docker-delete-test	velnor-scheduler-docker-delete-test	b018d078b82672c4e94647c044b2e61c11fa74b2	00949e6c55a65155097cb9cb00bb5e4a41ffad21	(detached)	crates/velnor-runner/crates/velnor-runner-host/src/worker/resources/containers_resource_tests.rs	M 	staged	modified		100644	f82f2731212730ec148095386cc5ca2fa46bf313	0:100644:76d18a59186452ea3679061415e9e0542c0e6a66	regular	100644	0o644	76d18a59186452ea3679061415e9e0542c0e6a66	e8bf80841df7d5583f35b343604841691fa475aaf0148afbb98aa392fcf42c44	2409	velnor-scheduler-docker-delete-test/worktree/crates/velnor-runner/crates/velnor-runner-host/src/worker/resources/containers_resource_tests.rs.source
/private/tmp/velnor-scheduler-lifecycle-fix	velnor-scheduler-lifecycle-fix	dac41338802dcf0ca55cd01d66dd099e08f06058	ea0427dbecdce2f52a8dcbb2a893a7c2e22dcf4c	(detached)	crates/velnor-runner/crates/velnor-runner-host/src/journal.rs	 M	unstaged/untracked	modified		100644	552cad510b344d0e43197c924dcb00dc3e8bcc0c	0:100644:552cad510b344d0e43197c924dcb00dc3e8bcc0c	regular	100644	0o644	b345730bfd0d4a9db2345952c954b756ded54390	5173ba7c6f72c3b8304d82908625d145590ddd4d4ba942f30c56b6a6809a57e7	11300	velnor-scheduler-lifecycle-fix/worktree/crates/velnor-runner/crates/velnor-runner-host/src/journal.rs.source
/private/tmp/velnor-scheduler-lifecycle-fix	velnor-scheduler-lifecycle-fix	dac41338802dcf0ca55cd01d66dd099e08f06058	ea0427dbecdce2f52a8dcbb2a893a7c2e22dcf4c	(detached)	crates/velnor-runner/crates/velnor-runner-host/src/journal_completion/claim.rs	 M	unstaged/untracked	modified		100644	f006776c6561c5178473a1f085b4156ecd077e5b	0:100644:f006776c6561c5178473a1f085b4156ecd077e5b	regular	100644	0o644	e586349a0c7bef4278e422fa465aaebf6668b538	cc28a404e36b9580986d393bf741ffac1741d4142ad19c5b643bf9ceb577a524	14170	velnor-scheduler-lifecycle-fix/worktree/crates/velnor-runner/crates/velnor-runner-host/src/journal_completion/claim.rs.source
/private/tmp/velnor-scheduler-lifecycle-fix	velnor-scheduler-lifecycle-fix	dac41338802dcf0ca55cd01d66dd099e08f06058	ea0427dbecdce2f52a8dcbb2a893a7c2e22dcf4c	(detached)	crates/velnor-runner/crates/velnor-runner-host/src/journal_completion_claim_tests.rs	 M	unstaged/untracked	modified		100644	1d0cbcb41b18ab3bf6d62106c614dda20332bab1	0:100644:1d0cbcb41b18ab3bf6d62106c614dda20332bab1	regular	100644	0o644	eec611a9415b32b50967074a51d13d85776053a8	f876651f2b21adb9106a0aaa918a6bd0e2d5d8aec672e800bf4bd4b4cf46bdf7	12269	velnor-scheduler-lifecycle-fix/worktree/crates/velnor-runner/crates/velnor-runner-host/src/journal_completion_claim_tests.rs.source
/private/tmp/velnor-scheduler-lifecycle-fix	velnor-scheduler-lifecycle-fix	dac41338802dcf0ca55cd01d66dd099e08f06058	ea0427dbecdce2f52a8dcbb2a893a7c2e22dcf4c	(detached)	crates/velnor-runner/crates/velnor-runner-host/src/journal_completion_lineage_tests.rs	A 	staged	added				0:100644:fff641c1f0fc84a28c84b5c5a6a0755891974d78	regular	100644	0o644	fff641c1f0fc84a28c84b5c5a6a0755891974d78	db488775aec8de7740802a12471ddd78b8a87282a3922a89165a95d335726a25	8668	velnor-scheduler-lifecycle-fix/worktree/crates/velnor-runner/crates/velnor-runner-host/src/journal_completion_lineage_tests.rs.source
/private/tmp/velnor-scheduler-lifecycle-fix	velnor-scheduler-lifecycle-fix	dac41338802dcf0ca55cd01d66dd099e08f06058	ea0427dbecdce2f52a8dcbb2a893a7c2e22dcf4c	(detached)	crates/velnor-runner/crates/velnor-runner-host/src/journal_completion_tests.rs	MM	staged	modified		100644	b0635e404f1dc425b7bfa018920a5ef88d81d74c	0:100644:e55bf8aa63f342ecd231140e8b2645324c94ba82	regular	100644	0o644	85960d2565696d19fd0e75039f1ae8254aa820a0	b596fb0484730c2851974cad92b56681ab8e26388a0b6b4be3c23e52b41d066f	6733	velnor-scheduler-lifecycle-fix/worktree/crates/velnor-runner/crates/velnor-runner-host/src/journal_completion_tests.rs.source
/private/tmp/velnor-scheduler-lifecycle-fix	velnor-scheduler-lifecycle-fix	dac41338802dcf0ca55cd01d66dd099e08f06058	ea0427dbecdce2f52a8dcbb2a893a7c2e22dcf4c	(detached)	crates/velnor-runner/crates/velnor-runner-host/src/journal_identity.rs	M 	staged	modified		100644	4a7fd11f67497f54e8c10e3c47a6a79b32e42647	0:100644:b1f4efde187316fad23b572eba07268f92475a33	regular	100644	0o644	b1f4efde187316fad23b572eba07268f92475a33	f56573dd3a61bdb50d4774d3c122de53b0e6ae32c62deef2abd09dba1ce61e00	9286	velnor-scheduler-lifecycle-fix/worktree/crates/velnor-runner/crates/velnor-runner-host/src/journal_identity.rs.source
/private/tmp/velnor-scheduler-lifecycle-fix	velnor-scheduler-lifecycle-fix	dac41338802dcf0ca55cd01d66dd099e08f06058	ea0427dbecdce2f52a8dcbb2a893a7c2e22dcf4c	(detached)	crates/velnor-runner/crates/velnor-runner-host/src/journal_identity_completion.rs	AM	staged	added				0:100644:19cad4e8c0497e037a70451a21f17682f5015cc3	regular	100644	0o644	823ad0eabddd853065d5a5478fd30209219154ec	df5e9ddf633a5c817032846f50b74fc90ed056db0f0082695a7ef46a4b30b4ab	3658	velnor-scheduler-lifecycle-fix/worktree/crates/velnor-runner/crates/velnor-runner-host/src/journal_identity_completion.rs.source
/private/tmp/velnor-scheduler-lifecycle-fix	velnor-scheduler-lifecycle-fix	dac41338802dcf0ca55cd01d66dd099e08f06058	ea0427dbecdce2f52a8dcbb2a893a7c2e22dcf4c	(detached)	crates/velnor-runner/crates/velnor-runner-host/src/journal_identity_completion_tests.rs	AM	staged	added				0:100644:d1cc10f1bd6e781a571c7e4ffa5eeacd7d6bf08c	regular	100644	0o644	153974fa8f6f1fe648129043b9e3849632638135	4157e1e2ad9200b16e33caff6a33759c3d0cd6c3ded3a30de2c9bda82a24f304	6075	velnor-scheduler-lifecycle-fix/worktree/crates/velnor-runner/crates/velnor-runner-host/src/journal_identity_completion_tests.rs.source
/private/tmp/velnor-scheduler-lifecycle-fix	velnor-scheduler-lifecycle-fix	dac41338802dcf0ca55cd01d66dd099e08f06058	ea0427dbecdce2f52a8dcbb2a893a7c2e22dcf4c	(detached)	crates/velnor-runner/crates/velnor-runner-host/src/journal_schema.rs	M 	staged	modified		100644	c7321a7fc9f60130918a031413c873da4adee247	0:100644:935d4d06a2340b6b782cb4278e61823fd54edbfb	regular	100644	0o644	935d4d06a2340b6b782cb4278e61823fd54edbfb	67098fc805fc65a24b8d460909fad3b33755af0d0bf7a571bf103d4a4639648b	13243	velnor-scheduler-lifecycle-fix/worktree/crates/velnor-runner/crates/velnor-runner-host/src/journal_schema.rs.source
/private/tmp/velnor-scheduler-lifecycle-fix	velnor-scheduler-lifecycle-fix	dac41338802dcf0ca55cd01d66dd099e08f06058	ea0427dbecdce2f52a8dcbb2a893a7c2e22dcf4c	(detached)	crates/velnor-runner/crates/velnor-runner-host/src/launch/completion/reconcile.rs	MM	staged	modified		100644	25f7776c915f351e739fd3e0398632fd5063ffb4	0:100644:43823a2a5cc2c99674c587eeae2d5ce3b9419ad7	regular	100644	0o644	dba516710ec5021593dd079aa4c1682945e48b24	55a04883f3715b80add781c18c140e98b5d787d9cbdf2083a964f1a5c7364a29	11047	velnor-scheduler-lifecycle-fix/worktree/crates/velnor-runner/crates/velnor-runner-host/src/launch/completion/reconcile.rs.source
/private/tmp/velnor-scheduler-lifecycle-fix	velnor-scheduler-lifecycle-fix	dac41338802dcf0ca55cd01d66dd099e08f06058	ea0427dbecdce2f52a8dcbb2a893a7c2e22dcf4c	(detached)	crates/velnor-runner/crates/velnor-runner-host/src/launch/completion/tests.rs	 M	unstaged/untracked	modified		100644	7121dd0dd62562e13fc221cef8904bc9fd4965c8	0:100644:7121dd0dd62562e13fc221cef8904bc9fd4965c8	regular	100644	0o644	62ece41ef4eb6f769c5376bb1edf3721b5ec3668	db2ec7e53c27f170cd8bd54cc22974cd191e5a26ae4ac22eb13d52508bccb417	7470	velnor-scheduler-lifecycle-fix/worktree/crates/velnor-runner/crates/velnor-runner-host/src/launch/completion/tests.rs.source
/private/tmp/velnor-scheduler-lifecycle-fix	velnor-scheduler-lifecycle-fix	dac41338802dcf0ca55cd01d66dd099e08f06058	ea0427dbecdce2f52a8dcbb2a893a7c2e22dcf4c	(detached)	crates/velnor-runner/crates/velnor-runner-host/src/launch/completion/tests/claim_fence.rs	 M	unstaged/untracked	modified		100644	807f5fce5b684cfc17a12742258db07edbb98e20	0:100644:807f5fce5b684cfc17a12742258db07edbb98e20	regular	100644	0o644	1c4f2f31385ca9dc85e3ae6066553a30d3a2ff36	e778b32944d9632e913a24a164c834f3da551c646885ca95f6dc873bc82509da	5384	velnor-scheduler-lifecycle-fix/worktree/crates/velnor-runner/crates/velnor-runner-host/src/launch/completion/tests/claim_fence.rs.source
/private/tmp/velnor-scheduler-lifecycle-fix	velnor-scheduler-lifecycle-fix	dac41338802dcf0ca55cd01d66dd099e08f06058	ea0427dbecdce2f52a8dcbb2a893a7c2e22dcf4c	(detached)	crates/velnor-runner/crates/velnor-runner-host/src/lib.rs	M 	staged	modified		100644	8845c679a61829e8cc3978d2dd03e5ceb68bdb19	0:100644:603acf8a0e81808dc183e134487cb3e9e30723b7	regular	100644	0o644	603acf8a0e81808dc183e134487cb3e9e30723b7	ddda845c642cd5507184778e3cf6f40cdb9a4ca15b5d46fbbaa1c542f799ff63	2669	velnor-scheduler-lifecycle-fix/worktree/crates/velnor-runner/crates/velnor-runner-host/src/lib.rs.source
/private/tmp/velnor-scheduler-lifecycle-fix	velnor-scheduler-lifecycle-fix	dac41338802dcf0ca55cd01d66dd099e08f06058	ea0427dbecdce2f52a8dcbb2a893a7c2e22dcf4c	(detached)	crates/velnor-runner/crates/velnor-runner-host/src/journal/process.rs	??	unstaged/untracked	untracked					regular	100644	0o644	b80377556ff83defa1f494089c972bf6bbef97a3	8b850142139f5ea7a982f24ea62e28f56b6421fc1dc901cb6db221c286de87f7	3249	velnor-scheduler-lifecycle-fix/worktree/crates/velnor-runner/crates/velnor-runner-host/src/journal/process.rs.source
/private/tmp/velnor-scheduler-lifecycle-fix	velnor-scheduler-lifecycle-fix	dac41338802dcf0ca55cd01d66dd099e08f06058	ea0427dbecdce2f52a8dcbb2a893a7c2e22dcf4c	(detached)	crates/velnor-runner/crates/velnor-runner-host/src/journal_completion/claim_effect.rs	??	unstaged/untracked	untracked					regular	100644	0o644	a1398f49e88ec458690bf80cfda83981223ed184	6603825497e3738fd2be96bc8db7303c18ef19a489672220e0e3693a0ad846c0	3270	velnor-scheduler-lifecycle-fix/worktree/crates/velnor-runner/crates/velnor-runner-host/src/journal_completion/claim_effect.rs.source
/private/tmp/velnor-scheduler-lifecycle-fix	velnor-scheduler-lifecycle-fix	dac41338802dcf0ca55cd01d66dd099e08f06058	ea0427dbecdce2f52a8dcbb2a893a7c2e22dcf4c	(detached)	crates/velnor-runner/crates/velnor-runner-host/src/journal_completion_effect_tests.rs	??	unstaged/untracked	untracked					regular	100644	0o644	9908604ffa158b6c7eeeb70505ad479019737e11	50e0556c9e2c8d16bd0fc5a290decb2cd2bcf189d141a08d414f766953a784b5	5526	velnor-scheduler-lifecycle-fix/worktree/crates/velnor-runner/crates/velnor-runner-host/src/journal_completion_effect_tests.rs.source
/private/tmp/velnor-scheduler-lifecycle-fix	velnor-scheduler-lifecycle-fix	dac41338802dcf0ca55cd01d66dd099e08f06058	ea0427dbecdce2f52a8dcbb2a893a7c2e22dcf4c	(detached)	crates/velnor-runner/crates/velnor-runner-host/src/launch/completion/completion_effects.rs	??	unstaged/untracked	untracked					regular	100644	0o644	d62814b1b5b262f01acc9f5039e4f255e6bd20b2	43873620164e98322a1ce78d3e6be0bb4d02e5cff9c42a884a1e9607d066b7a1	6067	velnor-scheduler-lifecycle-fix/worktree/crates/velnor-runner/crates/velnor-runner-host/src/launch/completion/completion_effects.rs.source
/private/tmp/velnor-scheduler-quota-composite	velnor-scheduler-quota-composite	7581150e73df43aeaa8a7b8ab80157c87afa02d7	01e84a09f7040a9cc317b336f853f6f141bb9a12	(detached)	crates/velnor-runner/crates/velnor-runner-cli/src/args.rs	M 	staged	modified		100644	6445faff9ae1514321d4e2a210dac14eee0d23f5	0:100644:1513114b8f3f57d59ea438f75a409374a557b288	regular	100644	0o644	1513114b8f3f57d59ea438f75a409374a557b288	dc3eabb8b77e641c62367cf9622e418a740795e3986193ed9dc75c0d6243b1c6	3490	velnor-scheduler-quota-composite/worktree/crates/velnor-runner/crates/velnor-runner-cli/src/args.rs.source
/private/tmp/velnor-scheduler-quota-composite	velnor-scheduler-quota-composite	7581150e73df43aeaa8a7b8ab80157c87afa02d7	01e84a09f7040a9cc317b336f853f6f141bb9a12	(detached)	crates/velnor-runner/crates/velnor-runner-cli/src/daemon_run.rs	M 	staged	modified		100644	1d6c4e1a64490adbca2d73931fe14f6726d08cdc	0:100644:52bbe013d05f335eeec77271de7c559abf95d08b	regular	100644	0o644	52bbe013d05f335eeec77271de7c559abf95d08b	1068bb9f67086bf65e0c5535ac0713c873c4ccd201d252e225d6e6209377c7b7	6412	velnor-scheduler-quota-composite/worktree/crates/velnor-runner/crates/velnor-runner-cli/src/daemon_run.rs.source
/private/tmp/velnor-scheduler-quota-composite	velnor-scheduler-quota-composite	7581150e73df43aeaa8a7b8ab80157c87afa02d7	01e84a09f7040a9cc317b336f853f6f141bb9a12	(detached)	crates/velnor-runner/crates/velnor-runner-cli/src/dispatch.rs	M 	staged	modified		100644	3411898a9823eb1da6890e4bfa076b5960300149	0:100644:913a729cba69527ba5c92573f8a88ef5d697ff24	regular	100644	0o644	913a729cba69527ba5c92573f8a88ef5d697ff24	487c3ac37a00cad3d5a2028e26198ddc9c167e6b08b821d2390bccfe1ba7c7cb	8898	velnor-scheduler-quota-composite/worktree/crates/velnor-runner/crates/velnor-runner-cli/src/dispatch.rs.source
/private/tmp/velnor-scheduler-quota-composite	velnor-scheduler-quota-composite	7581150e73df43aeaa8a7b8ab80157c87afa02d7	01e84a09f7040a9cc317b336f853f6f141bb9a12	(detached)	crates/velnor-runner/crates/velnor-runner-cli/src/dispatch/connect_tests.rs	M 	staged	modified		100644	c9fc950d852c8939583ab38dd00fb8a0147785b2	0:100644:b98b8922c278682e4bc9bbe25277730c340dd81a	regular	100644	0o644	b98b8922c278682e4bc9bbe25277730c340dd81a	7b092535591fd572d5504c5ff35bc05eeb093fac64b1c16d24071fbbba560ec1	6412	velnor-scheduler-quota-composite/worktree/crates/velnor-runner/crates/velnor-runner-cli/src/dispatch/connect_tests.rs.source
/private/tmp/velnor-scheduler-quota-composite	velnor-scheduler-quota-composite	7581150e73df43aeaa8a7b8ab80157c87afa02d7	01e84a09f7040a9cc317b336f853f6f141bb9a12	(detached)	crates/velnor-runner/crates/velnor-runner-host/examples/launch_once.rs	M 	staged	modified		100644	41930fda092ed59584cd3d3b93a27bf995327300	0:100644:52b6bf59336b0e48290e6a5abe6cfa03b0afeb31	regular	100644	0o644	52b6bf59336b0e48290e6a5abe6cfa03b0afeb31	c1e6c4c122e3cd495f9738e4a403c451ad794c2c909313d31fe32bec9a55d37e	3242	velnor-scheduler-quota-composite/worktree/crates/velnor-runner/crates/velnor-runner-host/examples/launch_once.rs.source
/private/tmp/velnor-scheduler-quota-composite	velnor-scheduler-quota-composite	7581150e73df43aeaa8a7b8ab80157c87afa02d7	01e84a09f7040a9cc317b336f853f6f141bb9a12	(detached)	crates/velnor-runner/crates/velnor-runner-host/src/action_archive_seed.rs	M 	staged	modified		100644	e44e01b8a404a4ad5b6e5f88f07f4219c732fbae	0:100644:02eabb2184bfdc585a28d3088448852d43dc0873	regular	100644	0o644	02eabb2184bfdc585a28d3088448852d43dc0873	c6933ae608d66a4dd3d60e646b76d674e3c768d5267cada67f7d78c2030dadf0	9702	velnor-scheduler-quota-composite/worktree/crates/velnor-runner/crates/velnor-runner-host/src/action_archive_seed.rs.source
/private/tmp/velnor-scheduler-quota-composite	velnor-scheduler-quota-composite	7581150e73df43aeaa8a7b8ab80157c87afa02d7	01e84a09f7040a9cc317b336f853f6f141bb9a12	(detached)	crates/velnor-runner/crates/velnor-runner-host/src/config.rs	M 	staged	modified		100644	7e7db2c73f457d8fed7d3a41d6494e4104952df0	0:100644:f159ee2dd2b85b73cb680272350c6cd9b0e76aa6	regular	100644	0o644	f159ee2dd2b85b73cb680272350c6cd9b0e76aa6	dc90608122cd7fcf1e7eda86b11d8996d91f58eb8716dbed161358bfbd16f0aa	4012	velnor-scheduler-quota-composite/worktree/crates/velnor-runner/crates/velnor-runner-host/src/config.rs.source
/private/tmp/velnor-scheduler-quota-composite	velnor-scheduler-quota-composite	7581150e73df43aeaa8a7b8ab80157c87afa02d7	01e84a09f7040a9cc317b336f853f6f141bb9a12	(detached)	crates/velnor-runner/crates/velnor-runner-host/src/connect_tests.rs	M 	staged	modified		100644	0ad80b0c1cee60c7c7573ecc7dfa7272c64354f8	0:100644:536d7f6e3b39d49d6f44663e73261f9e9acfef69	regular	100644	0o644	536d7f6e3b39d49d6f44663e73261f9e9acfef69	8bb0ddda3a1a38cca5055910258d6c302860103bdf04c3d4979c92bc7b6a7fac	7498	velnor-scheduler-quota-composite/worktree/crates/velnor-runner/crates/velnor-runner-host/src/connect_tests.rs.source
/private/tmp/velnor-scheduler-quota-composite	velnor-scheduler-quota-composite	7581150e73df43aeaa8a7b8ab80157c87afa02d7	01e84a09f7040a9cc317b336f853f6f141bb9a12	(detached)	crates/velnor-runner/crates/velnor-runner-host/src/launch.rs	M 	staged	modified		100644	82a0d3f7bcb3a0e6914636792d3f7c556f1eaf9b	0:100644:b04ba39369b9707807b090c992e76caff937f78d	regular	100644	0o644	b04ba39369b9707807b090c992e76caff937f78d	112856e87d197ddeea59815b7040e5ad433de77734319f82e3db76efad862096	10734	velnor-scheduler-quota-composite/worktree/crates/velnor-runner/crates/velnor-runner-host/src/launch.rs.source
/private/tmp/velnor-scheduler-quota-composite	velnor-scheduler-quota-composite	7581150e73df43aeaa8a7b8ab80157c87afa02d7	01e84a09f7040a9cc317b336f853f6f141bb9a12	(detached)	crates/velnor-runner/crates/velnor-runner-host/src/launch/lane.rs	A 	staged	added				0:100644:367c4038348a54fb2c052a8ccef54631822c3003	regular	100644	0o644	367c4038348a54fb2c052a8ccef54631822c3003	d8c4015a65e1deb565f971d16b571d7540ed376f874630a7485de47cd7b1a20c	1640	velnor-scheduler-quota-composite/worktree/crates/velnor-runner/crates/velnor-runner-host/src/launch/lane.rs.source
/private/tmp/velnor-scheduler-quota-composite	velnor-scheduler-quota-composite	7581150e73df43aeaa8a7b8ab80157c87afa02d7	01e84a09f7040a9cc317b336f853f6f141bb9a12	(detached)	crates/velnor-runner/crates/velnor-runner-host/src/launch/turn.rs	M 	staged	modified		100644	91f5caafe6d7125aa9b808d3777d1eaf5e76c8ac	0:100644:999dff9d48f6f010eea0f3311348291a7ed1837b	regular	100644	0o644	999dff9d48f6f010eea0f3311348291a7ed1837b	cdbbd4febd86c47884208693f29b31270945f52226e62d1a0b427c812789793f	12205	velnor-scheduler-quota-composite/worktree/crates/velnor-runner/crates/velnor-runner-host/src/launch/turn.rs.source
/private/tmp/velnor-scheduler-quota-composite	velnor-scheduler-quota-composite	7581150e73df43aeaa8a7b8ab80157c87afa02d7	01e84a09f7040a9cc317b336f853f6f141bb9a12	(detached)	crates/velnor-runner/crates/velnor-runner-host/src/launch/turn/budget_tests.rs	A 	staged	added				0:100644:c0e73dc4918c83c331c43091722e44a06e021afd	regular	100644	0o644	c0e73dc4918c83c331c43091722e44a06e021afd	9d0a65c9b59776af39c84e7fd4ceed7e2cdc250d5410cbbf18c28e7eec5c3145	3007	velnor-scheduler-quota-composite/worktree/crates/velnor-runner/crates/velnor-runner-host/src/launch/turn/budget_tests.rs.source
/private/tmp/velnor-scheduler-quota-composite	velnor-scheduler-quota-composite	7581150e73df43aeaa8a7b8ab80157c87afa02d7	01e84a09f7040a9cc317b336f853f6f141bb9a12	(detached)	crates/velnor-runner/crates/velnor-runner-host/src/launch/turn/policy.rs	A 	staged	added				0:100644:b84700f91fdf8b889a565ad2120fa4fcd8075b9b	regular	100644	0o644	b84700f91fdf8b889a565ad2120fa4fcd8075b9b	9e88fd9dd5b47adda92dc339e419fe843f5b98572c6fbc3ddb4875aa6ba05ed8	1221	velnor-scheduler-quota-composite/worktree/crates/velnor-runner/crates/velnor-runner-host/src/launch/turn/policy.rs.source
/private/tmp/velnor-scheduler-quota-composite	velnor-scheduler-quota-composite	7581150e73df43aeaa8a7b8ab80157c87afa02d7	01e84a09f7040a9cc317b336f853f6f141bb9a12	(detached)	crates/velnor-runner/crates/velnor-runner-host/src/launch_blocking.rs	M 	staged	modified		100644	12035af4d176370252b87e893ffcc48900e5badc	0:100644:6138fd81fb5f22846a3e5fe86106e66baab2a809	regular	100644	0o644	6138fd81fb5f22846a3e5fe86106e66baab2a809	68c3077fc42a76d89a1fbf26bd7c70d2e00a812fb418e6b77a721dd6a3e87a5f	2300	velnor-scheduler-quota-composite/worktree/crates/velnor-runner/crates/velnor-runner-host/src/launch_blocking.rs.source
/private/tmp/velnor-scheduler-quota-composite	velnor-scheduler-quota-composite	7581150e73df43aeaa8a7b8ab80157c87afa02d7	01e84a09f7040a9cc317b336f853f6f141bb9a12	(detached)	crates/velnor-runner/crates/velnor-runner-host/src/launch_harness.rs	M 	staged	modified		100644	d56474b43e4807833e68be63d1cfe9a492adc093	0:100644:e09ff715ff98f900f5ae608c8d54933f538b03b5	regular	100644	0o644	e09ff715ff98f900f5ae608c8d54933f538b03b5	cd8eb616bb7dbf3c2f6f73c551ea428b692f1a046ead345112dad8577b66989a	6851	velnor-scheduler-quota-composite/worktree/crates/velnor-runner/crates/velnor-runner-host/src/launch_harness.rs.source
/private/tmp/velnor-scheduler-quota-composite	velnor-scheduler-quota-composite	7581150e73df43aeaa8a7b8ab80157c87afa02d7	01e84a09f7040a9cc317b336f853f6f141bb9a12	(detached)	crates/velnor-runner/crates/velnor-runner-host/src/stage.rs	M 	staged	modified		100644	ac7d6cadb520fbb49308a427bc290a0069830e13	0:100644:532dea6a302813144a0bf6f45740b0cb39441234	regular	100644	0o644	532dea6a302813144a0bf6f45740b0cb39441234	6adf85a0a94d49d0dff37cdde4fcf09c5daa9e7b26d3dd637e2f5eb679b15b35	9814	velnor-scheduler-quota-composite/worktree/crates/velnor-runner/crates/velnor-runner-host/src/stage.rs.source
/private/tmp/velnor-scheduler-quota-composite	velnor-scheduler-quota-composite	7581150e73df43aeaa8a7b8ab80157c87afa02d7	01e84a09f7040a9cc317b336f853f6f141bb9a12	(detached)	crates/velnor-runner/crates/velnor-runner-host/src/stage/cleanup.rs	M 	staged	modified		100644	bb08c04ea817a1fca5a0a852cd24b6a258c1d4db	0:100644:433d7ee92476adef481f1362ad2aedf33b6a88b8	regular	100644	0o644	433d7ee92476adef481f1362ad2aedf33b6a88b8	94271c6af80a80b3970bc67ba651a166cca7c68e2d793fa3f067e54ae9471a42	2832	velnor-scheduler-quota-composite/worktree/crates/velnor-runner/crates/velnor-runner-host/src/stage/cleanup.rs.source
/private/tmp/velnor-scheduler-quota-composite	velnor-scheduler-quota-composite	7581150e73df43aeaa8a7b8ab80157c87afa02d7	01e84a09f7040a9cc317b336f853f6f141bb9a12	(detached)	crates/velnor-runner/crates/velnor-runner-host/src/stage/engine.rs	A 	staged	added				0:100644:302125d9df1b65dd6c173efec836faafeb59d7dc	regular	100644	0o644	302125d9df1b65dd6c173efec836faafeb59d7dc	3e64f7404a8875a775103f2d608411aa27574da9168adaa1036d9def1957da75	4901	velnor-scheduler-quota-composite/worktree/crates/velnor-runner/crates/velnor-runner-host/src/stage/engine.rs.source
/private/tmp/velnor-scheduler-quota-composite	velnor-scheduler-quota-composite	7581150e73df43aeaa8a7b8ab80157c87afa02d7	01e84a09f7040a9cc317b336f853f6f141bb9a12	(detached)	crates/velnor-runner/crates/velnor-runner-host/src/stage/reconcile.rs	M 	staged	modified		100644	b984917590895f1102bbeca4a07b7d06d78e2c91	0:100644:58e5ae0c01bc52115fb5ff0862d4f6a01727785a	regular	100644	0o644	58e5ae0c01bc52115fb5ff0862d4f6a01727785a	782bb03d7c0a2b2794567d099b35fa1d228438fde2640b70992b23e575d7b3fd	6497	velnor-scheduler-quota-composite/worktree/crates/velnor-runner/crates/velnor-runner-host/src/stage/reconcile.rs.source
/private/tmp/velnor-scheduler-quota-composite	velnor-scheduler-quota-composite	7581150e73df43aeaa8a7b8ab80157c87afa02d7	01e84a09f7040a9cc317b336f853f6f141bb9a12	(detached)	crates/velnor-runner/crates/velnor-runner-host/src/stage_tests.rs	M 	staged	modified		100644	e42282e132a779145c4bc61d32a1e9b7b7d0a957	0:100644:eba47101814a6679d12b55eec917a6b368c80cd7	regular	100644	0o644	eba47101814a6679d12b55eec917a6b368c80cd7	e63fca724dc8b74161a4354850fec9c028afa3b9b8ae2716ab4fd4c3be10d48c	547	velnor-scheduler-quota-composite/worktree/crates/velnor-runner/crates/velnor-runner-host/src/stage_tests.rs.source
/private/tmp/velnor-scheduler-quota-composite	velnor-scheduler-quota-composite	7581150e73df43aeaa8a7b8ab80157c87afa02d7	01e84a09f7040a9cc317b336f853f6f141bb9a12	(detached)	crates/velnor-runner/crates/velnor-runner-host/src/stage_tests/cleanup.rs	M 	staged	modified		100644	b0e5b6755cb6400af2f9684501fb1848a9c3ba17	0:100644:072eb72815a3026c7a146b7708effd0169a21b50	regular	100644	0o644	072eb72815a3026c7a146b7708effd0169a21b50	dda87f78c0759a38e0eb6c30a8df6b8ba66227b5a2150ee78a23990be76df706	4529	velnor-scheduler-quota-composite/worktree/crates/velnor-runner/crates/velnor-runner-host/src/stage_tests/cleanup.rs.source
/private/tmp/velnor-scheduler-quota-composite	velnor-scheduler-quota-composite	7581150e73df43aeaa8a7b8ab80157c87afa02d7	01e84a09f7040a9cc317b336f853f6f141bb9a12	(detached)	crates/velnor-runner/crates/velnor-runner-host/src/stage_tests/preparation.rs	M 	staged	modified		100644	0deee317aef3fd6b571dda0b19b9d37d7669b8f2	0:100644:d667ec8bad81dd5485e878ee8c1695082f90961d	regular	100644	0o644	d667ec8bad81dd5485e878ee8c1695082f90961d	7765f2e68b2d86b09ab3ba26079cff00e3e23572390b49061014fe9129478847	3796	velnor-scheduler-quota-composite/worktree/crates/velnor-runner/crates/velnor-runner-host/src/stage_tests/preparation.rs.source
/private/tmp/velnor-scheduler-quota-composite	velnor-scheduler-quota-composite	7581150e73df43aeaa8a7b8ab80157c87afa02d7	01e84a09f7040a9cc317b336f853f6f141bb9a12	(detached)	crates/velnor-runner/crates/velnor-runner-host/src/stage_tests/reconcile.rs	M 	staged	modified		100644	f8695c7cefa7fc9d5dcd936e2fb547211bcaa3db	0:100644:ff809ad541ce61f208cf280b257da1af6463488a	regular	100644	0o644	ff809ad541ce61f208cf280b257da1af6463488a	12149db40c42d6f15a0ba79fa72975841c7e68889bb85c5cb64aac972e9ee94e	5723	velnor-scheduler-quota-composite/worktree/crates/velnor-runner/crates/velnor-runner-host/src/stage_tests/reconcile.rs.source
/private/tmp/velnor-scheduler-quota-composite	velnor-scheduler-quota-composite	7581150e73df43aeaa8a7b8ab80157c87afa02d7	01e84a09f7040a9cc317b336f853f6f141bb9a12	(detached)	crates/velnor-runner/crates/velnor-runner-host/src/stage_tests/runner.rs	M 	staged	modified		100644	ea17a6da1187bf61e02c7156d3cd980062b8ca05	0:100644:77358212f88ebfe7aa382829f465ed52ef3409ab	regular	100644	0o644	77358212f88ebfe7aa382829f465ed52ef3409ab	f40571fc3ce6b7a62907d3bd4501e66abf49b57a1abf70bab263193007a64c16	4153	velnor-scheduler-quota-composite/worktree/crates/velnor-runner/crates/velnor-runner-host/src/stage_tests/runner.rs.source
/private/tmp/velnor-scheduler-quota-composite	velnor-scheduler-quota-composite	7581150e73df43aeaa8a7b8ab80157c87afa02d7	01e84a09f7040a9cc317b336f853f6f141bb9a12	(detached)	crates/velnor-runner/crates/velnor-runner-host/src/worker.rs	M 	staged	modified		100644	22da22de157c0ec2397b4639e896438768ccb35e	0:100644:22c6c96347262dadc4ce3338fc19b6b185167ff9	regular	100644	0o644	22c6c96347262dadc4ce3338fc19b6b185167ff9	7b99e111da3bc5f436801fb8ada09e9f7e34f48b46f5603b4075317db0577109	12681	velnor-scheduler-quota-composite/worktree/crates/velnor-runner/crates/velnor-runner-host/src/worker.rs.source
/private/tmp/velnor-scheduler-quota-composite	velnor-scheduler-quota-composite	7581150e73df43aeaa8a7b8ab80157c87afa02d7	01e84a09f7040a9cc317b336f853f6f141bb9a12	(detached)	crates/velnor-runner/crates/velnor-runner-host/src/worker/prepared.rs	M 	staged	modified		100644	e1192b72d173f301b7cec8aaea2b21d143d31569	0:100644:d9eb01cccf978082a605b918e4ac33adfa4c853b	regular	100644	0o644	d9eb01cccf978082a605b918e4ac33adfa4c853b	985a2e7f1270b362541663f59e23b1f632cec12a2f709e607482b3fdfa865383	2645	velnor-scheduler-quota-composite/worktree/crates/velnor-runner/crates/velnor-runner-host/src/worker/prepared.rs.source
/private/tmp/velnor-scheduler-quota-composite	velnor-scheduler-quota-composite	7581150e73df43aeaa8a7b8ab80157c87afa02d7	01e84a09f7040a9cc317b336f853f6f141bb9a12	(detached)	crates/velnor-runner/crates/velnor-runner-host/src/worker/projection.rs	M 	staged	modified		100644	a29bb6a991e9c523e2fd89e5618ac0bfefb9813e	0:100644:1a6628f2723f2fc321efecea9e348d296cde3dd8	regular	100644	0o644	1a6628f2723f2fc321efecea9e348d296cde3dd8	c88dd3552d56d5a5e9b5f1ecad12ad0dbb759ae5a59c043d04665eb68f1a2d88	5388	velnor-scheduler-quota-composite/worktree/crates/velnor-runner/crates/velnor-runner-host/src/worker/projection.rs.source
/private/tmp/velnor-scheduler-quota-composite	velnor-scheduler-quota-composite	7581150e73df43aeaa8a7b8ab80157c87afa02d7	01e84a09f7040a9cc317b336f853f6f141bb9a12	(detached)	crates/velnor-runner/crates/velnor-runner-host/src/worker/projection_tests.rs	M 	staged	modified		100644	023f6a93a5190a9ae205e5f1cc07821ed98f1484	0:100644:2cc9d704c91e27522ce63ef40545e2fb5cd84217	regular	100644	0o644	2cc9d704c91e27522ce63ef40545e2fb5cd84217	21cd763b010272d9bf68bed3a6e3d3f96c0439ebb16030c35ccaa9216cc2ba17	8225	velnor-scheduler-quota-composite/worktree/crates/velnor-runner/crates/velnor-runner-host/src/worker/projection_tests.rs.source
/private/tmp/velnor-scheduler-quota-composite	velnor-scheduler-quota-composite	7581150e73df43aeaa8a7b8ab80157c87afa02d7	01e84a09f7040a9cc317b336f853f6f141bb9a12	(detached)	crates/velnor-runner/crates/velnor-runner-host/src/worker/resource_budget/mod.rs	A 	staged	added				0:100644:01ddd1ddd3472284730e59471c613831b760704c	regular	100644	0o644	01ddd1ddd3472284730e59471c613831b760704c	b04f00aa880ddb3c75661edb5cf2b66f1eda5513bfc3f65a4340064f19aaf8b5	6861	velnor-scheduler-quota-composite/worktree/crates/velnor-runner/crates/velnor-runner-host/src/worker/resource_budget/mod.rs.source
/private/tmp/velnor-scheduler-quota-composite	velnor-scheduler-quota-composite	7581150e73df43aeaa8a7b8ab80157c87afa02d7	01e84a09f7040a9cc317b336f853f6f141bb9a12	(detached)	crates/velnor-runner/crates/velnor-runner-host/src/worker/resource_budget/tests.rs	A 	staged	added				0:100644:366de907c3a502b62b9b1f5c5d9586073f4d8a1e	regular	100644	0o644	366de907c3a502b62b9b1f5c5d9586073f4d8a1e	9c6b89db3ee370e6ba056ac7b69a48f65156f7ea4fb1f7172ed945d0110adf86	5835	velnor-scheduler-quota-composite/worktree/crates/velnor-runner/crates/velnor-runner-host/src/worker/resource_budget/tests.rs.source
/private/tmp/velnor-scheduler-quota-composite	velnor-scheduler-quota-composite	7581150e73df43aeaa8a7b8ab80157c87afa02d7	01e84a09f7040a9cc317b336f853f6f141bb9a12	(detached)	crates/velnor-runner/crates/velnor-runner-host/src/worker/resources.rs	M 	staged	modified		100644	6914928159bfed2562bdeef2318a9f3f9c465aeb	0:100644:ce4723a734eecbdc0f903097091e9a93c15f4420	regular	100644	0o644	ce4723a734eecbdc0f903097091e9a93c15f4420	8def83b16a46d4511c3a815b925767b24b3a5c948e445acc8aa502cae9cba050	9790	velnor-scheduler-quota-composite/worktree/crates/velnor-runner/crates/velnor-runner-host/src/worker/resources.rs.source
/private/tmp/velnor-scheduler-quota-composite	velnor-scheduler-quota-composite	7581150e73df43aeaa8a7b8ab80157c87afa02d7	01e84a09f7040a9cc317b336f853f6f141bb9a12	(detached)	crates/velnor-runner/crates/velnor-runner-host/src/worker/resources/containers.rs	M 	staged	modified		100644	7eeca1d8b0fff98fe9dd728ba1d5b6a9b7a5922d	0:100644:2c3382dfffc88c1a76ce36ea8a5f72f8381cf67c	regular	100644	0o644	2c3382dfffc88c1a76ce36ea8a5f72f8381cf67c	36bb73a29aac0eb4c5add1aec0d85681f1a6d559d7d00d2dd7922dfeddc6a403	13372	velnor-scheduler-quota-composite/worktree/crates/velnor-runner/crates/velnor-runner-host/src/worker/resources/containers.rs.source
/private/tmp/velnor-scheduler-quota-composite	velnor-scheduler-quota-composite	7581150e73df43aeaa8a7b8ab80157c87afa02d7	01e84a09f7040a9cc317b336f853f6f141bb9a12	(detached)	crates/velnor-runner/crates/velnor-runner-host/src/worker/resources/containers_cgroupns_tests.rs	M 	staged	modified		100644	1a9ab6e61c8c3982a161bbd1cab0aacfe082f561	0:100644:813305500c3c796cb26f877f13f10e3370914c54	regular	100644	0o644	813305500c3c796cb26f877f13f10e3370914c54	b58dd2f14eacee1fa79299321e8667cb5c2e5dfb0ce0ffd70ed3014b570acff6	984	velnor-scheduler-quota-composite/worktree/crates/velnor-runner/crates/velnor-runner-host/src/worker/resources/containers_cgroupns_tests.rs.source
/private/tmp/velnor-scheduler-quota-composite	velnor-scheduler-quota-composite	7581150e73df43aeaa8a7b8ab80157c87afa02d7	01e84a09f7040a9cc317b336f853f6f141bb9a12	(detached)	crates/velnor-runner/crates/velnor-runner-host/src/worker/resources/containers_identity.rs	A 	staged	added				0:100644:e8b458cae834e508883b0053e9311d408679dbbe	regular	100644	0o644	e8b458cae834e508883b0053e9311d408679dbbe	58b243fa9506dca374196b660104cbe2a664be70ba0ff9c82503300629f9d856	767	velnor-scheduler-quota-composite/worktree/crates/velnor-runner/crates/velnor-runner-host/src/worker/resources/containers_identity.rs.source
/private/tmp/velnor-scheduler-quota-composite	velnor-scheduler-quota-composite	7581150e73df43aeaa8a7b8ab80157c87afa02d7	01e84a09f7040a9cc317b336f853f6f141bb9a12	(detached)	crates/velnor-runner/crates/velnor-runner-host/src/worker/resources/containers_limits.rs	A 	staged	added				0:100644:fd41e304cf1802008763152e7c1cc12c223c1807	regular	100644	0o644	fd41e304cf1802008763152e7c1cc12c223c1807	4cd8a44283ae60c963a1d81d6625890d33692391baf85f089563ab8720a6b218	740	velnor-scheduler-quota-composite/worktree/crates/velnor-runner/crates/velnor-runner-host/src/worker/resources/containers_limits.rs.source
/private/tmp/velnor-scheduler-quota-composite	velnor-scheduler-quota-composite	7581150e73df43aeaa8a7b8ab80157c87afa02d7	01e84a09f7040a9cc317b336f853f6f141bb9a12	(detached)	crates/velnor-runner/crates/velnor-runner-host/src/worker/resources/containers_resource_tests.rs	A 	staged	added				0:100644:f82f2731212730ec148095386cc5ca2fa46bf313	regular	100644	0o644	f82f2731212730ec148095386cc5ca2fa46bf313	d1c7001eeea4bc22ed794638da719f69efdfab4b3f549dc85be57fd9cf206160	2398	velnor-scheduler-quota-composite/worktree/crates/velnor-runner/crates/velnor-runner-host/src/worker/resources/containers_resource_tests.rs.source
/private/tmp/velnor-scheduler-quota-composite	velnor-scheduler-quota-composite	7581150e73df43aeaa8a7b8ab80157c87afa02d7	01e84a09f7040a9cc317b336f853f6f141bb9a12	(detached)	crates/velnor-runner/crates/velnor-runner-host/src/worker/resources/containers_tests.rs	M 	staged	modified		100644	efe36d05ba614cd62a5968c796b0a55c13f1b68f	0:100644:ab3aca0f2e7e845201a4628f1c2ec28d7a2e850f	regular	100644	0o644	ab3aca0f2e7e845201a4628f1c2ec28d7a2e850f	451a09a29064c3335a642065f87da9afda3fe44568f2f6a31e9c2b23769cf489	12440	velnor-scheduler-quota-composite/worktree/crates/velnor-runner/crates/velnor-runner-host/src/worker/resources/containers_tests.rs.source
/private/tmp/velnor-scheduler-quota-composite	velnor-scheduler-quota-composite	7581150e73df43aeaa8a7b8ab80157c87afa02d7	01e84a09f7040a9cc317b336f853f6f141bb9a12	(detached)	crates/velnor-runner/crates/velnor-runner-host/src/worker_tests.rs	M 	staged	modified		100644	b7916e1451995a8aa5811c7360a9e6c1a3719b5b	0:100644:dab3fa33f7aba1c5ceac231e1ba3735d463ff9ab	regular	100644	0o644	dab3fa33f7aba1c5ceac231e1ba3735d463ff9ab	c726cdcae3e57fdc18bbd01e84d947a528278021c97757147dc90eb73fbcfe1a	8899	velnor-scheduler-quota-composite/worktree/crates/velnor-runner/crates/velnor-runner-host/src/worker_tests.rs.source
/private/tmp/velnor-scheduler-quota-composite	velnor-scheduler-quota-composite	7581150e73df43aeaa8a7b8ab80157c87afa02d7	01e84a09f7040a9cc317b336f853f6f141bb9a12	(detached)	docs/proposed/macos-scaleset-runner.md	M 	staged	modified		100644	d7fe770eb4ca325068df71482590c083183b7d9b	0:100644:0d543d77662a58040e3ca1da7461ab1d8c1dd036	regular	100644	0o644	0d543d77662a58040e3ca1da7461ab1d8c1dd036	53886d5fc43415e224ef7e5962d5263a73b9b596d9ad43c7115ba40e45cfbea4	10157	velnor-scheduler-quota-composite/worktree/docs/proposed/macos-scaleset-runner.md.source
/private/tmp/velnor-scheduler-turn-path-test	velnor-scheduler-turn-path-test	7581150e73df43aeaa8a7b8ab80157c87afa02d7	01e84a09f7040a9cc317b336f853f6f141bb9a12	(detached)	crates/velnor-runner/crates/velnor-runner-cli/src/args.rs	M 	staged	modified		100644	6445faff9ae1514321d4e2a210dac14eee0d23f5	0:100644:1513114b8f3f57d59ea438f75a409374a557b288	regular	100644	0o644	1513114b8f3f57d59ea438f75a409374a557b288	dc3eabb8b77e641c62367cf9622e418a740795e3986193ed9dc75c0d6243b1c6	3490	velnor-scheduler-turn-path-test/worktree/crates/velnor-runner/crates/velnor-runner-cli/src/args.rs.source
/private/tmp/velnor-scheduler-turn-path-test	velnor-scheduler-turn-path-test	7581150e73df43aeaa8a7b8ab80157c87afa02d7	01e84a09f7040a9cc317b336f853f6f141bb9a12	(detached)	crates/velnor-runner/crates/velnor-runner-cli/src/daemon_run.rs	M 	staged	modified		100644	1d6c4e1a64490adbca2d73931fe14f6726d08cdc	0:100644:52bbe013d05f335eeec77271de7c559abf95d08b	regular	100644	0o644	52bbe013d05f335eeec77271de7c559abf95d08b	1068bb9f67086bf65e0c5535ac0713c873c4ccd201d252e225d6e6209377c7b7	6412	velnor-scheduler-turn-path-test/worktree/crates/velnor-runner/crates/velnor-runner-cli/src/daemon_run.rs.source
/private/tmp/velnor-scheduler-turn-path-test	velnor-scheduler-turn-path-test	7581150e73df43aeaa8a7b8ab80157c87afa02d7	01e84a09f7040a9cc317b336f853f6f141bb9a12	(detached)	crates/velnor-runner/crates/velnor-runner-cli/src/dispatch.rs	M 	staged	modified		100644	3411898a9823eb1da6890e4bfa076b5960300149	0:100644:913a729cba69527ba5c92573f8a88ef5d697ff24	regular	100644	0o644	913a729cba69527ba5c92573f8a88ef5d697ff24	487c3ac37a00cad3d5a2028e26198ddc9c167e6b08b821d2390bccfe1ba7c7cb	8898	velnor-scheduler-turn-path-test/worktree/crates/velnor-runner/crates/velnor-runner-cli/src/dispatch.rs.source
/private/tmp/velnor-scheduler-turn-path-test	velnor-scheduler-turn-path-test	7581150e73df43aeaa8a7b8ab80157c87afa02d7	01e84a09f7040a9cc317b336f853f6f141bb9a12	(detached)	crates/velnor-runner/crates/velnor-runner-cli/src/dispatch/connect_tests.rs	M 	staged	modified		100644	c9fc950d852c8939583ab38dd00fb8a0147785b2	0:100644:b98b8922c278682e4bc9bbe25277730c340dd81a	regular	100644	0o644	b98b8922c278682e4bc9bbe25277730c340dd81a	7b092535591fd572d5504c5ff35bc05eeb093fac64b1c16d24071fbbba560ec1	6412	velnor-scheduler-turn-path-test/worktree/crates/velnor-runner/crates/velnor-runner-cli/src/dispatch/connect_tests.rs.source
/private/tmp/velnor-scheduler-turn-path-test	velnor-scheduler-turn-path-test	7581150e73df43aeaa8a7b8ab80157c87afa02d7	01e84a09f7040a9cc317b336f853f6f141bb9a12	(detached)	crates/velnor-runner/crates/velnor-runner-host/examples/launch_once.rs	M 	staged	modified		100644	41930fda092ed59584cd3d3b93a27bf995327300	0:100644:52b6bf59336b0e48290e6a5abe6cfa03b0afeb31	regular	100644	0o644	52b6bf59336b0e48290e6a5abe6cfa03b0afeb31	c1e6c4c122e3cd495f9738e4a403c451ad794c2c909313d31fe32bec9a55d37e	3242	velnor-scheduler-turn-path-test/worktree/crates/velnor-runner/crates/velnor-runner-host/examples/launch_once.rs.source
/private/tmp/velnor-scheduler-turn-path-test	velnor-scheduler-turn-path-test	7581150e73df43aeaa8a7b8ab80157c87afa02d7	01e84a09f7040a9cc317b336f853f6f141bb9a12	(detached)	crates/velnor-runner/crates/velnor-runner-host/src/config.rs	M 	staged	modified		100644	7e7db2c73f457d8fed7d3a41d6494e4104952df0	0:100644:f159ee2dd2b85b73cb680272350c6cd9b0e76aa6	regular	100644	0o644	f159ee2dd2b85b73cb680272350c6cd9b0e76aa6	dc90608122cd7fcf1e7eda86b11d8996d91f58eb8716dbed161358bfbd16f0aa	4012	velnor-scheduler-turn-path-test/worktree/crates/velnor-runner/crates/velnor-runner-host/src/config.rs.source
/private/tmp/velnor-scheduler-turn-path-test	velnor-scheduler-turn-path-test	7581150e73df43aeaa8a7b8ab80157c87afa02d7	01e84a09f7040a9cc317b336f853f6f141bb9a12	(detached)	crates/velnor-runner/crates/velnor-runner-host/src/connect_tests.rs	M 	staged	modified		100644	0ad80b0c1cee60c7c7573ecc7dfa7272c64354f8	0:100644:536d7f6e3b39d49d6f44663e73261f9e9acfef69	regular	100644	0o644	536d7f6e3b39d49d6f44663e73261f9e9acfef69	8bb0ddda3a1a38cca5055910258d6c302860103bdf04c3d4979c92bc7b6a7fac	7498	velnor-scheduler-turn-path-test/worktree/crates/velnor-runner/crates/velnor-runner-host/src/connect_tests.rs.source
/private/tmp/velnor-scheduler-turn-path-test	velnor-scheduler-turn-path-test	7581150e73df43aeaa8a7b8ab80157c87afa02d7	01e84a09f7040a9cc317b336f853f6f141bb9a12	(detached)	crates/velnor-runner/crates/velnor-runner-host/src/launch.rs	M 	staged	modified		100644	82a0d3f7bcb3a0e6914636792d3f7c556f1eaf9b	0:100644:c66b2f5e069dd524ebfc364db87e2e423c6bf1f5	regular	100644	0o644	c66b2f5e069dd524ebfc364db87e2e423c6bf1f5	b3a775bde423c0193847cc08eae8097c9976d3709ea1888bc5692a1ec608f31d	10695	velnor-scheduler-turn-path-test/worktree/crates/velnor-runner/crates/velnor-runner-host/src/launch.rs.source
/private/tmp/velnor-scheduler-turn-path-test	velnor-scheduler-turn-path-test	7581150e73df43aeaa8a7b8ab80157c87afa02d7	01e84a09f7040a9cc317b336f853f6f141bb9a12	(detached)	crates/velnor-runner/crates/velnor-runner-host/src/launch/lane.rs	A 	staged	added				0:100644:faf029dff8f4c7b915aca346b94986e9f46a3fdf	regular	100644	0o644	faf029dff8f4c7b915aca346b94986e9f46a3fdf	e7ab9c91226f46ed840f9e39bf9151ea7c9f103077b9a5d3d7a12784756532bb	1647	velnor-scheduler-turn-path-test/worktree/crates/velnor-runner/crates/velnor-runner-host/src/launch/lane.rs.source
/private/tmp/velnor-scheduler-turn-path-test	velnor-scheduler-turn-path-test	7581150e73df43aeaa8a7b8ab80157c87afa02d7	01e84a09f7040a9cc317b336f853f6f141bb9a12	(detached)	crates/velnor-runner/crates/velnor-runner-host/src/launch/turn.rs	M 	staged	modified		100644	91f5caafe6d7125aa9b808d3777d1eaf5e76c8ac	0:100644:e4a509143cdce629e601bb8eadb6863a9b58a4a1	regular	100644	0o644	e4a509143cdce629e601bb8eadb6863a9b58a4a1	7259073f7aec599d58799b90d9d2f16d042e85fb9a0ba9c2f5d7a89c77d092b9	12890	velnor-scheduler-turn-path-test/worktree/crates/velnor-runner/crates/velnor-runner-host/src/launch/turn.rs.source
/private/tmp/velnor-scheduler-turn-path-test	velnor-scheduler-turn-path-test	7581150e73df43aeaa8a7b8ab80157c87afa02d7	01e84a09f7040a9cc317b336f853f6f141bb9a12	(detached)	crates/velnor-runner/crates/velnor-runner-host/src/launch/turn/budget_tests.rs	A 	staged	added				0:100644:d6d148d98649912b9c54df43053bb90b94d1f15a	regular	100644	0o644	d6d148d98649912b9c54df43053bb90b94d1f15a	1419497858878a744e59a6ed93b8367b67fb3f379cdc259122183cc71ff8c25c	7036	velnor-scheduler-turn-path-test/worktree/crates/velnor-runner/crates/velnor-runner-host/src/launch/turn/budget_tests.rs.source
/private/tmp/velnor-scheduler-turn-path-test	velnor-scheduler-turn-path-test	7581150e73df43aeaa8a7b8ab80157c87afa02d7	01e84a09f7040a9cc317b336f853f6f141bb9a12	(detached)	crates/velnor-runner/crates/velnor-runner-host/src/launch/turn/policy.rs	A 	staged	added				0:100644:b84700f91fdf8b889a565ad2120fa4fcd8075b9b	regular	100644	0o644	b84700f91fdf8b889a565ad2120fa4fcd8075b9b	9e88fd9dd5b47adda92dc339e419fe843f5b98572c6fbc3ddb4875aa6ba05ed8	1221	velnor-scheduler-turn-path-test/worktree/crates/velnor-runner/crates/velnor-runner-host/src/launch/turn/policy.rs.source
/private/tmp/velnor-scheduler-turn-path-test	velnor-scheduler-turn-path-test	7581150e73df43aeaa8a7b8ab80157c87afa02d7	01e84a09f7040a9cc317b336f853f6f141bb9a12	(detached)	crates/velnor-runner/crates/velnor-runner-host/src/launch_blocking.rs	M 	staged	modified		100644	12035af4d176370252b87e893ffcc48900e5badc	0:100644:6138fd81fb5f22846a3e5fe86106e66baab2a809	regular	100644	0o644	6138fd81fb5f22846a3e5fe86106e66baab2a809	68c3077fc42a76d89a1fbf26bd7c70d2e00a812fb418e6b77a721dd6a3e87a5f	2300	velnor-scheduler-turn-path-test/worktree/crates/velnor-runner/crates/velnor-runner-host/src/launch_blocking.rs.source
/private/tmp/velnor-scheduler-turn-path-test	velnor-scheduler-turn-path-test	7581150e73df43aeaa8a7b8ab80157c87afa02d7	01e84a09f7040a9cc317b336f853f6f141bb9a12	(detached)	crates/velnor-runner/crates/velnor-runner-host/src/launch_harness.rs	M 	staged	modified		100644	d56474b43e4807833e68be63d1cfe9a492adc093	0:100644:e09ff715ff98f900f5ae608c8d54933f538b03b5	regular	100644	0o644	e09ff715ff98f900f5ae608c8d54933f538b03b5	cd8eb616bb7dbf3c2f6f73c551ea428b692f1a046ead345112dad8577b66989a	6851	velnor-scheduler-turn-path-test/worktree/crates/velnor-runner/crates/velnor-runner-host/src/launch_harness.rs.source
/private/tmp/velnor-scheduler-turn-path-test	velnor-scheduler-turn-path-test	7581150e73df43aeaa8a7b8ab80157c87afa02d7	01e84a09f7040a9cc317b336f853f6f141bb9a12	(detached)	crates/velnor-runner/crates/velnor-runner-host/src/stage.rs	M 	staged	modified		100644	ac7d6cadb520fbb49308a427bc290a0069830e13	0:100644:5e5d65180d3a90e84d96e35c1c33d3551a1c38f4	regular	100644	0o644	5e5d65180d3a90e84d96e35c1c33d3551a1c38f4	81da08febabc259450527425d5fffe96ee938768aa399c853556f912c6568666	9830	velnor-scheduler-turn-path-test/worktree/crates/velnor-runner/crates/velnor-runner-host/src/stage.rs.source
/private/tmp/velnor-scheduler-turn-path-test	velnor-scheduler-turn-path-test	7581150e73df43aeaa8a7b8ab80157c87afa02d7	01e84a09f7040a9cc317b336f853f6f141bb9a12	(detached)	crates/velnor-runner/crates/velnor-runner-host/src/stage/cleanup.rs	M 	staged	modified		100644	bb08c04ea817a1fca5a0a852cd24b6a258c1d4db	0:100644:433d7ee92476adef481f1362ad2aedf33b6a88b8	regular	100644	0o644	433d7ee92476adef481f1362ad2aedf33b6a88b8	94271c6af80a80b3970bc67ba651a166cca7c68e2d793fa3f067e54ae9471a42	2832	velnor-scheduler-turn-path-test/worktree/crates/velnor-runner/crates/velnor-runner-host/src/stage/cleanup.rs.source
/private/tmp/velnor-scheduler-turn-path-test	velnor-scheduler-turn-path-test	7581150e73df43aeaa8a7b8ab80157c87afa02d7	01e84a09f7040a9cc317b336f853f6f141bb9a12	(detached)	crates/velnor-runner/crates/velnor-runner-host/src/stage/engine.rs	A 	staged	added				0:100644:302125d9df1b65dd6c173efec836faafeb59d7dc	regular	100644	0o644	302125d9df1b65dd6c173efec836faafeb59d7dc	3e64f7404a8875a775103f2d608411aa27574da9168adaa1036d9def1957da75	4901	velnor-scheduler-turn-path-test/worktree/crates/velnor-runner/crates/velnor-runner-host/src/stage/engine.rs.source
/private/tmp/velnor-scheduler-turn-path-test	velnor-scheduler-turn-path-test	7581150e73df43aeaa8a7b8ab80157c87afa02d7	01e84a09f7040a9cc317b336f853f6f141bb9a12	(detached)	crates/velnor-runner/crates/velnor-runner-host/src/stage/reconcile.rs	M 	staged	modified		100644	b984917590895f1102bbeca4a07b7d06d78e2c91	0:100644:58e5ae0c01bc52115fb5ff0862d4f6a01727785a	regular	100644	0o644	58e5ae0c01bc52115fb5ff0862d4f6a01727785a	782bb03d7c0a2b2794567d099b35fa1d228438fde2640b70992b23e575d7b3fd	6497	velnor-scheduler-turn-path-test/worktree/crates/velnor-runner/crates/velnor-runner-host/src/stage/reconcile.rs.source
/private/tmp/velnor-scheduler-turn-path-test	velnor-scheduler-turn-path-test	7581150e73df43aeaa8a7b8ab80157c87afa02d7	01e84a09f7040a9cc317b336f853f6f141bb9a12	(detached)	crates/velnor-runner/crates/velnor-runner-host/src/stage_tests.rs	M 	staged	modified		100644	e42282e132a779145c4bc61d32a1e9b7b7d0a957	0:100644:eba47101814a6679d12b55eec917a6b368c80cd7	regular	100644	0o644	eba47101814a6679d12b55eec917a6b368c80cd7	e63fca724dc8b74161a4354850fec9c028afa3b9b8ae2716ab4fd4c3be10d48c	547	velnor-scheduler-turn-path-test/worktree/crates/velnor-runner/crates/velnor-runner-host/src/stage_tests.rs.source
/private/tmp/velnor-scheduler-turn-path-test	velnor-scheduler-turn-path-test	7581150e73df43aeaa8a7b8ab80157c87afa02d7	01e84a09f7040a9cc317b336f853f6f141bb9a12	(detached)	crates/velnor-runner/crates/velnor-runner-host/src/stage_tests/cleanup.rs	M 	staged	modified		100644	b0e5b6755cb6400af2f9684501fb1848a9c3ba17	0:100644:072eb72815a3026c7a146b7708effd0169a21b50	regular	100644	0o644	072eb72815a3026c7a146b7708effd0169a21b50	dda87f78c0759a38e0eb6c30a8df6b8ba66227b5a2150ee78a23990be76df706	4529	velnor-scheduler-turn-path-test/worktree/crates/velnor-runner/crates/velnor-runner-host/src/stage_tests/cleanup.rs.source
/private/tmp/velnor-scheduler-turn-path-test	velnor-scheduler-turn-path-test	7581150e73df43aeaa8a7b8ab80157c87afa02d7	01e84a09f7040a9cc317b336f853f6f141bb9a12	(detached)	crates/velnor-runner/crates/velnor-runner-host/src/stage_tests/preparation.rs	M 	staged	modified		100644	0deee317aef3fd6b571dda0b19b9d37d7669b8f2	0:100644:d667ec8bad81dd5485e878ee8c1695082f90961d	regular	100644	0o644	d667ec8bad81dd5485e878ee8c1695082f90961d	7765f2e68b2d86b09ab3ba26079cff00e3e23572390b49061014fe9129478847	3796	velnor-scheduler-turn-path-test/worktree/crates/velnor-runner/crates/velnor-runner-host/src/stage_tests/preparation.rs.source
/private/tmp/velnor-scheduler-turn-path-test	velnor-scheduler-turn-path-test	7581150e73df43aeaa8a7b8ab80157c87afa02d7	01e84a09f7040a9cc317b336f853f6f141bb9a12	(detached)	crates/velnor-runner/crates/velnor-runner-host/src/stage_tests/reconcile.rs	M 	staged	modified		100644	f8695c7cefa7fc9d5dcd936e2fb547211bcaa3db	0:100644:ff809ad541ce61f208cf280b257da1af6463488a	regular	100644	0o644	ff809ad541ce61f208cf280b257da1af6463488a	12149db40c42d6f15a0ba79fa72975841c7e68889bb85c5cb64aac972e9ee94e	5723	velnor-scheduler-turn-path-test/worktree/crates/velnor-runner/crates/velnor-runner-host/src/stage_tests/reconcile.rs.source
/private/tmp/velnor-scheduler-turn-path-test	velnor-scheduler-turn-path-test	7581150e73df43aeaa8a7b8ab80157c87afa02d7	01e84a09f7040a9cc317b336f853f6f141bb9a12	(detached)	crates/velnor-runner/crates/velnor-runner-host/src/stage_tests/runner.rs	M 	staged	modified		100644	ea17a6da1187bf61e02c7156d3cd980062b8ca05	0:100644:77358212f88ebfe7aa382829f465ed52ef3409ab	regular	100644	0o644	77358212f88ebfe7aa382829f465ed52ef3409ab	f40571fc3ce6b7a62907d3bd4501e66abf49b57a1abf70bab263193007a64c16	4153	velnor-scheduler-turn-path-test/worktree/crates/velnor-runner/crates/velnor-runner-host/src/stage_tests/runner.rs.source
/private/tmp/velnor-scheduler-turn-path-test	velnor-scheduler-turn-path-test	7581150e73df43aeaa8a7b8ab80157c87afa02d7	01e84a09f7040a9cc317b336f853f6f141bb9a12	(detached)	crates/velnor-runner/crates/velnor-runner-host/src/worker.rs	M 	staged	modified		100644	22da22de157c0ec2397b4639e896438768ccb35e	0:100644:0dfd822c5dddbc071530d1d80344e694e039b51b	regular	100644	0o644	0dfd822c5dddbc071530d1d80344e694e039b51b	560b9348116d6bd8466f232c0d4fb079a487fb18f7ae1957ac79d91f3a758d6b	12708	velnor-scheduler-turn-path-test/worktree/crates/velnor-runner/crates/velnor-runner-host/src/worker.rs.source
/private/tmp/velnor-scheduler-turn-path-test	velnor-scheduler-turn-path-test	7581150e73df43aeaa8a7b8ab80157c87afa02d7	01e84a09f7040a9cc317b336f853f6f141bb9a12	(detached)	crates/velnor-runner/crates/velnor-runner-host/src/worker/prepared.rs	M 	staged	modified		100644	e1192b72d173f301b7cec8aaea2b21d143d31569	0:100644:d9eb01cccf978082a605b918e4ac33adfa4c853b	regular	100644	0o644	d9eb01cccf978082a605b918e4ac33adfa4c853b	985a2e7f1270b362541663f59e23b1f632cec12a2f709e607482b3fdfa865383	2645	velnor-scheduler-turn-path-test/worktree/crates/velnor-runner/crates/velnor-runner-host/src/worker/prepared.rs.source
/private/tmp/velnor-scheduler-turn-path-test	velnor-scheduler-turn-path-test	7581150e73df43aeaa8a7b8ab80157c87afa02d7	01e84a09f7040a9cc317b336f853f6f141bb9a12	(detached)	crates/velnor-runner/crates/velnor-runner-host/src/worker/projection.rs	M 	staged	modified		100644	a29bb6a991e9c523e2fd89e5618ac0bfefb9813e	0:100644:1a6628f2723f2fc321efecea9e348d296cde3dd8	regular	100644	0o644	1a6628f2723f2fc321efecea9e348d296cde3dd8	c88dd3552d56d5a5e9b5f1ecad12ad0dbb759ae5a59c043d04665eb68f1a2d88	5388	velnor-scheduler-turn-path-test/worktree/crates/velnor-runner/crates/velnor-runner-host/src/worker/projection.rs.source
/private/tmp/velnor-scheduler-turn-path-test	velnor-scheduler-turn-path-test	7581150e73df43aeaa8a7b8ab80157c87afa02d7	01e84a09f7040a9cc317b336f853f6f141bb9a12	(detached)	crates/velnor-runner/crates/velnor-runner-host/src/worker/projection_tests.rs	M 	staged	modified		100644	023f6a93a5190a9ae205e5f1cc07821ed98f1484	0:100644:2cc9d704c91e27522ce63ef40545e2fb5cd84217	regular	100644	0o644	2cc9d704c91e27522ce63ef40545e2fb5cd84217	21cd763b010272d9bf68bed3a6e3d3f96c0439ebb16030c35ccaa9216cc2ba17	8225	velnor-scheduler-turn-path-test/worktree/crates/velnor-runner/crates/velnor-runner-host/src/worker/projection_tests.rs.source
/private/tmp/velnor-scheduler-turn-path-test	velnor-scheduler-turn-path-test	7581150e73df43aeaa8a7b8ab80157c87afa02d7	01e84a09f7040a9cc317b336f853f6f141bb9a12	(detached)	crates/velnor-runner/crates/velnor-runner-host/src/worker/resource_budget/mod.rs	A 	staged	added				0:100644:01ddd1ddd3472284730e59471c613831b760704c	regular	100644	0o644	01ddd1ddd3472284730e59471c613831b760704c	b04f00aa880ddb3c75661edb5cf2b66f1eda5513bfc3f65a4340064f19aaf8b5	6861	velnor-scheduler-turn-path-test/worktree/crates/velnor-runner/crates/velnor-runner-host/src/worker/resource_budget/mod.rs.source
/private/tmp/velnor-scheduler-turn-path-test	velnor-scheduler-turn-path-test	7581150e73df43aeaa8a7b8ab80157c87afa02d7	01e84a09f7040a9cc317b336f853f6f141bb9a12	(detached)	crates/velnor-runner/crates/velnor-runner-host/src/worker/resource_budget/tests.rs	A 	staged	added				0:100644:366de907c3a502b62b9b1f5c5d9586073f4d8a1e	regular	100644	0o644	366de907c3a502b62b9b1f5c5d9586073f4d8a1e	9c6b89db3ee370e6ba056ac7b69a48f65156f7ea4fb1f7172ed945d0110adf86	5835	velnor-scheduler-turn-path-test/worktree/crates/velnor-runner/crates/velnor-runner-host/src/worker/resource_budget/tests.rs.source
/private/tmp/velnor-scheduler-turn-path-test	velnor-scheduler-turn-path-test	7581150e73df43aeaa8a7b8ab80157c87afa02d7	01e84a09f7040a9cc317b336f853f6f141bb9a12	(detached)	crates/velnor-runner/crates/velnor-runner-host/src/worker/resources.rs	M 	staged	modified		100644	6914928159bfed2562bdeef2318a9f3f9c465aeb	0:100644:ce4723a734eecbdc0f903097091e9a93c15f4420	regular	100644	0o644	ce4723a734eecbdc0f903097091e9a93c15f4420	8def83b16a46d4511c3a815b925767b24b3a5c948e445acc8aa502cae9cba050	9790	velnor-scheduler-turn-path-test/worktree/crates/velnor-runner/crates/velnor-runner-host/src/worker/resources.rs.source
/private/tmp/velnor-scheduler-turn-path-test	velnor-scheduler-turn-path-test	7581150e73df43aeaa8a7b8ab80157c87afa02d7	01e84a09f7040a9cc317b336f853f6f141bb9a12	(detached)	crates/velnor-runner/crates/velnor-runner-host/src/worker/resources/containers.rs	M 	staged	modified		100644	7eeca1d8b0fff98fe9dd728ba1d5b6a9b7a5922d	0:100644:6832d563e640f9bf6915e8e36a8526451f1748ce	regular	100644	0o644	6832d563e640f9bf6915e8e36a8526451f1748ce	fc7fe7f1dc8d283f78747c35c5daec918790507b7e3178c9b26b830052b963b6	13337	velnor-scheduler-turn-path-test/worktree/crates/velnor-runner/crates/velnor-runner-host/src/worker/resources/containers.rs.source
/private/tmp/velnor-scheduler-turn-path-test	velnor-scheduler-turn-path-test	7581150e73df43aeaa8a7b8ab80157c87afa02d7	01e84a09f7040a9cc317b336f853f6f141bb9a12	(detached)	crates/velnor-runner/crates/velnor-runner-host/src/worker/resources/containers_cgroupns_tests.rs	M 	staged	modified		100644	1a9ab6e61c8c3982a161bbd1cab0aacfe082f561	0:100644:813305500c3c796cb26f877f13f10e3370914c54	regular	100644	0o644	813305500c3c796cb26f877f13f10e3370914c54	b58dd2f14eacee1fa79299321e8667cb5c2e5dfb0ce0ffd70ed3014b570acff6	984	velnor-scheduler-turn-path-test/worktree/crates/velnor-runner/crates/velnor-runner-host/src/worker/resources/containers_cgroupns_tests.rs.source
/private/tmp/velnor-scheduler-turn-path-test	velnor-scheduler-turn-path-test	7581150e73df43aeaa8a7b8ab80157c87afa02d7	01e84a09f7040a9cc317b336f853f6f141bb9a12	(detached)	crates/velnor-runner/crates/velnor-runner-host/src/worker/resources/containers_identity.rs	A 	staged	added				0:100644:e8b458cae834e508883b0053e9311d408679dbbe	regular	100644	0o644	e8b458cae834e508883b0053e9311d408679dbbe	58b243fa9506dca374196b660104cbe2a664be70ba0ff9c82503300629f9d856	767	velnor-scheduler-turn-path-test/worktree/crates/velnor-runner/crates/velnor-runner-host/src/worker/resources/containers_identity.rs.source
/private/tmp/velnor-scheduler-turn-path-test	velnor-scheduler-turn-path-test	7581150e73df43aeaa8a7b8ab80157c87afa02d7	01e84a09f7040a9cc317b336f853f6f141bb9a12	(detached)	crates/velnor-runner/crates/velnor-runner-host/src/worker/resources/containers_limits.rs	A 	staged	added				0:100644:fd41e304cf1802008763152e7c1cc12c223c1807	regular	100644	0o644	fd41e304cf1802008763152e7c1cc12c223c1807	4cd8a44283ae60c963a1d81d6625890d33692391baf85f089563ab8720a6b218	740	velnor-scheduler-turn-path-test/worktree/crates/velnor-runner/crates/velnor-runner-host/src/worker/resources/containers_limits.rs.source
/private/tmp/velnor-scheduler-turn-path-test	velnor-scheduler-turn-path-test	7581150e73df43aeaa8a7b8ab80157c87afa02d7	01e84a09f7040a9cc317b336f853f6f141bb9a12	(detached)	crates/velnor-runner/crates/velnor-runner-host/src/worker/resources/containers_resource_tests.rs	A 	staged	added				0:100644:f82f2731212730ec148095386cc5ca2fa46bf313	regular	100644	0o644	f82f2731212730ec148095386cc5ca2fa46bf313	d1c7001eeea4bc22ed794638da719f69efdfab4b3f549dc85be57fd9cf206160	2398	velnor-scheduler-turn-path-test/worktree/crates/velnor-runner/crates/velnor-runner-host/src/worker/resources/containers_resource_tests.rs.source
/private/tmp/velnor-scheduler-turn-path-test	velnor-scheduler-turn-path-test	7581150e73df43aeaa8a7b8ab80157c87afa02d7	01e84a09f7040a9cc317b336f853f6f141bb9a12	(detached)	crates/velnor-runner/crates/velnor-runner-host/src/worker/resources/containers_tests.rs	M 	staged	modified		100644	efe36d05ba614cd62a5968c796b0a55c13f1b68f	0:100644:ab3aca0f2e7e845201a4628f1c2ec28d7a2e850f	regular	100644	0o644	ab3aca0f2e7e845201a4628f1c2ec28d7a2e850f	451a09a29064c3335a642065f87da9afda3fe44568f2f6a31e9c2b23769cf489	12440	velnor-scheduler-turn-path-test/worktree/crates/velnor-runner/crates/velnor-runner-host/src/worker/resources/containers_tests.rs.source
/private/tmp/velnor-scheduler-turn-path-test	velnor-scheduler-turn-path-test	7581150e73df43aeaa8a7b8ab80157c87afa02d7	01e84a09f7040a9cc317b336f853f6f141bb9a12	(detached)	crates/velnor-runner/crates/velnor-runner-host/src/worker_tests.rs	M 	staged	modified		100644	b7916e1451995a8aa5811c7360a9e6c1a3719b5b	0:100644:dab3fa33f7aba1c5ceac231e1ba3735d463ff9ab	regular	100644	0o644	dab3fa33f7aba1c5ceac231e1ba3735d463ff9ab	c726cdcae3e57fdc18bbd01e84d947a528278021c97757147dc90eb73fbcfe1a	8899	velnor-scheduler-turn-path-test/worktree/crates/velnor-runner/crates/velnor-runner-host/src/worker_tests.rs.source
/private/tmp/velnor-scheduler-turn-path-test	velnor-scheduler-turn-path-test	7581150e73df43aeaa8a7b8ab80157c87afa02d7	01e84a09f7040a9cc317b336f853f6f141bb9a12	(detached)	docs/proposed/macos-scaleset-runner.md	M 	staged	modified		100644	d7fe770eb4ca325068df71482590c083183b7d9b	0:100644:0d543d77662a58040e3ca1da7461ab1d8c1dd036	regular	100644	0o644	0d543d77662a58040e3ca1da7461ab1d8c1dd036	53886d5fc43415e224ef7e5962d5263a73b9b596d9ad43c7115ba40e45cfbea4	10157	velnor-scheduler-turn-path-test/worktree/docs/proposed/macos-scaleset-runner.md.source
/private/tmp/velnor-scheduler-work	velnor-scheduler-work	ed6a8096a3e0b8cb37aaf20b59a73c9c9a907663	011bff09d2d8c5cc75a14ea4c912776ab1bffa47	(detached)	crates/velnor-runner/crates/velnor-runner-host/src/journal_completion.rs	 M	unstaged/untracked	modified		100644	1e5b5cbe2386cce21368246146be74054daf2754	0:100644:1e5b5cbe2386cce21368246146be74054daf2754	regular	100644	0o644	2aec42201124d625170d98f240dc4b41fa5dcbfb	9300748ff1e1db473978ce352b672e0764d09faf5b9d1ef843504e4d7ba6c993	11266	velnor-scheduler-work/worktree/crates/velnor-runner/crates/velnor-runner-host/src/journal_completion.rs.source
/private/tmp/velnor-scheduler-work	velnor-scheduler-work	ed6a8096a3e0b8cb37aaf20b59a73c9c9a907663	011bff09d2d8c5cc75a14ea4c912776ab1bffa47	(detached)	crates/velnor-runner/crates/velnor-runner-host/src/journal_completion_tests.rs	 M	unstaged/untracked	modified		100644	a319eee59c43a9e02b2eea992589eaf983dc6d68	0:100644:a319eee59c43a9e02b2eea992589eaf983dc6d68	regular	100644	0o644	303476d64a4ed9503c5f316c77b92e95d9f5ebba	f97b9b9d95edf989aa2d2e83819d24648977680f1d6f140b348a30d4cef9e108	6535	velnor-scheduler-work/worktree/crates/velnor-runner/crates/velnor-runner-host/src/journal_completion_tests.rs.source
/private/tmp/velnor-scheduler-work	velnor-scheduler-work	ed6a8096a3e0b8cb37aaf20b59a73c9c9a907663	011bff09d2d8c5cc75a14ea4c912776ab1bffa47	(detached)	crates/velnor-runner/crates/velnor-runner-host/src/journal_schema.rs	 M	unstaged/untracked	modified		100644	a27d5935d454e4fb81a23f61c17acd388e55107c	0:100644:a27d5935d454e4fb81a23f61c17acd388e55107c	regular	100644	0o644	c7321a7fc9f60130918a031413c873da4adee247	100d5d61a58ff05d4f3a5df2fa3fc10b8e91f5adc162f1f3ea42779f1fa9eae8	13100	velnor-scheduler-work/worktree/crates/velnor-runner/crates/velnor-runner-host/src/journal_schema.rs.source
/private/tmp/velnor-scheduler-work	velnor-scheduler-work	ed6a8096a3e0b8cb37aaf20b59a73c9c9a907663	011bff09d2d8c5cc75a14ea4c912776ab1bffa47	(detached)	crates/velnor-runner/crates/velnor-runner-host/src/launch/completion.rs	 M	unstaged/untracked	modified		100644	93a3d7e0f9c5c87a544383bd5b63d96f77f7b38a	0:100644:93a3d7e0f9c5c87a544383bd5b63d96f77f7b38a	regular	100644	0o644	a3dc3f473ce1ef31dd089876bf69e766f7dd6222	c1d136c32bb8262747a21f4441b69dd279009218552d882db1a5cff5eb98ecd2	11105	velnor-scheduler-work/worktree/crates/velnor-runner/crates/velnor-runner-host/src/launch/completion.rs.source
/private/tmp/velnor-scheduler-work	velnor-scheduler-work	ed6a8096a3e0b8cb37aaf20b59a73c9c9a907663	011bff09d2d8c5cc75a14ea4c912776ab1bffa47	(detached)	crates/velnor-runner/crates/velnor-runner-host/src/launch/completion/tests.rs	 M	unstaged/untracked	modified		100644	030f00595a05246b602bcd239ccfc759dd552b12	0:100644:030f00595a05246b602bcd239ccfc759dd552b12	regular	100644	0o644	2f7b6a18faa9475fbc87d5c4968a39b765d74d91	e2ce51893e3eca6fb77e01cf76fa53b7f9a61b79a8ccc9a91f26ff543c0201f2	6433	velnor-scheduler-work/worktree/crates/velnor-runner/crates/velnor-runner-host/src/launch/completion/tests.rs.source
/private/tmp/velnor-scheduler-work	velnor-scheduler-work	ed6a8096a3e0b8cb37aaf20b59a73c9c9a907663	011bff09d2d8c5cc75a14ea4c912776ab1bffa47	(detached)	crates/velnor-runner/crates/velnor-runner-host/src/launch/completion/tests/fair.rs	 M	unstaged/untracked	modified		100644	446ac135da5ecd934c05b504c7797d40218f1471	0:100644:446ac135da5ecd934c05b504c7797d40218f1471	regular	100644	0o644	ad119b592c5fc0a97efa7855154443def187dfe9	9724c57443963a3b48491bec01366574de8418e84b00fe5e4f8af1f98a5c4486	6147	velnor-scheduler-work/worktree/crates/velnor-runner/crates/velnor-runner-host/src/launch/completion/tests/fair.rs.source
/private/tmp/velnor-scheduler-work	velnor-scheduler-work	ed6a8096a3e0b8cb37aaf20b59a73c9c9a907663	011bff09d2d8c5cc75a14ea4c912776ab1bffa47	(detached)	crates/velnor-runner/crates/velnor-runner-host/src/launch/completion/tests/lease.rs	 M	unstaged/untracked	modified		100644	e374f84e4a3c3fd6d2aac24ff4301c77a5198c60	0:100644:e374f84e4a3c3fd6d2aac24ff4301c77a5198c60	regular	100644	0o644	deb97a036bd64be2ccbc4a7f8b6e38ab6bbfd397	f6781679665e1989cbb7faa98c6240c23784e4c8e589841fc9773ccfa9ed5946	6215	velnor-scheduler-work/worktree/crates/velnor-runner/crates/velnor-runner-host/src/launch/completion/tests/lease.rs.source
/private/tmp/velnor-scheduler-work	velnor-scheduler-work	ed6a8096a3e0b8cb37aaf20b59a73c9c9a907663	011bff09d2d8c5cc75a14ea4c912776ab1bffa47	(detached)	crates/velnor-runner/crates/velnor-runner-host/src/launch/completion/tests/retry.rs	 M	unstaged/untracked	modified		100644	915d9da015f5948c133646a19e7692c9a20cea17	0:100644:915d9da015f5948c133646a19e7692c9a20cea17	regular	100644	0o644	ccc5eabbfc2bdee86ac12e28f230545d5d4d8322	a6b7d107ca6cc8c13bfd341120be0100d965e130e4476549eefe4a5b15259552	2989	velnor-scheduler-work/worktree/crates/velnor-runner/crates/velnor-runner-host/src/launch/completion/tests/retry.rs.source
/private/tmp/velnor-scheduler-work	velnor-scheduler-work	ed6a8096a3e0b8cb37aaf20b59a73c9c9a907663	011bff09d2d8c5cc75a14ea4c912776ab1bffa47	(detached)	crates/velnor-runner/crates/velnor-runner-host/src/launch/completion/tests/stalled.rs	 M	unstaged/untracked	modified		100644	c9ccf1e6a4e61089fc2788401a7cf51a208661f0	0:100644:c9ccf1e6a4e61089fc2788401a7cf51a208661f0	regular	100644	0o644	9ab83c47ca4208c8a07dc5a5309ef8506f212bf3	31c8732d774603c5d6f08f2129f37a6becf3ab5799f32cb56a29d5372933a8ac	4643	velnor-scheduler-work/worktree/crates/velnor-runner/crates/velnor-runner-host/src/launch/completion/tests/stalled.rs.source
/private/tmp/velnor-scheduler-work	velnor-scheduler-work	ed6a8096a3e0b8cb37aaf20b59a73c9c9a907663	011bff09d2d8c5cc75a14ea4c912776ab1bffa47	(detached)	crates/velnor-runner/crates/velnor-runner-host/src/launch/turn.rs	 M	unstaged/untracked	modified		100644	9e66e6340befb19ffef7613a73d10eb70a498e81	0:100644:9e66e6340befb19ffef7613a73d10eb70a498e81	regular	100644	0o644	4c4ebff083b09911e4bf9ba9e91b1aab1344fb0f	167b26dbdb04fe2f59152fda78643c76b9be2e63783f48dec2cf4b5be8149177	9927	velnor-scheduler-work/worktree/crates/velnor-runner/crates/velnor-runner-host/src/launch/turn.rs.source
/private/tmp/velnor-scheduler-work	velnor-scheduler-work	ed6a8096a3e0b8cb37aaf20b59a73c9c9a907663	011bff09d2d8c5cc75a14ea4c912776ab1bffa47	(detached)	crates/velnor-runner/crates/velnor-runner-host/src/journal_completion_claim_tests.rs	??	unstaged/untracked	untracked					regular	100644	0o644	adf7f7ff46a3ab5b8c43a4fc642eed75c3beb205	115811926209a5d4b8e4a415a94094fb0ac528a41e32eace97d48163e88f592c	6196	velnor-scheduler-work/worktree/crates/velnor-runner/crates/velnor-runner-host/src/journal_completion_claim_tests.rs.source
/private/tmp/velnor-scheduler-work	velnor-scheduler-work	ed6a8096a3e0b8cb37aaf20b59a73c9c9a907663	011bff09d2d8c5cc75a14ea4c912776ab1bffa47	(detached)	crates/velnor-runner/crates/velnor-runner-host/src/launch/completion/support.rs	??	unstaged/untracked	untracked					regular	100644	0o644	321fac0b4c1c36956b383fb9e446ab7743d40ef2	4a2e6521e10668b9ae58f88c73d05585154eef9fc4c0edde5b16b36c7143720a	2479	velnor-scheduler-work/worktree/crates/velnor-runner/crates/velnor-runner-host/src/launch/completion/support.rs.source
/private/tmp/velnor-scheduler-work	velnor-scheduler-work	ed6a8096a3e0b8cb37aaf20b59a73c9c9a907663	011bff09d2d8c5cc75a14ea4c912776ab1bffa47	(detached)	crates/velnor-runner/crates/velnor-runner-host/src/launch/completion/tests/engine.rs	??	unstaged/untracked	untracked					regular	100644	0o644	29094452d8bca8f3c993e5aa9be184e07377ac8b	cd2413747c53048fdb1b50a254b757f4acc010cffd7d23c05b1df76f4552a9fd	7035	velnor-scheduler-work/worktree/crates/velnor-runner/crates/velnor-runner-host/src/launch/completion/tests/engine.rs.source
/private/tmp/velnor-scheduler-work	velnor-scheduler-work	ed6a8096a3e0b8cb37aaf20b59a73c9c9a907663	011bff09d2d8c5cc75a14ea4c912776ab1bffa47	(detached)	crates/velnor-runner/crates/velnor-runner-host/src/launch/turn/poll.rs	??	unstaged/untracked	untracked					regular	100644	0o644	bb6e8e3d5bc132ebeecd4a3e9bf0158630c533c1	62e065824b96c0a0f09808430523dee5ec2561db33c5df2e411da597cafb2862	3277	velnor-scheduler-work/worktree/crates/velnor-runner/crates/velnor-runner-host/src/launch/turn/poll.rs.source
/private/tmp/velnor-seeds-durability-test	velnor-seeds-durability-test	eaebeb96a8ff53ec9c412870cacd93d8a6461452	c1a404aa5e734eb2e06eed06fe5a23c4191e165d	(detached)	crates/velnor-runner/crates/velnor-runner-host/src/action_archive_seed/preparation.rs	 M	unstaged/untracked	modified		100644	891081a37ace4e5591a65414bab1a273c520f1e0	0:100644:891081a37ace4e5591a65414bab1a273c520f1e0	regular	100644	0o644	2d4b160f4eb2c37701f43af3aa256639cce0dab2	09f24959319687abb6e64326075621aeb6b4c11745eaf2a71019f35096b77c62	6768	velnor-seeds-durability-test/worktree/crates/velnor-runner/crates/velnor-runner-host/src/action_archive_seed/preparation.rs.source
/private/tmp/velnor-seeds-durability-test	velnor-seeds-durability-test	eaebeb96a8ff53ec9c412870cacd93d8a6461452	c1a404aa5e734eb2e06eed06fe5a23c4191e165d	(detached)	crates/velnor-runner/crates/velnor-runner-host/src/action_archive_seed_tests/preparation_tests.rs	 M	unstaged/untracked	modified		100644	fddbde1857b5b7c4f2aad308b73c2c48810a34e7	0:100644:fddbde1857b5b7c4f2aad308b73c2c48810a34e7	regular	100644	0o644	74cedf6d31cb50e448d17fad6b5abfb2420f885e	540d3ea6da3ee6fd3104e63f8e2370e286bf3fff99f5b0afa62ae57315d68f1a	10025	velnor-seeds-durability-test/worktree/crates/velnor-runner/crates/velnor-runner-host/src/action_archive_seed_tests/preparation_tests.rs.source
/private/tmp/velnor-seeds-open-existing-final-test	velnor-seeds-open-existing-final-test	81f3119e5bfcc03f55828cf789769bd0da978979	b82591159d25172d5b01539bdb65640c7074a58b	(detached)	crates/velnor-runner/crates/velnor-runner-host/src/action_archive_seed.rs	M 	staged	modified		100644	f5f71af916cb7eb656a9df77807f1586e134d6c5	0:100644:e44e01b8a404a4ad5b6e5f88f07f4219c732fbae	regular	100644	0o644	e44e01b8a404a4ad5b6e5f88f07f4219c732fbae	ad332bad441c3e04e7bd0cbfefa652ec63bb9cd99b9244dd6bb0c33057d9f9d8	9777	velnor-seeds-open-existing-final-test/worktree/crates/velnor-runner/crates/velnor-runner-host/src/action_archive_seed.rs.source
/private/tmp/velnor-seeds-open-existing-final-test	velnor-seeds-open-existing-final-test	81f3119e5bfcc03f55828cf789769bd0da978979	b82591159d25172d5b01539bdb65640c7074a58b	(detached)	crates/velnor-runner/crates/velnor-runner-host/src/action_archive_seed/open_existing.rs	A 	staged	added				0:100644:bedb5a1f8dd24c61bf0b01f32c18ea6f395a571b	regular	100644	0o644	bedb5a1f8dd24c61bf0b01f32c18ea6f395a571b	50cd676b7afd8bd68c76827b7d35580e4410f29df081de2663d42173b99758f9	5868	velnor-seeds-open-existing-final-test/worktree/crates/velnor-runner/crates/velnor-runner-host/src/action_archive_seed/open_existing.rs.source
/private/tmp/velnor-seeds-open-existing-final-test	velnor-seeds-open-existing-final-test	81f3119e5bfcc03f55828cf789769bd0da978979	b82591159d25172d5b01539bdb65640c7074a58b	(detached)	crates/velnor-runner/crates/velnor-runner-host/src/action_archive_seed_tests.rs	M 	staged	modified		100644	987e672f860f1c4d7247b5f10f85a79b73cd59aa	0:100644:fc5a471d12d04a235a8739ccf0b9d5628e7d2b6a	regular	100644	0o644	fc5a471d12d04a235a8739ccf0b9d5628e7d2b6a	2f757a4f8707d751457137594205c66c709ffeeaaa9a390552936f007bc925ba	13432	velnor-seeds-open-existing-final-test/worktree/crates/velnor-runner/crates/velnor-runner-host/src/action_archive_seed_tests.rs.source
/private/tmp/velnor-seeds-open-existing-final-test	velnor-seeds-open-existing-final-test	81f3119e5bfcc03f55828cf789769bd0da978979	b82591159d25172d5b01539bdb65640c7074a58b	(detached)	crates/velnor-runner/crates/velnor-runner-host/src/action_archive_seed_tests/open_existing_tests.rs	A 	staged	added				0:100644:15b9b799df61f0a79a293d154f90ac987a0c141d	regular	100644	0o644	15b9b799df61f0a79a293d154f90ac987a0c141d	9d4ed86a3bd93c9c8f2d5548290ea2de531510cd937c4bbfc36e7e0502b46d4d	6238	velnor-seeds-open-existing-final-test/worktree/crates/velnor-runner/crates/velnor-runner-host/src/action_archive_seed_tests/open_existing_tests.rs.source
/private/tmp/velnor-seeds-open-existing-test	velnor-seeds-open-existing-test	81f3119e5bfcc03f55828cf789769bd0da978979	b82591159d25172d5b01539bdb65640c7074a58b	(detached)	crates/velnor-runner/crates/velnor-runner-host/src/action_archive_seed.rs	 M	unstaged/untracked	modified		100644	f5f71af916cb7eb656a9df77807f1586e134d6c5	0:100644:f5f71af916cb7eb656a9df77807f1586e134d6c5	regular	100644	0o644	e44e01b8a404a4ad5b6e5f88f07f4219c732fbae	ad332bad441c3e04e7bd0cbfefa652ec63bb9cd99b9244dd6bb0c33057d9f9d8	9777	velnor-seeds-open-existing-test/worktree/crates/velnor-runner/crates/velnor-runner-host/src/action_archive_seed.rs.source
/private/tmp/velnor-seeds-open-existing-test	velnor-seeds-open-existing-test	81f3119e5bfcc03f55828cf789769bd0da978979	b82591159d25172d5b01539bdb65640c7074a58b	(detached)	crates/velnor-runner/crates/velnor-runner-host/src/action_archive_seed_tests.rs	 M	unstaged/untracked	modified		100644	987e672f860f1c4d7247b5f10f85a79b73cd59aa	0:100644:987e672f860f1c4d7247b5f10f85a79b73cd59aa	regular	100644	0o644	fc5a471d12d04a235a8739ccf0b9d5628e7d2b6a	2f757a4f8707d751457137594205c66c709ffeeaaa9a390552936f007bc925ba	13432	velnor-seeds-open-existing-test/worktree/crates/velnor-runner/crates/velnor-runner-host/src/action_archive_seed_tests.rs.source
/private/tmp/velnor-seeds-open-existing-test	velnor-seeds-open-existing-test	81f3119e5bfcc03f55828cf789769bd0da978979	b82591159d25172d5b01539bdb65640c7074a58b	(detached)	crates/velnor-runner/crates/velnor-runner-host/src/action_archive_seed/open_existing.rs	??	unstaged/untracked	untracked					regular	100644	0o644	49cbd61a929648b3d47a644f57b0ad12c1b7ba2e	5cb7f7abb679ecab89777b0c436f6c3db8d2dfa6815486afc30c337554c7d040	5830	velnor-seeds-open-existing-test/worktree/crates/velnor-runner/crates/velnor-runner-host/src/action_archive_seed/open_existing.rs.source
/private/tmp/velnor-seeds-open-existing-test	velnor-seeds-open-existing-test	81f3119e5bfcc03f55828cf789769bd0da978979	b82591159d25172d5b01539bdb65640c7074a58b	(detached)	crates/velnor-runner/crates/velnor-runner-host/src/action_archive_seed_tests/open_existing_tests.rs	??	unstaged/untracked	untracked					regular	100644	0o644	027b357ecf049356326a98d988ee31662149d037	e837911d4addec020e4801b0c005c8529467db10937c3a15c7761de6a9e7d482	6021	velnor-seeds-open-existing-test/worktree/crates/velnor-runner/crates/velnor-runner-host/src/action_archive_seed_tests/open_existing_tests.rs.source
/private/tmp/velnor-seeds-prep-final	velnor-seeds-prep-final	0b5e8eb3353256a75281ef62a8f453b8b6ecde6b	0ebc1c7edea7a27b5840671a58dccf18ea736ca9	(detached)	crates/velnor-runner/crates/velnor-runner-host/src/action_archive_seed.rs	 M	unstaged/untracked	modified		100644	50417ead691881b476b83cd5a7af6afde8e85273	0:100644:50417ead691881b476b83cd5a7af6afde8e85273	regular	100644	0o644	e0410e747d9b2abd17432a574dc72f0b90a9e8cb	0bd27f98b7cdd489c04d0117ebd2262c28b849f958864b5131dcaaeeb887d98f	9657	velnor-seeds-prep-final/worktree/crates/velnor-runner/crates/velnor-runner-host/src/action_archive_seed.rs.source
/private/tmp/velnor-seeds-prep-final	velnor-seeds-prep-final	0b5e8eb3353256a75281ef62a8f453b8b6ecde6b	0ebc1c7edea7a27b5840671a58dccf18ea736ca9	(detached)	crates/velnor-runner/crates/velnor-runner-host/src/action_archive_seed/preparation.rs	??	unstaged/untracked	untracked					regular	100644	0o644	c55391b673b7848f3dc870d5e091a34297c72228	84d4131e630b9020d13615b0a32526921dedb0b327d4b5c6478e972d7e43ee2b	5648	velnor-seeds-prep-final/worktree/crates/velnor-runner/crates/velnor-runner-host/src/action_archive_seed/preparation.rs.source
/private/tmp/velnor-seeds-prep-final	velnor-seeds-prep-final	0b5e8eb3353256a75281ef62a8f453b8b6ecde6b	0ebc1c7edea7a27b5840671a58dccf18ea736ca9	(detached)	crates/velnor-runner/crates/velnor-runner-host/src/action_archive_seed_tests/preparation_tests.rs	??	unstaged/untracked	untracked					regular	100644	0o644	fddbde1857b5b7c4f2aad308b73c2c48810a34e7	b5dde0d4b4c5aa757e6cbfcca6272a060a58ea477505acd60a89d72e88cafe99	8730	velnor-seeds-prep-final/worktree/crates/velnor-runner/crates/velnor-runner-host/src/action_archive_seed_tests/preparation_tests.rs.source
/private/tmp/velnor-seeds-prep-nogetter	velnor-seeds-prep-nogetter	0b5e8eb3353256a75281ef62a8f453b8b6ecde6b	0ebc1c7edea7a27b5840671a58dccf18ea736ca9	(detached)	crates/velnor-runner/crates/velnor-runner-host/src/action_archive_seed.rs	 M	unstaged/untracked	modified		100644	50417ead691881b476b83cd5a7af6afde8e85273	0:100644:50417ead691881b476b83cd5a7af6afde8e85273	regular	100644	0o644	e0410e747d9b2abd17432a574dc72f0b90a9e8cb	0bd27f98b7cdd489c04d0117ebd2262c28b849f958864b5131dcaaeeb887d98f	9657	velnor-seeds-prep-nogetter/worktree/crates/velnor-runner/crates/velnor-runner-host/src/action_archive_seed.rs.source
/private/tmp/velnor-seeds-prep-nogetter	velnor-seeds-prep-nogetter	0b5e8eb3353256a75281ef62a8f453b8b6ecde6b	0ebc1c7edea7a27b5840671a58dccf18ea736ca9	(detached)	crates/velnor-runner/crates/velnor-runner-host/src/action_archive_seed/preparation.rs	??	unstaged/untracked	untracked					regular	100644	0o644	891081a37ace4e5591a65414bab1a273c520f1e0	6d184ea7ce60a8f5ea021adaf4228367821b36443c22651f33cf590b4cf9c850	5276	velnor-seeds-prep-nogetter/worktree/crates/velnor-runner/crates/velnor-runner-host/src/action_archive_seed/preparation.rs.source
/private/tmp/velnor-seeds-prep-nogetter	velnor-seeds-prep-nogetter	0b5e8eb3353256a75281ef62a8f453b8b6ecde6b	0ebc1c7edea7a27b5840671a58dccf18ea736ca9	(detached)	crates/velnor-runner/crates/velnor-runner-host/src/action_archive_seed_tests/preparation_tests.rs	??	unstaged/untracked	untracked					regular	100644	0o644	fddbde1857b5b7c4f2aad308b73c2c48810a34e7	b5dde0d4b4c5aa757e6cbfcca6272a060a58ea477505acd60a89d72e88cafe99	8730	velnor-seeds-prep-nogetter/worktree/crates/velnor-runner/crates/velnor-runner-host/src/action_archive_seed_tests/preparation_tests.rs.source
/private/tmp/velnor-seeds-prep-test	velnor-seeds-prep-test	0b5e8eb3353256a75281ef62a8f453b8b6ecde6b	0ebc1c7edea7a27b5840671a58dccf18ea736ca9	(detached)	crates/velnor-runner/crates/velnor-runner-host/src/action_archive_seed.rs	 M	unstaged/untracked	modified		100644	50417ead691881b476b83cd5a7af6afde8e85273	0:100644:50417ead691881b476b83cd5a7af6afde8e85273	regular	100644	0o644	e0410e747d9b2abd17432a574dc72f0b90a9e8cb	0bd27f98b7cdd489c04d0117ebd2262c28b849f958864b5131dcaaeeb887d98f	9657	velnor-seeds-prep-test/worktree/crates/velnor-runner/crates/velnor-runner-host/src/action_archive_seed.rs.source
/private/tmp/velnor-seeds-prep-test	velnor-seeds-prep-test	0b5e8eb3353256a75281ef62a8f453b8b6ecde6b	0ebc1c7edea7a27b5840671a58dccf18ea736ca9	(detached)	crates/velnor-runner/crates/velnor-runner-host/src/action_archive_seed/preparation.rs	??	unstaged/untracked	untracked					regular	100644	0o644	c55391b673b7848f3dc870d5e091a34297c72228	84d4131e630b9020d13615b0a32526921dedb0b327d4b5c6478e972d7e43ee2b	5648	velnor-seeds-prep-test/worktree/crates/velnor-runner/crates/velnor-runner-host/src/action_archive_seed/preparation.rs.source
/private/tmp/velnor-seeds-prep-test	velnor-seeds-prep-test	0b5e8eb3353256a75281ef62a8f453b8b6ecde6b	0ebc1c7edea7a27b5840671a58dccf18ea736ca9	(detached)	crates/velnor-runner/crates/velnor-runner-host/src/action_archive_seed_tests/preparation_tests.rs	??	unstaged/untracked	untracked					regular	100644	0o644	03d69211c75be51d4d385da98c49169d0b3fdb5b	1a7ee71f46c79a18df4d823c7820c9095d376938d58ff3c25cd56221d1221853	8676	velnor-seeds-prep-test/worktree/crates/velnor-runner/crates/velnor-runner-host/src/action_archive_seed_tests/preparation_tests.rs.source
/private/tmp/velnor-seeds-recovery-durable-test	velnor-seeds-recovery-durable-test	eaebeb96a8ff53ec9c412870cacd93d8a6461452	c1a404aa5e734eb2e06eed06fe5a23c4191e165d	(detached)	crates/velnor-runner/crates/velnor-runner-host/src/action_archive_seed.rs	 M	unstaged/untracked	modified		100644	e0410e747d9b2abd17432a574dc72f0b90a9e8cb	0:100644:e0410e747d9b2abd17432a574dc72f0b90a9e8cb	regular	100644	0o644	f5f71af916cb7eb656a9df77807f1586e134d6c5	401426f817e6ef7507919b208d99a4902c29dcdfec836290bd66300ea89832ce	9758	velnor-seeds-recovery-durable-test/worktree/crates/velnor-runner/crates/velnor-runner-host/src/action_archive_seed.rs.source
/private/tmp/velnor-seeds-recovery-durable-test	velnor-seeds-recovery-durable-test	eaebeb96a8ff53ec9c412870cacd93d8a6461452	c1a404aa5e734eb2e06eed06fe5a23c4191e165d	(detached)	crates/velnor-runner/crates/velnor-runner-host/src/action_archive_seed/lease.rs	 M	unstaged/untracked	modified		100644	be10443e7e4f4d91e7d567b84d15a923d638e335	0:100644:be10443e7e4f4d91e7d567b84d15a923d638e335	regular	100644	0o644	a378cc962e903db2ef31c0f8627bfaf610d85189	417f1313213dea4d74f72895ed9622b97917cdb7025255ed01659f381d5e69bc	11939	velnor-seeds-recovery-durable-test/worktree/crates/velnor-runner/crates/velnor-runner-host/src/action_archive_seed/lease.rs.source
/private/tmp/velnor-seeds-recovery-durable-test	velnor-seeds-recovery-durable-test	eaebeb96a8ff53ec9c412870cacd93d8a6461452	c1a404aa5e734eb2e06eed06fe5a23c4191e165d	(detached)	crates/velnor-runner/crates/velnor-runner-host/src/action_archive_seed/preparation.rs	 M	unstaged/untracked	modified		100644	891081a37ace4e5591a65414bab1a273c520f1e0	0:100644:891081a37ace4e5591a65414bab1a273c520f1e0	regular	100644	0o644	2d4b160f4eb2c37701f43af3aa256639cce0dab2	09f24959319687abb6e64326075621aeb6b4c11745eaf2a71019f35096b77c62	6768	velnor-seeds-recovery-durable-test/worktree/crates/velnor-runner/crates/velnor-runner-host/src/action_archive_seed/preparation.rs.source
/private/tmp/velnor-seeds-recovery-durable-test	velnor-seeds-recovery-durable-test	eaebeb96a8ff53ec9c412870cacd93d8a6461452	c1a404aa5e734eb2e06eed06fe5a23c4191e165d	(detached)	crates/velnor-runner/crates/velnor-runner-host/src/action_archive_seed_tests/preparation_tests.rs	 M	unstaged/untracked	modified		100644	fddbde1857b5b7c4f2aad308b73c2c48810a34e7	0:100644:fddbde1857b5b7c4f2aad308b73c2c48810a34e7	regular	100644	0o644	74cedf6d31cb50e448d17fad6b5abfb2420f885e	540d3ea6da3ee6fd3104e63f8e2370e286bf3fff99f5b0afa62ae57315d68f1a	10025	velnor-seeds-recovery-durable-test/worktree/crates/velnor-runner/crates/velnor-runner-host/src/action_archive_seed_tests/preparation_tests.rs.source
/private/tmp/velnor-seeds-recovery-durable-test	velnor-seeds-recovery-durable-test	eaebeb96a8ff53ec9c412870cacd93d8a6461452	c1a404aa5e734eb2e06eed06fe5a23c4191e165d	(detached)	crates/velnor-runner/crates/velnor-runner-host/src/action_archive_seed/lease/recovery.rs	??	unstaged/untracked	untracked					regular	100644	0o644	fc00921f24c0fc36cbb7401078bb173f96c808cf	dca324366ef9a67231f94621b9b898f456b6647ed8d240be2bf1cf2aea554a86	2876	velnor-seeds-recovery-durable-test/worktree/crates/velnor-runner/crates/velnor-runner-host/src/action_archive_seed/lease/recovery.rs.source
/private/tmp/velnor-seeds-recovery-durable-test	velnor-seeds-recovery-durable-test	eaebeb96a8ff53ec9c412870cacd93d8a6461452	c1a404aa5e734eb2e06eed06fe5a23c4191e165d	(detached)	crates/velnor-runner/crates/velnor-runner-host/src/action_archive_seed_tests/lease_recovery_tests.rs	??	unstaged/untracked	untracked					regular	100644	0o644	610f1409664e37b23c69ef2aaade8e435101a59a	566ad9813eb777166bfa80c773050d79091911778f446e5c2b5293e84ab05343	11010	velnor-seeds-recovery-durable-test/worktree/crates/velnor-runner/crates/velnor-runner-host/src/action_archive_seed_tests/lease_recovery_tests.rs.source
/private/tmp/velnor-seeds-recovery-isolated	velnor-seeds-recovery-isolated	eaebeb96a8ff53ec9c412870cacd93d8a6461452	c1a404aa5e734eb2e06eed06fe5a23c4191e165d	(detached)	crates/velnor-runner/crates/velnor-runner-host/src/action_archive_seed.rs	 M	unstaged/untracked	modified		100644	e0410e747d9b2abd17432a574dc72f0b90a9e8cb	0:100644:e0410e747d9b2abd17432a574dc72f0b90a9e8cb	regular	100644	0o644	f5f71af916cb7eb656a9df77807f1586e134d6c5	401426f817e6ef7507919b208d99a4902c29dcdfec836290bd66300ea89832ce	9758	velnor-seeds-recovery-isolated/worktree/crates/velnor-runner/crates/velnor-runner-host/src/action_archive_seed.rs.source
/private/tmp/velnor-seeds-recovery-isolated	velnor-seeds-recovery-isolated	eaebeb96a8ff53ec9c412870cacd93d8a6461452	c1a404aa5e734eb2e06eed06fe5a23c4191e165d	(detached)	crates/velnor-runner/crates/velnor-runner-host/src/action_archive_seed/lease.rs	 M	unstaged/untracked	modified		100644	be10443e7e4f4d91e7d567b84d15a923d638e335	0:100644:be10443e7e4f4d91e7d567b84d15a923d638e335	regular	100644	0o644	2bc97876fa9f7ab447daf300765af58f29064549	b7ba1a9bbb34ed2746f384e1cb766ddff5a75cf91fb372f79e7ef68bdf57169b	13422	velnor-seeds-recovery-isolated/worktree/crates/velnor-runner/crates/velnor-runner-host/src/action_archive_seed/lease.rs.source
/private/tmp/velnor-seeds-recovery-isolated	velnor-seeds-recovery-isolated	eaebeb96a8ff53ec9c412870cacd93d8a6461452	c1a404aa5e734eb2e06eed06fe5a23c4191e165d	(detached)	crates/velnor-runner/crates/velnor-runner-host/src/action_archive_seed/preparation.rs	 M	unstaged/untracked	modified		100644	891081a37ace4e5591a65414bab1a273c520f1e0	0:100644:891081a37ace4e5591a65414bab1a273c520f1e0	regular	100644	0o644	2d4b160f4eb2c37701f43af3aa256639cce0dab2	09f24959319687abb6e64326075621aeb6b4c11745eaf2a71019f35096b77c62	6768	velnor-seeds-recovery-isolated/worktree/crates/velnor-runner/crates/velnor-runner-host/src/action_archive_seed/preparation.rs.source
/private/tmp/velnor-seeds-recovery-isolated	velnor-seeds-recovery-isolated	eaebeb96a8ff53ec9c412870cacd93d8a6461452	c1a404aa5e734eb2e06eed06fe5a23c4191e165d	(detached)	crates/velnor-runner/crates/velnor-runner-host/src/action_archive_seed_tests/preparation_tests.rs	 M	unstaged/untracked	modified		100644	fddbde1857b5b7c4f2aad308b73c2c48810a34e7	0:100644:fddbde1857b5b7c4f2aad308b73c2c48810a34e7	regular	100644	0o644	74cedf6d31cb50e448d17fad6b5abfb2420f885e	540d3ea6da3ee6fd3104e63f8e2370e286bf3fff99f5b0afa62ae57315d68f1a	10025	velnor-seeds-recovery-isolated/worktree/crates/velnor-runner/crates/velnor-runner-host/src/action_archive_seed_tests/preparation_tests.rs.source
/private/tmp/velnor-seeds-recovery-isolated	velnor-seeds-recovery-isolated	eaebeb96a8ff53ec9c412870cacd93d8a6461452	c1a404aa5e734eb2e06eed06fe5a23c4191e165d	(detached)	crates/velnor-runner/crates/velnor-runner-host/src/action_archive_seed_tests/lease_recovery_tests.rs	??	unstaged/untracked	untracked					regular	100644	0o644	0acf9e9f4851d7b4cabdcc77ede23ac240ce4bcf	74ddbc55480cafa51ca9df8ae3c65cffffb8418f8c74302cf203df83f9a0dd6b	8578	velnor-seeds-recovery-isolated/worktree/crates/velnor-runner/crates/velnor-runner-host/src/action_archive_seed_tests/lease_recovery_tests.rs.source
/private/tmp/velnor-seeds-recovery-test	velnor-seeds-recovery-test	e7f24f4439a38e1f101cec6ad083e0c587742c64	318ec0bcf85f2319c4e21136ffdce240d1d1f447	(detached)	crates/velnor-runner/crates/velnor-runner-host/src/action_archive_seed.rs	 M	unstaged/untracked	modified		100644	e0410e747d9b2abd17432a574dc72f0b90a9e8cb	0:100644:e0410e747d9b2abd17432a574dc72f0b90a9e8cb	regular	100644	0o644	f5f71af916cb7eb656a9df77807f1586e134d6c5	401426f817e6ef7507919b208d99a4902c29dcdfec836290bd66300ea89832ce	9758	velnor-seeds-recovery-test/worktree/crates/velnor-runner/crates/velnor-runner-host/src/action_archive_seed.rs.source
/private/tmp/velnor-seeds-recovery-test	velnor-seeds-recovery-test	e7f24f4439a38e1f101cec6ad083e0c587742c64	318ec0bcf85f2319c4e21136ffdce240d1d1f447	(detached)	crates/velnor-runner/crates/velnor-runner-host/src/action_archive_seed/lease.rs	 M	unstaged/untracked	modified		100644	be10443e7e4f4d91e7d567b84d15a923d638e335	0:100644:be10443e7e4f4d91e7d567b84d15a923d638e335	regular	100644	0o644	2bc97876fa9f7ab447daf300765af58f29064549	b7ba1a9bbb34ed2746f384e1cb766ddff5a75cf91fb372f79e7ef68bdf57169b	13422	velnor-seeds-recovery-test/worktree/crates/velnor-runner/crates/velnor-runner-host/src/action_archive_seed/lease.rs.source
/private/tmp/velnor-seeds-recovery-test	velnor-seeds-recovery-test	e7f24f4439a38e1f101cec6ad083e0c587742c64	318ec0bcf85f2319c4e21136ffdce240d1d1f447	(detached)	crates/velnor-runner/crates/velnor-runner-host/src/action_archive_seed_tests/lease_recovery_tests.rs	??	unstaged/untracked	untracked					regular	100644	0o644	0acf9e9f4851d7b4cabdcc77ede23ac240ce4bcf	74ddbc55480cafa51ca9df8ae3c65cffffb8418f8c74302cf203df83f9a0dd6b	8578	velnor-seeds-recovery-test/worktree/crates/velnor-runner/crates/velnor-runner-host/src/action_archive_seed_tests/lease_recovery_tests.rs.source
/private/tmp/velnor-seeds-test	velnor-seeds-test	a0d97950d880d37c764d739bbfba09d0d061e1c0	89b83b2ca7d25220b1f584d36e4b658e950693e2	(detached)	crates/velnor-runner/crates/velnor-runner-host/src/lib.rs	 M	unstaged/untracked	modified		100644	707681acc3fb742c584b8de093722cb5fa363cad	0:100644:707681acc3fb742c584b8de093722cb5fa363cad	regular	100644	0o644	ba8ddaff125108d7c84e4fe97a57e15f066f4391	0943a1fd23e422aeb665fd8f7cdddfa641fc8846a92fcc9fcfd14ab39c70cc3a	2409	velnor-seeds-test/worktree/crates/velnor-runner/crates/velnor-runner-host/src/lib.rs.source
